task_id,tokenizer,language,token_count,char_count,category,difficulty
A-ARR-0001v7,tokenizer_v03,toke,44,245,A-ARR,1
A-ARR-0003v63,tokenizer_v03,toke,22,165,A-ARR,1
A-ARR-0005v10,tokenizer_v03,toke,56,288,A-ARR,1
A-ARR-0006v23,tokenizer_v03,toke,45,253,A-ARR,1
A-ARR-0007v18,tokenizer_v03,toke,16,93,A-ARR,1
A-ARR-0008v69,tokenizer_v03,toke,16,125,A-ARR,1
A-ARR-0009v4,tokenizer_v03,toke,47,196,A-ARR,1
A-ARR-0010v41,tokenizer_v03,toke,19,109,A-ARR,1
A-ARR-0011v61,tokenizer_v03,toke,42,218,A-ARR,1
A-ARR-0011v63,tokenizer_v03,toke,43,192,A-ARR,1
A-ARR-0014v66,tokenizer_v03,toke,44,205,A-ARR,1
A-ARR-0015v55,tokenizer_v03,toke,23,112,A-ARR,1
A-ARR-0017v1,tokenizer_v03,toke,37,144,A-ARR,1
A-ARR-0018v28,tokenizer_v03,toke,50,197,A-ARR,1
A-ARR-0018v54,tokenizer_v03,toke,69,295,A-ARR,1
A-ARR-0018v68,tokenizer_v03,toke,37,197,A-ARR,1
A-ARR-0021v1,tokenizer_v03,toke,20,126,A-ARR,1
A-ARR-0021v29,tokenizer_v03,toke,59,299,A-ARR,1
A-ARR-0022v58,tokenizer_v03,toke,66,358,A-ARR,1
A-ARR-0024v21,tokenizer_v03,toke,54,304,A-ARR,1
A-ARR-0025v57,tokenizer_v03,toke,65,268,A-ARR,1
A-ARR-0026v17,tokenizer_v03,toke,37,234,A-ARR,1
A-ARR-0027v10,tokenizer_v03,toke,27,168,A-ARR,1
A-ARR-0028v31,tokenizer_v03,toke,50,271,A-ARR,1
A-ARR-0028v38,tokenizer_v03,toke,31,155,A-ARR,1
A-ARR-0031v64,tokenizer_v03,toke,21,90,A-ARR,1
A-ARR-0032v15,tokenizer_v03,toke,28,140,A-ARR,1
A-ARR-0032v21,tokenizer_v03,toke,44,255,A-ARR,1
A-ARR-0032v46,tokenizer_v03,toke,113,451,A-ARR,1
A-ARR-0033,tokenizer_v03,toke,59,244,A-ARR,1
A-ARR-0033v2,tokenizer_v03,toke,41,201,A-ARR,1
A-ARR-0033v26,tokenizer_v03,toke,63,281,A-ARR,1
A-ARR-0034v28,tokenizer_v03,toke,40,201,A-ARR,1
A-ARR-0035v20,tokenizer_v03,toke,48,267,A-ARR,2
A-ARR-0035v41,tokenizer_v03,toke,74,399,A-ARR,2
A-ARR-0035v54,tokenizer_v03,toke,44,186,A-ARR,2
A-ARR-0037v61,tokenizer_v03,toke,92,451,A-ARR,2
A-ARR-0041v65,tokenizer_v03,toke,28,157,A-ARR,2
A-ARR-0041v69,tokenizer_v03,toke,28,155,A-ARR,2
A-ARR-0042v45,tokenizer_v03,toke,73,363,A-ARR,2
A-ARR-0042v57,tokenizer_v03,toke,26,162,A-ARR,2
A-ARR-0042v63,tokenizer_v03,toke,52,316,A-ARR,2
A-ARR-0043v6,tokenizer_v03,toke,46,285,A-ARR,2
A-ARR-0044v11,tokenizer_v03,toke,27,164,A-ARR,2
A-ARR-0045v8,tokenizer_v03,toke,119,452,A-ARR,2
A-ARR-0046v39,tokenizer_v03,toke,94,490,A-ARR,2
A-ARR-0047v22,tokenizer_v03,toke,55,253,A-ARR,2
A-ARR-0047v68,tokenizer_v03,toke,20,138,A-ARR,2
A-ARR-0048v3,tokenizer_v03,toke,45,263,A-ARR,2
A-ARR-0048v44,tokenizer_v03,toke,62,349,A-ARR,2
A-ARR-0049v13,tokenizer_v03,toke,27,189,A-ARR,2
A-ARR-0049v40,tokenizer_v03,toke,23,150,A-ARR,2
A-ARR-0049v66,tokenizer_v03,toke,25,160,A-ARR,2
A-ARR-0051v63,tokenizer_v03,toke,46,250,A-ARR,2
A-ARR-0052v53,tokenizer_v03,toke,75,406,A-ARR,2
A-ARR-0052v63,tokenizer_v03,toke,39,243,A-ARR,2
A-ARR-0056v65,tokenizer_v03,toke,89,408,A-ARR,2
A-ARR-0057v15,tokenizer_v03,toke,105,518,A-ARR,2
A-ARR-0058v13,tokenizer_v03,toke,58,250,A-ARR,2
A-ARR-0058v24,tokenizer_v03,toke,59,261,A-ARR,2
A-ARR-0063v46,tokenizer_v03,toke,62,278,A-ARR,2
A-ARR-0066v24,tokenizer_v03,toke,60,298,A-ARR,2
A-ARR-0066v53,tokenizer_v03,toke,23,137,A-ARR,2
A-ARR-0066v9,tokenizer_v03,toke,25,129,A-ARR,2
A-ARR-0067v66,tokenizer_v03,toke,21,156,A-ARR,2
A-ARR-0068v30,tokenizer_v03,toke,96,414,A-ARR,2
A-ARR-0069v8,tokenizer_v03,toke,90,393,A-ARR,2
A-ARR-0071v8,tokenizer_v03,toke,122,538,A-ARR,2
A-ARR-0072v13,tokenizer_v03,toke,31,203,A-ARR,2
A-ARR-0072v19,tokenizer_v03,toke,102,435,A-ARR,2
A-ARR-0072v2,tokenizer_v03,toke,54,303,A-ARR,2
A-ARR-0073v68,tokenizer_v03,toke,119,493,A-ARR,2
A-ARR-0074v36,tokenizer_v03,toke,71,381,A-ARR,2
A-ARR-0076v10,tokenizer_v03,toke,32,135,A-ARR,3
A-ARR-0076v30,tokenizer_v03,toke,78,318,A-ARR,3
A-ARR-0076v62,tokenizer_v03,toke,40,199,A-ARR,3
A-ARR-0076v8,tokenizer_v03,toke,59,292,A-ARR,3
A-ARR-0077v34,tokenizer_v03,toke,39,197,A-ARR,3
A-ARR-0077v36,tokenizer_v03,toke,39,199,A-ARR,3
A-ARR-0078v35,tokenizer_v03,toke,62,288,A-ARR,3
A-ARR-0078v57,tokenizer_v03,toke,84,359,A-ARR,3
A-ARR-0079v20,tokenizer_v03,toke,122,541,A-ARR,3
A-ARR-0079v49,tokenizer_v03,toke,49,192,A-ARR,3
A-ARR-0080v55,tokenizer_v03,toke,151,679,A-ARR,3
A-ARR-0080v58,tokenizer_v03,toke,92,440,A-ARR,3
A-ARR-0081v16,tokenizer_v03,toke,58,291,A-ARR,3
A-ARR-0081v23,tokenizer_v03,toke,124,509,A-ARR,3
A-ARR-0081v30,tokenizer_v03,toke,44,223,A-ARR,3
A-ARR-0081v64,tokenizer_v03,toke,43,198,A-ARR,3
A-ARR-0081v66,tokenizer_v03,toke,114,471,A-ARR,3
A-ARR-0082v45,tokenizer_v03,toke,80,359,A-ARR,3
A-ARR-0084v35,tokenizer_v03,toke,62,335,A-ARR,3
A-ARR-0084v55,tokenizer_v03,toke,119,626,A-ARR,3
A-ARR-0084v62,tokenizer_v03,toke,92,443,A-ARR,3
A-ARR-0086,tokenizer_v03,toke,49,297,A-ARR,3
A-ARR-0086v45,tokenizer_v03,toke,123,613,A-ARR,3
A-ARR-0086v57,tokenizer_v03,toke,78,417,A-ARR,3
A-ARR-0087v1,tokenizer_v03,toke,52,335,A-ARR,3
A-ARR-0087v12,tokenizer_v03,toke,102,599,A-ARR,3
A-ARR-0088v12,tokenizer_v03,toke,36,270,A-ARR,3
A-ARR-0088v13,tokenizer_v03,toke,34,239,A-ARR,3
A-ARR-0088v33,tokenizer_v03,toke,67,364,A-ARR,3
A-ARR-0090v13,tokenizer_v03,toke,56,349,A-ARR,3
A-ARR-0091v64,tokenizer_v03,toke,49,307,A-ARR,2
A-ARR-0092v1,tokenizer_v03,toke,41,315,A-ARR,2
A-ARR-0092v19,tokenizer_v03,toke,87,439,A-ARR,2
A-ARR-0094v16,tokenizer_v03,toke,66,335,A-ARR,2
A-ARR-0094v17,tokenizer_v03,toke,75,419,A-ARR,2
A-ARR-0096v36,tokenizer_v03,toke,66,450,A-ARR,2
A-ARR-0096v66,tokenizer_v03,toke,45,335,A-ARR,2
A-ARR-0099v32,tokenizer_v03,toke,43,294,A-ARR,2
A-ARR-0103,tokenizer_v03,toke,48,238,A-ARR,2
A-ARR-0105v25,tokenizer_v03,toke,32,186,A-ARR,2
A-ARR-0105v37,tokenizer_v03,toke,74,315,A-ARR,2
A-ARR-0105v67,tokenizer_v03,toke,29,171,A-ARR,2
A-ARR-0107v49,tokenizer_v03,toke,30,179,A-ARR,2
A-ARR-0108v11,tokenizer_v03,toke,89,444,A-ARR,2
A-ARR-0112v42,tokenizer_v03,toke,104,469,A-ARR,2
A-ARR-0112v52,tokenizer_v03,toke,107,442,A-ARR,2
A-ARR-0113v39,tokenizer_v03,toke,31,213,A-ARR,3
A-ARR-0114v12,tokenizer_v03,toke,64,358,A-ARR,3
A-ARR-0116v40,tokenizer_v03,toke,58,264,A-ARR,2
A-ARR-0116v59,tokenizer_v03,toke,17,169,A-ARR,2
A-ARR-0117v38,tokenizer_v03,toke,57,291,A-ARR,2
A-ARR-0117v40,tokenizer_v03,toke,39,257,A-ARR,2
A-ARR-0117v9,tokenizer_v03,toke,21,147,A-ARR,2
A-ARR-0118v9,tokenizer_v03,toke,21,137,A-ARR,2
A-ARR-0119v6,tokenizer_v03,toke,49,262,A-ARR,3
A-CND-0005v22,tokenizer_v03,toke,54,205,A-CND,1
A-CND-0008v82,tokenizer_v03,toke,78,290,A-CND,1
A-CND-0012v42,tokenizer_v03,toke,38,156,A-CND,1
A-CND-0013v51,tokenizer_v03,toke,73,326,A-CND,1
A-CND-0014v38,tokenizer_v03,toke,18,82,A-CND,1
A-CND-0015v75,tokenizer_v03,toke,37,187,A-CND,1
A-CND-0017v20,tokenizer_v03,toke,60,233,A-CND,1
A-CND-0020v70,tokenizer_v03,toke,48,242,A-CND,1
A-CND-0024v9,tokenizer_v03,toke,52,204,A-CND,1
A-CND-0029v44,tokenizer_v03,toke,57,285,A-CND,1
A-CND-0029v48,tokenizer_v03,toke,25,117,A-CND,1
A-CND-0032v49,tokenizer_v03,toke,38,185,A-CND,1
A-CND-0034v67,tokenizer_v03,toke,59,315,A-CND,1
A-CND-0038v23,tokenizer_v03,toke,60,291,A-CND,1
A-CND-0040v16,tokenizer_v03,toke,49,156,A-CND,2
A-CND-0040v83,tokenizer_v03,toke,39,184,A-CND,2
A-CND-0041v48,tokenizer_v03,toke,86,348,A-CND,2
A-CND-0041v66,tokenizer_v03,toke,84,288,A-CND,2
A-CND-0042v25,tokenizer_v03,toke,56,225,A-CND,2
A-CND-0042v37,tokenizer_v03,toke,48,153,A-CND,2
A-CND-0042v41,tokenizer_v03,toke,41,121,A-CND,2
A-CND-0043v16,tokenizer_v03,toke,75,266,A-CND,2
A-CND-0043v45,tokenizer_v03,toke,97,309,A-CND,2
A-CND-0043v48,tokenizer_v03,toke,75,256,A-CND,2
A-CND-0043v72,tokenizer_v03,toke,88,271,A-CND,2
A-CND-0044,tokenizer_v03,toke,46,159,A-CND,2
A-CND-0044v21,tokenizer_v03,toke,100,344,A-CND,2
A-CND-0044v36,tokenizer_v03,toke,101,374,A-CND,2
A-CND-0044v47,tokenizer_v03,toke,71,215,A-CND,2
A-CND-0044v55,tokenizer_v03,toke,88,331,A-CND,2
A-CND-0044v8,tokenizer_v03,toke,84,335,A-CND,2
A-CND-0046v72,tokenizer_v03,toke,59,256,A-CND,2
A-CND-0047v49,tokenizer_v03,toke,102,323,A-CND,2
A-CND-0047v71,tokenizer_v03,toke,73,276,A-CND,2
A-CND-0048v38,tokenizer_v03,toke,82,323,A-CND,2
A-CND-0049v27,tokenizer_v03,toke,60,183,A-CND,2
A-CND-0050v18,tokenizer_v03,toke,138,448,A-CND,3
A-CND-0050v4,tokenizer_v03,toke,176,621,A-CND,3
A-CND-0050v43,tokenizer_v03,toke,145,612,A-CND,3
A-CND-0050v44,tokenizer_v03,toke,74,267,A-CND,3
A-CND-0050v46,tokenizer_v03,toke,81,257,A-CND,3
A-CND-0050v47,tokenizer_v03,toke,153,487,A-CND,3
A-CND-0050v58,tokenizer_v03,toke,150,478,A-CND,3
A-CND-0050v74,tokenizer_v03,toke,217,693,A-CND,3
A-CND-0050v8,tokenizer_v03,toke,74,225,A-CND,3
A-CND-0051v24,tokenizer_v03,toke,74,221,A-CND,3
A-CND-0051v28,tokenizer_v03,toke,57,246,A-CND,3
A-CND-0051v35,tokenizer_v03,toke,128,466,A-CND,3
A-CND-0051v42,tokenizer_v03,toke,54,200,A-CND,3
A-CND-0051v47,tokenizer_v03,toke,43,211,A-CND,3
A-CND-0051v48,tokenizer_v03,toke,135,478,A-CND,3
A-CND-0051v69,tokenizer_v03,toke,102,455,A-CND,3
A-CND-0051v72,tokenizer_v03,toke,104,441,A-CND,3
A-CND-0051v81,tokenizer_v03,toke,79,419,A-CND,3
A-CND-0052v15,tokenizer_v03,toke,69,378,A-CND,3
A-CND-0052v35,tokenizer_v03,toke,81,435,A-CND,3
A-CND-0052v41,tokenizer_v03,toke,95,477,A-CND,3
A-CND-0052v80,tokenizer_v03,toke,83,456,A-CND,3
A-CND-0053v60,tokenizer_v03,toke,57,207,A-CND,2
A-CND-0053v77,tokenizer_v03,toke,64,231,A-CND,2
A-CND-0054v17,tokenizer_v03,toke,63,292,A-CND,3
A-CND-0054v18,tokenizer_v03,toke,54,278,A-CND,3
A-CND-0054v26,tokenizer_v03,toke,54,278,A-CND,3
A-CND-0054v36,tokenizer_v03,toke,120,540,A-CND,3
A-CND-0054v5,tokenizer_v03,toke,105,502,A-CND,3
A-CND-0054v75,tokenizer_v03,toke,62,312,A-CND,3
A-CND-0054v9,tokenizer_v03,toke,51,260,A-CND,3
A-CND-0056v64,tokenizer_v03,toke,57,150,A-CND,1
A-CND-0058v19,tokenizer_v03,toke,57,278,A-CND,1
A-CND-0059v20,tokenizer_v03,toke,83,326,A-CND,1
A-CND-0059v6,tokenizer_v03,toke,104,442,A-CND,1
A-CND-0064v12,tokenizer_v03,toke,71,227,A-CND,2
A-CND-0064v5,tokenizer_v03,toke,88,350,A-CND,2
A-CND-0065v17,tokenizer_v03,toke,80,344,A-CND,2
A-CND-0065v45,tokenizer_v03,toke,60,183,A-CND,2
A-CND-0065v55,tokenizer_v03,toke,75,333,A-CND,2
A-CND-0065v58,tokenizer_v03,toke,80,344,A-CND,2
A-CND-0065v59,tokenizer_v03,toke,55,182,A-CND,2
A-CND-0066v15,tokenizer_v03,toke,69,195,A-CND,2
A-CND-0067v4,tokenizer_v03,toke,38,167,A-CND,2
A-CND-0067v43,tokenizer_v03,toke,36,212,A-CND,2
A-CND-0068v44,tokenizer_v03,toke,78,299,A-CND,2
A-CND-0069v11,tokenizer_v03,toke,78,403,A-CND,2
A-CND-0069v16,tokenizer_v03,toke,45,156,A-CND,2
A-CND-0069v35,tokenizer_v03,toke,80,394,A-CND,2
A-CND-0070v19,tokenizer_v03,toke,88,404,A-CND,1
A-CND-0070v27,tokenizer_v03,toke,100,346,A-CND,1
A-CND-0070v58,tokenizer_v03,toke,70,337,A-CND,1
A-CND-0071v16,tokenizer_v03,toke,21,91,A-CND,1
A-CND-0072v17,tokenizer_v03,toke,63,233,A-CND,2
A-CND-0072v24,tokenizer_v03,toke,124,401,A-CND,2
A-CND-0072v75,tokenizer_v03,toke,67,215,A-CND,2
A-CND-0073v21,tokenizer_v03,toke,30,147,A-CND,1
A-CND-0073v48,tokenizer_v03,toke,72,233,A-CND,1
A-CND-0073v66,tokenizer_v03,toke,39,148,A-CND,1
A-CND-0074v11,tokenizer_v03,toke,49,253,A-CND,2
A-CND-0075v32,tokenizer_v03,toke,52,155,A-CND,2
A-CND-0075v38,tokenizer_v03,toke,131,426,A-CND,2
A-CND-0075v50,tokenizer_v03,toke,128,420,A-CND,2
A-CND-0077v44,tokenizer_v03,toke,107,278,A-CND,2
A-CND-0078v54,tokenizer_v03,toke,126,497,A-CND,2
A-CND-0078v56,tokenizer_v03,toke,32,149,A-CND,2
A-CND-0078v7,tokenizer_v03,toke,34,180,A-CND,2
A-CND-0080v79,tokenizer_v03,toke,61,269,A-CND,1
A-CND-0082v55,tokenizer_v03,toke,52,194,A-CND,1
A-CND-0083v17,tokenizer_v03,toke,19,88,A-CND,1
A-CND-0083v74,tokenizer_v03,toke,58,244,A-CND,1
A-CND-0084v83,tokenizer_v03,toke,27,136,A-CND,1
A-CND-0085v71,tokenizer_v03,toke,43,190,A-CND,1
A-CND-0087v75,tokenizer_v03,toke,61,315,A-CND,1
A-CND-0088v7,tokenizer_v03,toke,64,261,A-CND,1
A-CND-0088v70,tokenizer_v03,toke,23,92,A-CND,1
A-CND-0089v2,tokenizer_v03,toke,48,174,A-CND,2
A-CND-0090v14,tokenizer_v03,toke,34,113,A-CND,1
A-CND-0090v65,tokenizer_v03,toke,71,246,A-CND,1
A-CND-0091v1,tokenizer_v03,toke,53,204,A-CND,2
A-CND-0091v30,tokenizer_v03,toke,43,188,A-CND,2
A-CND-0091v68,tokenizer_v03,toke,34,168,A-CND,2
A-CND-0091v81,tokenizer_v03,toke,74,311,A-CND,2
A-CND-0092v10,tokenizer_v03,toke,52,213,A-CND,2
A-CND-0092v31,tokenizer_v03,toke,43,229,A-CND,2
A-CND-0092v50,tokenizer_v03,toke,66,288,A-CND,2
A-CND-0092v56,tokenizer_v03,toke,66,287,A-CND,2
A-CND-0093v40,tokenizer_v03,toke,40,150,A-CND,2
A-CND-0094v29,tokenizer_v03,toke,45,197,A-CND,2
A-CND-0094v58,tokenizer_v03,toke,15,75,A-CND,2
A-CND-0095v27,tokenizer_v03,toke,30,178,A-CND,2
A-CND-0095v46,tokenizer_v03,toke,62,268,A-CND,2
A-CND-0096v25,tokenizer_v03,toke,39,151,A-CND,2
A-CND-0096v63,tokenizer_v03,toke,36,160,A-CND,2
A-CND-0097v34,tokenizer_v03,toke,26,123,A-CND,2
A-CND-0097v37,tokenizer_v03,toke,29,113,A-CND,2
A-CND-0098v60,tokenizer_v03,toke,117,453,A-CND,2
A-CND-0098v76,tokenizer_v03,toke,95,442,A-CND,2
A-ERR-0003v19,tokenizer_v03,toke,79,332,A-ERR,1
A-ERR-0003v85,tokenizer_v03,toke,59,211,A-ERR,1
A-ERR-0004v57,tokenizer_v03,toke,108,450,A-ERR,1
A-ERR-0005v24,tokenizer_v03,toke,62,256,A-ERR,1
A-ERR-0007v72,tokenizer_v03,toke,83,408,A-ERR,1
A-ERR-0009v55,tokenizer_v03,toke,46,191,A-ERR,1
A-ERR-0009v64,tokenizer_v03,toke,81,355,A-ERR,1
A-ERR-0010v24,tokenizer_v03,toke,81,338,A-ERR,1
A-ERR-0010v25,tokenizer_v03,toke,44,179,A-ERR,1
A-ERR-0011v18,tokenizer_v03,toke,46,185,A-ERR,1
A-ERR-0011v35,tokenizer_v03,toke,64,313,A-ERR,1
A-ERR-0012v52,tokenizer_v03,toke,43,192,A-ERR,1
A-ERR-0013v77,tokenizer_v03,toke,79,377,A-ERR,1
A-ERR-0014v15,tokenizer_v03,toke,75,335,A-ERR,1
A-ERR-0014v55,tokenizer_v03,toke,43,195,A-ERR,1
A-ERR-0015v74,tokenizer_v03,toke,46,192,A-ERR,1
A-ERR-0018v10,tokenizer_v03,toke,66,256,A-ERR,2
A-ERR-0018v29,tokenizer_v03,toke,149,604,A-ERR,2
A-ERR-0018v59,tokenizer_v03,toke,243,791,A-ERR,2
A-ERR-0018v77,tokenizer_v03,toke,112,392,A-ERR,2
A-ERR-0019v37,tokenizer_v03,toke,93,356,A-ERR,2
A-ERR-0020v67,tokenizer_v03,toke,54,228,A-ERR,2
A-ERR-0020v86,tokenizer_v03,toke,55,220,A-ERR,2
A-ERR-0021v48,tokenizer_v03,toke,45,203,A-ERR,2
A-ERR-0022v50,tokenizer_v03,toke,79,351,A-ERR,2
A-ERR-0022v62,tokenizer_v03,toke,79,333,A-ERR,2
A-ERR-0022v65,tokenizer_v03,toke,120,439,A-ERR,2
A-ERR-0023v71,tokenizer_v03,toke,107,382,A-ERR,2
A-ERR-0024v57,tokenizer_v03,toke,162,487,A-ERR,2
A-ERR-0024v63,tokenizer_v03,toke,168,595,A-ERR,2
A-ERR-0025v29,tokenizer_v03,toke,162,644,A-ERR,3
A-ERR-0025v68,tokenizer_v03,toke,155,582,A-ERR,3
A-ERR-0026v83,tokenizer_v03,toke,125,548,A-ERR,3
A-ERR-0028v31,tokenizer_v03,toke,149,597,A-ERR,3
A-ERR-0028v62,tokenizer_v03,toke,123,513,A-ERR,3
A-ERR-0028v76,tokenizer_v03,toke,147,564,A-ERR,3
A-ERR-0030v55,tokenizer_v03,toke,148,548,A-ERR,3
A-ERR-0030v64,tokenizer_v03,toke,178,623,A-ERR,3
A-ERR-0030v83,tokenizer_v03,toke,169,636,A-ERR,3
A-ERR-0031v44,tokenizer_v03,toke,148,583,A-ERR,3
A-ERR-0033v23,tokenizer_v03,toke,112,409,A-ERR,1
A-ERR-0034v81,tokenizer_v03,toke,80,290,A-ERR,1
A-ERR-0036v44,tokenizer_v03,toke,41,229,A-ERR,2
A-ERR-0036v48,tokenizer_v03,toke,86,419,A-ERR,2
A-ERR-0036v76,tokenizer_v03,toke,107,475,A-ERR,2
A-ERR-0038v13,tokenizer_v03,toke,47,230,A-ERR,2
A-ERR-0038v66,tokenizer_v03,toke,47,231,A-ERR,2
A-ERR-0039v39,tokenizer_v03,toke,95,436,A-ERR,2
A-ERR-0039v44,tokenizer_v03,toke,103,479,A-ERR,2
A-ERR-0041v13,tokenizer_v03,toke,52,222,A-ERR,2
A-ERR-0041v27,tokenizer_v03,toke,93,455,A-ERR,2
A-ERR-0041v28,tokenizer_v03,toke,47,225,A-ERR,2
A-ERR-0041v62,tokenizer_v03,toke,47,217,A-ERR,2
A-ERR-0041v7,tokenizer_v03,toke,87,428,A-ERR,2
A-ERR-0041v81,tokenizer_v03,toke,42,222,A-ERR,2
A-ERR-0041v83,tokenizer_v03,toke,72,362,A-ERR,2
A-ERR-0042v25,tokenizer_v03,toke,95,352,A-ERR,2
A-ERR-0042v68,tokenizer_v03,toke,84,342,A-ERR,2
A-ERR-0042v83,tokenizer_v03,toke,46,210,A-ERR,2
A-ERR-0043v15,tokenizer_v03,toke,42,193,A-ERR,2
A-ERR-0043v57,tokenizer_v03,toke,83,335,A-ERR,2
A-ERR-0044v5,tokenizer_v03,toke,160,644,A-ERR,2
A-ERR-0044v65,tokenizer_v03,toke,91,371,A-ERR,2
A-ERR-0045v30,tokenizer_v03,toke,84,418,A-ERR,2
A-ERR-0045v41,tokenizer_v03,toke,105,476,A-ERR,2
A-ERR-0045v58,tokenizer_v03,toke,52,267,A-ERR,2
A-ERR-0045v7,tokenizer_v03,toke,87,428,A-ERR,2
A-ERR-0046v33,tokenizer_v03,toke,90,405,A-ERR,1
A-ERR-0046v51,tokenizer_v03,toke,83,381,A-ERR,1
A-ERR-0046v72,tokenizer_v03,toke,95,378,A-ERR,1
A-ERR-0047v1,tokenizer_v03,toke,85,316,A-ERR,2
A-ERR-0047v86,tokenizer_v03,toke,56,232,A-ERR,2
A-ERR-0048v11,tokenizer_v03,toke,126,515,A-ERR,2
A-ERR-0048v22,tokenizer_v03,toke,89,303,A-ERR,2
A-ERR-0049v15,tokenizer_v03,toke,90,349,A-ERR,2
A-ERR-0049v39,tokenizer_v03,toke,76,287,A-ERR,2
A-ERR-0050v3,tokenizer_v03,toke,49,192,A-ERR,1
A-ERR-0050v9,tokenizer_v03,toke,71,309,A-ERR,1
A-ERR-0052v69,tokenizer_v03,toke,110,465,A-ERR,1
A-ERR-0053v50,tokenizer_v03,toke,71,320,A-ERR,1
A-ERR-0053v72,tokenizer_v03,toke,81,349,A-ERR,1
A-ERR-0053v87,tokenizer_v03,toke,76,335,A-ERR,1
A-ERR-0054v35,tokenizer_v03,toke,44,223,A-ERR,1
A-ERR-0054v46,tokenizer_v03,toke,85,400,A-ERR,1
A-ERR-0055v48,tokenizer_v03,toke,41,163,A-ERR,1
A-ERR-0055v53,tokenizer_v03,toke,41,163,A-ERR,1
A-ERR-0056v44,tokenizer_v03,toke,105,427,A-ERR,1
A-ERR-0057v27,tokenizer_v03,toke,86,393,A-ERR,1
A-ERR-0059v14,tokenizer_v03,toke,126,491,A-ERR,2
A-ERR-0059v20,tokenizer_v03,toke,120,424,A-ERR,2
A-ERR-0059v55,tokenizer_v03,toke,88,390,A-ERR,2
A-ERR-0060v18,tokenizer_v03,toke,88,395,A-ERR,2
A-ERR-0061v48,tokenizer_v03,toke,94,374,A-ERR,2
A-ERR-0062v22,tokenizer_v03,toke,94,454,A-ERR,2
A-ERR-0062v52,tokenizer_v03,toke,97,437,A-ERR,2
A-ERR-0064v3,tokenizer_v03,toke,105,437,A-ERR,3
A-ERR-0065v18,tokenizer_v03,toke,96,405,A-ERR,3
A-ERR-0065v3,tokenizer_v03,toke,120,512,A-ERR,3
A-ERR-0066v31,tokenizer_v03,toke,36,191,A-ERR,3
A-ERR-0067v62,tokenizer_v03,toke,112,452,A-ERR,2
A-ERR-0069v49,tokenizer_v03,toke,38,146,A-ERR,2
A-ERR-0071v56,tokenizer_v03,toke,117,601,A-ERR,2
A-ERR-0074v22,tokenizer_v03,toke,98,415,A-ERR,3
A-ERR-0074v23,tokenizer_v03,toke,108,434,A-ERR,3
A-ERR-0074v36,tokenizer_v03,toke,112,503,A-ERR,3
A-ERR-0074v49,tokenizer_v03,toke,60,246,A-ERR,3
A-ERR-0076v10,tokenizer_v03,toke,108,527,A-ERR,2
A-ERR-0076v45,tokenizer_v03,toke,108,505,A-ERR,2
A-ERR-0076v86,tokenizer_v03,toke,59,264,A-ERR,2
A-ERR-0077,tokenizer_v03,toke,144,527,A-ERR,2
A-ERR-0077v30,tokenizer_v03,toke,142,615,A-ERR,2
A-ERR-0078v10,tokenizer_v03,toke,76,369,A-ERR,2
A-ERR-0078v11,tokenizer_v03,toke,68,282,A-ERR,2
A-ERR-0078v33,tokenizer_v03,toke,66,313,A-ERR,2
A-ERR-0079v81,tokenizer_v03,toke,108,478,A-ERR,2
A-ERR-0080v37,tokenizer_v03,toke,114,446,A-ERR,3
A-ERR-0081,tokenizer_v03,toke,92,342,A-ERR,3
A-ERR-0081v17,tokenizer_v03,toke,105,461,A-ERR,3
A-ERR-0082v61,tokenizer_v03,toke,131,535,A-ERR,3
A-ERR-0083v25,tokenizer_v03,toke,135,483,A-ERR,3
A-ERR-0084v15,tokenizer_v03,toke,88,359,A-ERR,3
A-ERR-0085v2,tokenizer_v03,toke,107,420,A-ERR,3
A-ERR-0086v55,tokenizer_v03,toke,125,557,A-ERR,3
A-ERR-0088v75,tokenizer_v03,toke,126,544,A-ERR,3
A-ERR-0089v26,tokenizer_v03,toke,47,231,A-ERR,3
A-ERR-0089v40,tokenizer_v03,toke,124,562,A-ERR,3
A-ERR-0091v33,tokenizer_v03,toke,53,226,A-ERR,3
A-ERR-0092v26,tokenizer_v03,toke,158,636,A-ERR,2
A-ERR-0092v4,tokenizer_v03,toke,145,630,A-ERR,2
A-ERR-0093v7,tokenizer_v03,toke,91,425,A-ERR,3
A-ERR-0094v31,tokenizer_v03,toke,57,291,A-ERR,3
A-ERR-0095v19,tokenizer_v03,toke,81,364,A-ERR,3
A-MTH-0001v3,tokenizer_v03,toke,36,194,A-MTH,1
A-MTH-0002v3,tokenizer_v03,toke,17,126,A-MTH,1
A-MTH-0005v54,tokenizer_v03,toke,32,173,A-MTH,1
A-MTH-0005v69,tokenizer_v03,toke,62,274,A-MTH,1
A-MTH-0010v43,tokenizer_v03,toke,44,168,A-MTH,1
A-MTH-0010v60,tokenizer_v03,toke,94,368,A-MTH,1
A-MTH-0011v8,tokenizer_v03,toke,42,184,A-MTH,1
A-MTH-0017v11,tokenizer_v03,toke,28,133,A-MTH,1
A-MTH-0019v4,tokenizer_v03,toke,43,173,A-MTH,1
A-MTH-0019v7,tokenizer_v03,toke,41,161,A-MTH,1
A-MTH-0020,tokenizer_v03,toke,47,159,A-MTH,1
A-MTH-0023v36,tokenizer_v03,toke,54,246,A-MTH,1
A-MTH-0024v26,tokenizer_v03,toke,57,213,A-MTH,1
A-MTH-0024v44,tokenizer_v03,toke,53,251,A-MTH,1
A-MTH-0025v43,tokenizer_v03,toke,71,298,A-MTH,1
A-MTH-0025v67,tokenizer_v03,toke,23,131,A-MTH,1
A-MTH-0026v48,tokenizer_v03,toke,39,164,A-MTH,1
A-MTH-0027v65,tokenizer_v03,toke,31,143,A-MTH,1
A-MTH-0029v28,tokenizer_v03,toke,15,73,A-MTH,1
A-MTH-0032v15,tokenizer_v03,toke,48,205,A-MTH,1
A-MTH-0032v35,tokenizer_v03,toke,53,237,A-MTH,1
A-MTH-0036v17,tokenizer_v03,toke,71,290,A-MTH,1
A-MTH-0037v44,tokenizer_v03,toke,16,93,A-MTH,1
A-MTH-0038v7,tokenizer_v03,toke,20,114,A-MTH,1
A-MTH-0039v35,tokenizer_v03,toke,15,62,A-MTH,1
A-MTH-0040v23,tokenizer_v03,toke,25,127,A-MTH,2
A-MTH-0041v24,tokenizer_v03,toke,53,309,A-MTH,2
A-MTH-0042v15,tokenizer_v03,toke,52,252,A-MTH,2
A-MTH-0043v24,tokenizer_v03,toke,48,250,A-MTH,2
A-MTH-0043v65,tokenizer_v03,toke,27,159,A-MTH,2
A-MTH-0044v57,tokenizer_v03,toke,20,126,A-MTH,2
A-MTH-0045v25,tokenizer_v03,toke,45,248,A-MTH,2
A-MTH-0045v29,tokenizer_v03,toke,44,214,A-MTH,2
A-MTH-0046v2,tokenizer_v03,toke,57,214,A-MTH,2
A-MTH-0046v35,tokenizer_v03,toke,73,259,A-MTH,2
A-MTH-0047v12,tokenizer_v03,toke,64,272,A-MTH,2
A-MTH-0047v44,tokenizer_v03,toke,73,326,A-MTH,2
A-MTH-0047v51,tokenizer_v03,toke,40,191,A-MTH,2
A-MTH-0048v65,tokenizer_v03,toke,68,256,A-MTH,2
A-MTH-0050v55,tokenizer_v03,toke,35,176,A-MTH,2
A-MTH-0051v15,tokenizer_v03,toke,43,202,A-MTH,2
A-MTH-0054v59,tokenizer_v03,toke,71,291,A-MTH,2
A-MTH-0055v1,tokenizer_v03,toke,53,194,A-MTH,2
A-MTH-0055v14,tokenizer_v03,toke,66,291,A-MTH,2
A-MTH-0055v56,tokenizer_v03,toke,74,313,A-MTH,2
A-MTH-0055v65,tokenizer_v03,toke,36,185,A-MTH,2
A-MTH-0056v7,tokenizer_v03,toke,85,374,A-MTH,2
A-MTH-0058v24,tokenizer_v03,toke,66,310,A-MTH,3
A-MTH-0058v36,tokenizer_v03,toke,37,197,A-MTH,3
A-MTH-0058v47,tokenizer_v03,toke,81,297,A-MTH,3
A-MTH-0058v61,tokenizer_v03,toke,24,185,A-MTH,3
A-MTH-0059v15,tokenizer_v03,toke,53,260,A-MTH,3
A-MTH-0059v43,tokenizer_v03,toke,74,293,A-MTH,3
A-MTH-0060v48,tokenizer_v03,toke,95,455,A-MTH,3
A-MTH-0060v49,tokenizer_v03,toke,87,430,A-MTH,3
A-MTH-0061v1,tokenizer_v03,toke,108,387,A-MTH,3
A-MTH-0063v25,tokenizer_v03,toke,58,278,A-MTH,3
A-MTH-0063v67,tokenizer_v03,toke,33,165,A-MTH,3
A-MTH-0063v9,tokenizer_v03,toke,61,314,A-MTH,3
A-MTH-0064v4,tokenizer_v03,toke,53,276,A-MTH,2
A-MTH-0065v26,tokenizer_v03,toke,65,347,A-MTH,2
A-MTH-0065v38,tokenizer_v03,toke,57,323,A-MTH,2
A-MTH-0065v9,tokenizer_v03,toke,51,246,A-MTH,2
A-MTH-0066v21,tokenizer_v03,toke,48,251,A-MTH,2
A-MTH-0066v40,tokenizer_v03,toke,51,292,A-MTH,2
A-MTH-0067v15,tokenizer_v03,toke,79,372,A-MTH,2
A-MTH-0067v41,tokenizer_v03,toke,92,397,A-MTH,2
A-MTH-0068v54,tokenizer_v03,toke,41,264,A-MTH,3
A-MTH-0069v17,tokenizer_v03,toke,29,131,A-MTH,3
A-MTH-0069v64,tokenizer_v03,toke,37,180,A-MTH,3
A-MTH-0071v44,tokenizer_v03,toke,43,168,A-MTH,1
A-MTH-0072v25,tokenizer_v03,toke,53,235,A-MTH,2
A-MTH-0074,tokenizer_v03,toke,39,186,A-MTH,3
A-MTH-0074v27,tokenizer_v03,toke,68,282,A-MTH,3
A-MTH-0074v32,tokenizer_v03,toke,99,425,A-MTH,3
A-MTH-0074v42,tokenizer_v03,toke,72,348,A-MTH,3
A-MTH-0074v63,tokenizer_v03,toke,64,254,A-MTH,3
A-MTH-0077v25,tokenizer_v03,toke,22,148,A-MTH,1
A-MTH-0077v41,tokenizer_v03,toke,24,140,A-MTH,1
A-MTH-0078v58,tokenizer_v03,toke,66,253,A-MTH,1
A-MTH-0079v45,tokenizer_v03,toke,54,244,A-MTH,1
A-MTH-0080v10,tokenizer_v03,toke,49,225,A-MTH,1
A-MTH-0081v17,tokenizer_v03,toke,46,152,A-MTH,2
A-MTH-0084v13,tokenizer_v03,toke,39,160,A-MTH,2
A-MTH-0085v14,tokenizer_v03,toke,27,91,A-MTH,2
A-MTH-0085v35,tokenizer_v03,toke,65,277,A-MTH,2
A-MTH-0087v37,tokenizer_v03,toke,23,94,A-MTH,2
A-MTH-0088v41,tokenizer_v03,toke,83,353,A-MTH,2
A-MTH-0089v34,tokenizer_v03,toke,33,166,A-MTH,2
A-MTH-0089v4,tokenizer_v03,toke,64,265,A-MTH,2
A-MTH-0090v45,tokenizer_v03,toke,31,140,A-MTH,2
A-MTH-0091,tokenizer_v03,toke,60,264,A-MTH,2
A-MTH-0091v23,tokenizer_v03,toke,71,263,A-MTH,2
A-MTH-0091v46,tokenizer_v03,toke,57,240,A-MTH,2
A-MTH-0094v29,tokenizer_v03,toke,31,156,A-MTH,2
A-MTH-0094v39,tokenizer_v03,toke,37,190,A-MTH,2
A-MTH-0095v9,tokenizer_v03,toke,80,321,A-MTH,2
A-MTH-0097v38,tokenizer_v03,toke,65,257,A-MTH,2
A-MTH-0097v56,tokenizer_v03,toke,57,248,A-MTH,2
A-MTH-0097v9,tokenizer_v03,toke,129,464,A-MTH,2
A-MTH-0098v31,tokenizer_v03,toke,67,317,A-MTH,2
A-MTH-0099,tokenizer_v03,toke,66,239,A-MTH,3
A-MTH-0101v4,tokenizer_v03,toke,65,319,A-MTH,2
A-MTH-0102v68,tokenizer_v03,toke,38,195,A-MTH,2
A-MTH-0103v13,tokenizer_v03,toke,110,404,A-MTH,3
A-MTH-0103v54,tokenizer_v03,toke,114,378,A-MTH,3
A-MTH-0103v59,tokenizer_v03,toke,60,243,A-MTH,3
A-MTH-0103v6,tokenizer_v03,toke,99,365,A-MTH,3
A-MTH-0103v67,tokenizer_v03,toke,66,195,A-MTH,3
A-MTH-0104v37,tokenizer_v03,toke,45,216,A-MTH,2
A-MTH-0104v49,tokenizer_v03,toke,29,118,A-MTH,2
A-MTH-0104v9,tokenizer_v03,toke,37,169,A-MTH,2
A-MTH-0105v14,tokenizer_v03,toke,31,155,A-MTH,2
A-MTH-0106v33,tokenizer_v03,toke,38,208,A-MTH,2
A-MTH-0108,tokenizer_v03,toke,46,211,A-MTH,3
A-MTH-0108v22,tokenizer_v03,toke,65,322,A-MTH,3
A-MTH-0108v23,tokenizer_v03,toke,64,308,A-MTH,3
A-MTH-0108v29,tokenizer_v03,toke,65,319,A-MTH,3
A-MTH-0108v34,tokenizer_v03,toke,70,316,A-MTH,3
A-MTH-0109v43,tokenizer_v03,toke,77,273,A-MTH,2
A-MTH-0110v35,tokenizer_v03,toke,126,422,A-MTH,3
A-MTH-0110v62,tokenizer_v03,toke,119,406,A-MTH,3
A-MTH-0115v42,tokenizer_v03,toke,94,443,A-MTH,2
A-MTH-0115v49,tokenizer_v03,toke,93,375,A-MTH,2
A-MTH-0115v61,tokenizer_v03,toke,82,407,A-MTH,2
A-MTH-0116v26,tokenizer_v03,toke,22,84,A-MTH,1
A-MTH-0116v44,tokenizer_v03,toke,45,169,A-MTH,1
A-MTH-0119v8,tokenizer_v03,toke,32,120,A-MTH,2
A-SRT-0001v10,tokenizer_v03,toke,51,275,A-SRT,1
A-SRT-0001v24,tokenizer_v03,toke,62,308,A-SRT,1
A-SRT-0001v44,tokenizer_v03,toke,113,480,A-SRT,1
A-SRT-0001v51,tokenizer_v03,toke,111,568,A-SRT,1
A-SRT-0001v66,tokenizer_v03,toke,94,494,A-SRT,1
A-SRT-0002v62,tokenizer_v03,toke,193,825,A-SRT,1
A-SRT-0002v78,tokenizer_v03,toke,62,313,A-SRT,1
A-SRT-0003v7,tokenizer_v03,toke,89,415,A-SRT,1
A-SRT-0004v10,tokenizer_v03,toke,52,274,A-SRT,1
A-SRT-0007v38,tokenizer_v03,toke,87,379,A-SRT,1
A-SRT-0007v39,tokenizer_v03,toke,59,325,A-SRT,1
A-SRT-0007v41,tokenizer_v03,toke,114,466,A-SRT,1
A-SRT-0008v25,tokenizer_v03,toke,197,799,A-SRT,1
A-SRT-0008v72,tokenizer_v03,toke,68,340,A-SRT,1
A-SRT-0009v20,tokenizer_v03,toke,72,314,A-SRT,1
A-SRT-0009v35,tokenizer_v03,toke,85,325,A-SRT,1
A-SRT-0009v68,tokenizer_v03,toke,115,551,A-SRT,1
A-SRT-0010v17,tokenizer_v03,toke,107,640,A-SRT,2
A-SRT-0010v43,tokenizer_v03,toke,134,716,A-SRT,2
A-SRT-0010v65,tokenizer_v03,toke,114,491,A-SRT,2
A-SRT-0011v24,tokenizer_v03,toke,140,716,A-SRT,2
A-SRT-0013v52,tokenizer_v03,toke,87,475,A-SRT,2
A-SRT-0014v82,tokenizer_v03,toke,187,741,A-SRT,2
A-SRT-0015v21,tokenizer_v03,toke,123,649,A-SRT,2
A-SRT-0015v56,tokenizer_v03,toke,171,830,A-SRT,2
A-SRT-0017v20,tokenizer_v03,toke,165,850,A-SRT,2
A-SRT-0017v25,tokenizer_v03,toke,74,421,A-SRT,2
A-SRT-0017v36,tokenizer_v03,toke,152,725,A-SRT,2
A-SRT-0017v52,tokenizer_v03,toke,98,579,A-SRT,2
A-SRT-0017v62,tokenizer_v03,toke,143,695,A-SRT,2
A-SRT-0018v29,tokenizer_v03,toke,171,801,A-SRT,2
A-SRT-0019v76,tokenizer_v03,toke,67,334,A-SRT,2
A-SRT-0020v26,tokenizer_v03,toke,42,222,A-SRT,2
A-SRT-0021v48,tokenizer_v03,toke,66,362,A-SRT,2
A-SRT-0022v31,tokenizer_v03,toke,63,316,A-SRT,2
A-SRT-0022v37,tokenizer_v03,toke,65,317,A-SRT,2
A-SRT-0022v60,tokenizer_v03,toke,73,402,A-SRT,2
A-SRT-0024v26,tokenizer_v03,toke,17,129,A-SRT,1
A-SRT-0024v56,tokenizer_v03,toke,23,131,A-SRT,1
A-SRT-0025v34,tokenizer_v03,toke,51,238,A-SRT,1
A-SRT-0026,tokenizer_v03,toke,40,252,A-SRT,1
A-SRT-0026v34,tokenizer_v03,toke,48,266,A-SRT,1
A-SRT-0026v35,tokenizer_v03,toke,23,131,A-SRT,1
A-SRT-0026v50,tokenizer_v03,toke,19,129,A-SRT,1
A-SRT-0026v63,tokenizer_v03,toke,60,321,A-SRT,1
A-SRT-0027v28,tokenizer_v03,toke,83,375,A-SRT,2
A-SRT-0027v46,tokenizer_v03,toke,98,405,A-SRT,2
A-SRT-0029v34,tokenizer_v03,toke,89,399,A-SRT,2
A-SRT-0030v35,tokenizer_v03,toke,64,290,A-SRT,2
A-SRT-0032v31,tokenizer_v03,toke,52,276,A-SRT,2
A-SRT-0032v56,tokenizer_v03,toke,58,282,A-SRT,2
A-SRT-0035v49,tokenizer_v03,toke,72,312,A-SRT,2
A-SRT-0035v69,tokenizer_v03,toke,23,131,A-SRT,2
A-SRT-0038v47,tokenizer_v03,toke,34,186,A-SRT,2
A-SRT-0038v64,tokenizer_v03,toke,31,171,A-SRT,2
A-SRT-0039v16,tokenizer_v03,toke,82,385,A-SRT,2
A-SRT-0039v53,tokenizer_v03,toke,58,283,A-SRT,2
A-SRT-0040v25,tokenizer_v03,toke,105,515,A-SRT,2
A-SRT-0041v25,tokenizer_v03,toke,46,241,A-SRT,2
A-SRT-0041v82,tokenizer_v03,toke,136,616,A-SRT,2
A-SRT-0042v70,tokenizer_v03,toke,144,675,A-SRT,3
A-SRT-0043v30,tokenizer_v03,toke,70,315,A-SRT,3
A-SRT-0043v46,tokenizer_v03,toke,85,524,A-SRT,3
A-SRT-0044v35,tokenizer_v03,toke,68,363,A-SRT,3
A-SRT-0044v50,tokenizer_v03,toke,135,633,A-SRT,3
A-SRT-0044v78,tokenizer_v03,toke,83,342,A-SRT,3
A-SRT-0045,tokenizer_v03,toke,79,348,A-SRT,3
A-SRT-0047v60,tokenizer_v03,toke,78,344,A-SRT,3
A-SRT-0049v76,tokenizer_v03,toke,77,394,A-SRT,3
A-SRT-0050v19,tokenizer_v03,toke,45,192,A-SRT,3
A-SRT-0050v28,tokenizer_v03,toke,40,193,A-SRT,3
A-SRT-0050v63,tokenizer_v03,toke,67,365,A-SRT,3
A-SRT-0051v53,tokenizer_v03,toke,64,263,A-SRT,3
A-SRT-0053v21,tokenizer_v03,toke,22,154,A-SRT,1
A-SRT-0053v75,tokenizer_v03,toke,57,261,A-SRT,1
A-SRT-0054v30,tokenizer_v03,toke,57,313,A-SRT,1
A-SRT-0054v67,tokenizer_v03,toke,53,291,A-SRT,1
A-SRT-0055v66,tokenizer_v03,toke,22,159,A-SRT,1
A-SRT-0056v19,tokenizer_v03,toke,113,411,A-SRT,2
A-SRT-0056v53,tokenizer_v03,toke,105,516,A-SRT,2
A-SRT-0056v63,tokenizer_v03,toke,93,463,A-SRT,2
A-SRT-0056v72,tokenizer_v03,toke,92,447,A-SRT,2
A-SRT-0058v42,tokenizer_v03,toke,109,523,A-SRT,2
A-SRT-0058v58,tokenizer_v03,toke,35,223,A-SRT,2
A-SRT-0060v9,tokenizer_v03,toke,109,442,A-SRT,2
A-SRT-0061v63,tokenizer_v03,toke,89,391,A-SRT,2
A-SRT-0062v32,tokenizer_v03,toke,30,156,A-SRT,1
A-SRT-0062v66,tokenizer_v03,toke,70,286,A-SRT,1
A-SRT-0062v7,tokenizer_v03,toke,97,371,A-SRT,1
A-SRT-0063v61,tokenizer_v03,toke,91,419,A-SRT,2
A-SRT-0063v75,tokenizer_v03,toke,55,273,A-SRT,2
A-SRT-0064v5,tokenizer_v03,toke,87,411,A-SRT,2
A-SRT-0065v13,tokenizer_v03,toke,48,266,A-SRT,2
A-SRT-0065v8,tokenizer_v03,toke,101,487,A-SRT,2
A-SRT-0066,tokenizer_v03,toke,103,420,A-SRT,2
A-SRT-0066v30,tokenizer_v03,toke,83,370,A-SRT,2
A-SRT-0067v63,tokenizer_v03,toke,91,430,A-SRT,2
A-SRT-0068v81,tokenizer_v03,toke,125,561,A-SRT,2
A-SRT-0069v74,tokenizer_v03,toke,64,250,A-SRT,2
A-SRT-0070v24,tokenizer_v03,toke,26,180,A-SRT,2
A-SRT-0071v54,tokenizer_v03,toke,96,341,A-SRT,3
A-SRT-0072v16,tokenizer_v03,toke,90,336,A-SRT,3
A-SRT-0075v2,tokenizer_v03,toke,98,468,A-SRT,3
A-SRT-0075v40,tokenizer_v03,toke,59,324,A-SRT,3
A-SRT-0076v63,tokenizer_v03,toke,105,485,A-SRT,3
A-SRT-0077v24,tokenizer_v03,toke,65,327,A-SRT,2
A-SRT-0077v4,tokenizer_v03,toke,111,483,A-SRT,2
A-SRT-0079v4,tokenizer_v03,toke,223,836,A-SRT,3
A-SRT-0079v50,tokenizer_v03,toke,76,369,A-SRT,3
A-SRT-0079v51,tokenizer_v03,toke,156,701,A-SRT,3
A-SRT-0080v9,tokenizer_v03,toke,148,616,A-SRT,3
A-SRT-0081v35,tokenizer_v03,toke,130,575,A-SRT,3
A-SRT-0082v40,tokenizer_v03,toke,184,824,A-SRT,3
A-SRT-0083v16,tokenizer_v03,toke,156,678,A-SRT,2
A-SRT-0083v31,tokenizer_v03,toke,71,369,A-SRT,2
A-SRT-0085v14,tokenizer_v03,toke,128,529,A-SRT,3
A-SRT-0086v38,tokenizer_v03,toke,64,341,A-SRT,3
A-SRT-0089v11,tokenizer_v03,toke,140,616,A-SRT,3
A-SRT-0089v54,tokenizer_v03,toke,75,319,A-SRT,3
A-SRT-0091v37,tokenizer_v03,toke,167,782,A-SRT,3
A-SRT-0091v5,tokenizer_v03,toke,231,817,A-SRT,3
A-SRT-0094v13,tokenizer_v03,toke,154,634,A-SRT,2
A-SRT-0094v14,tokenizer_v03,toke,111,445,A-SRT,2
A-SRT-0096v17,tokenizer_v03,toke,137,541,A-SRT,2
A-SRT-0096v32,tokenizer_v03,toke,109,496,A-SRT,2
A-SRT-0096v73,tokenizer_v03,toke,123,517,A-SRT,2
A-SRT-0097v20,tokenizer_v03,toke,95,487,A-SRT,3
A-SRT-0098v16,tokenizer_v03,toke,54,288,A-SRT,3
A-SRT-0098v76,tokenizer_v03,toke,95,406,A-SRT,3
A-SRT-0099v51,tokenizer_v03,toke,117,612,A-SRT,2
A-SRT-0099v80,tokenizer_v03,toke,165,770,A-SRT,2
A-SRT-0100v57,tokenizer_v03,toke,170,717,A-SRT,2
A-STR-0001,tokenizer_v03,toke,46,151,A-STR,1
A-STR-0001v62,tokenizer_v03,toke,66,259,A-STR,1
A-STR-0001v65,tokenizer_v03,toke,19,70,A-STR,1
A-STR-0004v19,tokenizer_v03,toke,22,110,A-STR,1
A-STR-0004v5,tokenizer_v03,toke,17,65,A-STR,1
A-STR-0006v30,tokenizer_v03,toke,34,148,A-STR,1
A-STR-0007v38,tokenizer_v03,toke,47,234,A-STR,1
A-STR-0007v74,tokenizer_v03,toke,50,252,A-STR,1
A-STR-0007v80,tokenizer_v03,toke,31,123,A-STR,1
A-STR-0008v36,tokenizer_v03,toke,35,148,A-STR,1
A-STR-0008v39,tokenizer_v03,toke,59,258,A-STR,1
A-STR-0009v19,tokenizer_v03,toke,43,199,A-STR,1
A-STR-0009v32,tokenizer_v03,toke,45,240,A-STR,1
A-STR-0009v80,tokenizer_v03,toke,24,97,A-STR,1
A-STR-0010v18,tokenizer_v03,toke,47,220,A-STR,1
A-STR-0010v55,tokenizer_v03,toke,90,393,A-STR,1
A-STR-0011v27,tokenizer_v03,toke,65,344,A-STR,1
A-STR-0011v80,tokenizer_v03,toke,42,208,A-STR,1
A-STR-0012v46,tokenizer_v03,toke,19,70,A-STR,1
A-STR-0013v28,tokenizer_v03,toke,48,218,A-STR,1
A-STR-0014v26,tokenizer_v03,toke,120,426,A-STR,1
A-STR-0014v40,tokenizer_v03,toke,56,249,A-STR,1
A-STR-0014v67,tokenizer_v03,toke,116,442,A-STR,1
A-STR-0014v74,tokenizer_v03,toke,91,356,A-STR,1
A-STR-0014v9,tokenizer_v03,toke,65,287,A-STR,1
A-STR-0015v43,tokenizer_v03,toke,58,277,A-STR,2
A-STR-0016v4,tokenizer_v03,toke,76,400,A-STR,2
A-STR-0016v55,tokenizer_v03,toke,98,469,A-STR,2
A-STR-0016v74,tokenizer_v03,toke,80,273,A-STR,2
A-STR-0019v2,tokenizer_v03,toke,53,217,A-STR,2
A-STR-0019v7,tokenizer_v03,toke,76,356,A-STR,2
A-STR-0020v45,tokenizer_v03,toke,55,178,A-STR,2
A-STR-0022v44,tokenizer_v03,toke,111,465,A-STR,2
A-STR-0022v81,tokenizer_v03,toke,73,286,A-STR,2
A-STR-0023v22,tokenizer_v03,toke,90,377,A-STR,2
A-STR-0025v54,tokenizer_v03,toke,39,152,A-STR,2
A-STR-0026v30,tokenizer_v03,toke,81,373,A-STR,2
A-STR-0026v75,tokenizer_v03,toke,64,276,A-STR,2
A-STR-0027v17,tokenizer_v03,toke,67,355,A-STR,2
A-STR-0028v19,tokenizer_v03,toke,91,385,A-STR,2
A-STR-0028v39,tokenizer_v03,toke,74,322,A-STR,2
A-STR-0029v57,tokenizer_v03,toke,42,159,A-STR,2
A-STR-0029v68,tokenizer_v03,toke,60,230,A-STR,2
A-STR-0030v44,tokenizer_v03,toke,47,243,A-STR,2
A-STR-0031v26,tokenizer_v03,toke,115,427,A-STR,2
A-STR-0033v17,tokenizer_v03,toke,25,148,A-STR,3
A-STR-0033v21,tokenizer_v03,toke,61,355,A-STR,3
A-STR-0033v23,tokenizer_v03,toke,32,160,A-STR,3
A-STR-0033v34,tokenizer_v03,toke,48,252,A-STR,3
A-STR-0034v23,tokenizer_v03,toke,85,431,A-STR,3
A-STR-0034v39,tokenizer_v03,toke,117,480,A-STR,3
A-STR-0034v5,tokenizer_v03,toke,157,739,A-STR,3
A-STR-0035v25,tokenizer_v03,toke,86,402,A-STR,3
A-STR-0035v26,tokenizer_v03,toke,101,460,A-STR,3
A-STR-0035v75,tokenizer_v03,toke,94,413,A-STR,3
A-STR-0035v80,tokenizer_v03,toke,80,383,A-STR,3
A-STR-0035v9,tokenizer_v03,toke,61,276,A-STR,3
A-STR-0036v72,tokenizer_v03,toke,92,357,A-STR,3
A-STR-0037v14,tokenizer_v03,toke,108,494,A-STR,3
A-STR-0037v22,tokenizer_v03,toke,88,354,A-STR,3
A-STR-0037v38,tokenizer_v03,toke,120,552,A-STR,3
A-STR-0039v67,tokenizer_v03,toke,47,214,A-STR,1
A-STR-0042v36,tokenizer_v03,toke,29,115,A-STR,1
A-STR-0042v5,tokenizer_v03,toke,42,261,A-STR,1
A-STR-0045v34,tokenizer_v03,toke,60,234,A-STR,2
A-STR-0046v74,tokenizer_v03,toke,106,457,A-STR,2
A-STR-0049v22,tokenizer_v03,toke,48,378,A-STR,2
A-STR-0051v76,tokenizer_v03,toke,78,301,A-STR,2
A-STR-0052v52,tokenizer_v03,toke,63,245,A-STR,2
A-STR-0054v28,tokenizer_v03,toke,38,219,A-STR,1
A-STR-0055v18,tokenizer_v03,toke,43,210,A-STR,1
A-STR-0055v3,tokenizer_v03,toke,48,198,A-STR,1
A-STR-0055v70,tokenizer_v03,toke,95,379,A-STR,1
A-STR-0056v68,tokenizer_v03,toke,84,421,A-STR,1
A-STR-0057v18,tokenizer_v03,toke,64,318,A-STR,2
A-STR-0059v53,tokenizer_v03,toke,51,279,A-STR,2
A-STR-0060v5,tokenizer_v03,toke,62,301,A-STR,2
A-STR-0061v17,tokenizer_v03,toke,54,323,A-STR,2
A-STR-0062v69,tokenizer_v03,toke,79,379,A-STR,2
A-STR-0064v19,tokenizer_v03,toke,37,187,A-STR,2
A-STR-0064v80,tokenizer_v03,toke,35,177,A-STR,2
A-STR-0065v42,tokenizer_v03,toke,68,329,A-STR,2
A-STR-0065v43,tokenizer_v03,toke,71,355,A-STR,2
A-STR-0065v45,tokenizer_v03,toke,48,265,A-STR,2
A-STR-0066v23,tokenizer_v03,toke,105,448,A-STR,2
A-STR-0067v62,tokenizer_v03,toke,75,308,A-STR,2
A-STR-0067v64,tokenizer_v03,toke,75,310,A-STR,2
A-STR-0069v24,tokenizer_v03,toke,87,350,A-STR,2
A-STR-0069v30,tokenizer_v03,toke,102,418,A-STR,2
A-STR-0070v15,tokenizer_v03,toke,133,552,A-STR,3
A-STR-0070v9,tokenizer_v03,toke,140,688,A-STR,3
A-STR-0071v49,tokenizer_v03,toke,85,299,A-STR,2
A-STR-0071v63,tokenizer_v03,toke,66,260,A-STR,2
A-STR-0073v30,tokenizer_v03,toke,78,286,A-STR,2
A-STR-0075v16,tokenizer_v03,toke,71,365,A-STR,2
A-STR-0075v69,tokenizer_v03,toke,52,212,A-STR,2
A-STR-0075v9,tokenizer_v03,toke,66,365,A-STR,2
A-STR-0076v18,tokenizer_v03,toke,75,292,A-STR,2
A-STR-0076v25,tokenizer_v03,toke,130,502,A-STR,2
A-STR-0076v36,tokenizer_v03,toke,92,298,A-STR,2
A-STR-0076v54,tokenizer_v03,toke,120,497,A-STR,2
A-STR-0077v26,tokenizer_v03,toke,93,405,A-STR,2
A-STR-0077v30,tokenizer_v03,toke,78,373,A-STR,2
A-STR-0078v42,tokenizer_v03,toke,93,355,A-STR,2
A-STR-0078v77,tokenizer_v03,toke,88,372,A-STR,2
A-STR-0079v11,tokenizer_v03,toke,46,221,A-STR,2
A-STR-0081v15,tokenizer_v03,toke,80,350,A-STR,2
A-STR-0081v71,tokenizer_v03,toke,80,339,A-STR,2
A-STR-0082v39,tokenizer_v03,toke,69,326,A-STR,2
A-STR-0083v18,tokenizer_v03,toke,66,329,A-STR,2
A-STR-0083v39,tokenizer_v03,toke,78,337,A-STR,2
A-STR-0084v2,tokenizer_v03,toke,78,448,A-STR,3
A-STR-0084v33,tokenizer_v03,toke,71,331,A-STR,3
A-STR-0084v71,tokenizer_v03,toke,82,390,A-STR,3
A-STR-0086v14,tokenizer_v03,toke,62,279,A-STR,3
A-STR-0086v78,tokenizer_v03,toke,81,384,A-STR,3
A-STR-0086v80,tokenizer_v03,toke,69,264,A-STR,3
A-STR-0087v2,tokenizer_v03,toke,113,468,A-STR,3
A-STR-0088v25,tokenizer_v03,toke,150,647,A-STR,3
A-STR-0088v68,tokenizer_v03,toke,149,603,A-STR,3
A-STR-0089v49,tokenizer_v03,toke,30,142,A-STR,2
A-STR-0090v15,tokenizer_v03,toke,87,353,A-STR,3
A-STR-0090v66,tokenizer_v03,toke,104,467,A-STR,3
A-STR-0090v78,tokenizer_v03,toke,105,350,A-STR,3
A-STR-0091v31,tokenizer_v03,toke,200,663,A-STR,2
A-STR-0093v13,tokenizer_v03,toke,217,758,A-STR,3
A-STR-0093v32,tokenizer_v03,toke,168,621,A-STR,3
A-STR-0093v39,tokenizer_v03,toke,204,758,A-STR,3
A-STR-0095v11,tokenizer_v03,toke,52,304,A-STR,2
A-STR-0096v56,tokenizer_v03,toke,60,321,A-STR,2
A-STR-0098v68,tokenizer_v03,toke,36,190,A-STR,2
A-STR-0099v24,tokenizer_v03,toke,22,90,A-STR,2
A-STR-0099v60,tokenizer_v03,toke,27,115,A-STR,2
D-CFG-0001v21,tokenizer_v03,toke,52,206,D-CFG,2
D-CFG-0001v224,tokenizer_v03,toke,36,203,D-CFG,2
D-CFG-0001v315,tokenizer_v03,toke,55,256,D-CFG,2
D-CFG-0001v327,tokenizer_v03,toke,53,269,D-CFG,2
D-CFG-0002v111,tokenizer_v03,toke,31,167,D-CFG,2
D-CFG-0002v171,tokenizer_v03,toke,55,256,D-CFG,2
D-CFG-0002v60,tokenizer_v03,toke,48,238,D-CFG,2
D-CFG-0003v13,tokenizer_v03,toke,50,227,D-CFG,2
D-CFG-0003v183,tokenizer_v03,toke,52,243,D-CFG,2
D-CFG-0003v185,tokenizer_v03,toke,77,292,D-CFG,2
D-CFG-0003v191,tokenizer_v03,toke,56,299,D-CFG,2
D-CFG-0003v200,tokenizer_v03,toke,65,268,D-CFG,2
D-CFG-0003v217,tokenizer_v03,toke,60,280,D-CFG,2
D-CFG-0003v243,tokenizer_v03,toke,51,263,D-CFG,2
D-CFG-0003v47,tokenizer_v03,toke,43,193,D-CFG,2
D-CFG-0004v130,tokenizer_v03,toke,61,289,D-CFG,2
D-CFG-0004v150,tokenizer_v03,toke,68,296,D-CFG,2
D-CFG-0004v189,tokenizer_v03,toke,55,227,D-CFG,2
D-CFG-0004v35,tokenizer_v03,toke,39,180,D-CFG,2
D-CFG-0004v351,tokenizer_v03,toke,67,234,D-CFG,2
D-CFG-0004v40,tokenizer_v03,toke,56,227,D-CFG,2
D-CFG-0004v74,tokenizer_v03,toke,68,313,D-CFG,2
D-CFG-0005v126,tokenizer_v03,toke,56,242,D-CFG,2
D-CFG-0005v139,tokenizer_v03,toke,59,258,D-CFG,2
D-CFG-0005v145,tokenizer_v03,toke,67,268,D-CFG,2
D-CFG-0005v170,tokenizer_v03,toke,35,144,D-CFG,2
D-CFG-0005v295,tokenizer_v03,toke,56,244,D-CFG,2
D-CFG-0005v306,tokenizer_v03,toke,75,310,D-CFG,2
D-CFG-0005v324,tokenizer_v03,toke,65,296,D-CFG,2
D-CFG-0006v14,tokenizer_v03,toke,47,184,D-CFG,2
D-CFG-0007v17,tokenizer_v03,toke,65,331,D-CFG,2
D-CFG-0007v317,tokenizer_v03,toke,73,340,D-CFG,2
D-CFG-0007v341,tokenizer_v03,toke,80,395,D-CFG,2
D-CFG-0007v49,tokenizer_v03,toke,67,317,D-CFG,2
D-CFG-0007v56,tokenizer_v03,toke,75,359,D-CFG,2
D-CFG-0007v99,tokenizer_v03,toke,62,298,D-CFG,2
D-CFG-0008v132,tokenizer_v03,toke,54,237,D-CFG,2
D-CFG-0008v229,tokenizer_v03,toke,51,165,D-CFG,2
D-CFG-0008v239,tokenizer_v03,toke,51,209,D-CFG,2
D-CFG-0008v242,tokenizer_v03,toke,71,223,D-CFG,2
D-CFG-0008v275,tokenizer_v03,toke,55,220,D-CFG,2
D-CFG-0008v342,tokenizer_v03,toke,49,184,D-CFG,2
D-CFG-0008v85,tokenizer_v03,toke,64,202,D-CFG,2
D-CFG-0008v96,tokenizer_v03,toke,61,238,D-CFG,2
D-CFG-0009v127,tokenizer_v03,toke,50,242,D-CFG,2
D-CFG-0009v163,tokenizer_v03,toke,46,262,D-CFG,2
D-CFG-0009v19,tokenizer_v03,toke,52,199,D-CFG,2
D-CFG-0009v207,tokenizer_v03,toke,64,299,D-CFG,2
D-CFG-0009v235,tokenizer_v03,toke,47,252,D-CFG,2
D-CFG-0009v257,tokenizer_v03,toke,57,214,D-CFG,2
D-CFG-0009v278,tokenizer_v03,toke,58,244,D-CFG,2
D-CFG-0009v305,tokenizer_v03,toke,56,265,D-CFG,2
D-CFG-0009v60,tokenizer_v03,toke,59,285,D-CFG,2
D-CFG-0010v107,tokenizer_v03,toke,64,278,D-CFG,2
D-CFG-0010v165,tokenizer_v03,toke,77,281,D-CFG,2
D-CFG-0010v180,tokenizer_v03,toke,65,268,D-CFG,2
D-CFG-0010v252,tokenizer_v03,toke,67,268,D-CFG,2
D-CFG-0010v264,tokenizer_v03,toke,60,227,D-CFG,2
D-CFG-0010v32,tokenizer_v03,toke,65,239,D-CFG,2
D-CFG-0010v342,tokenizer_v03,toke,85,377,D-CFG,2
D-CFG-0010v79,tokenizer_v03,toke,77,296,D-CFG,2
D-CFG-0011v228,tokenizer_v03,toke,68,343,D-CFG,2
D-CFG-0011v243,tokenizer_v03,toke,54,317,D-CFG,2
D-CFG-0011v341,tokenizer_v03,toke,58,219,D-CFG,2
D-CFG-0012v18,tokenizer_v03,toke,129,557,D-CFG,3
D-CFG-0012v212,tokenizer_v03,toke,102,522,D-CFG,3
D-CFG-0012v243,tokenizer_v03,toke,116,547,D-CFG,3
D-CFG-0013,tokenizer_v03,toke,83,358,D-CFG,3
D-CFG-0013v135,tokenizer_v03,toke,87,407,D-CFG,3
D-CFG-0013v14,tokenizer_v03,toke,82,383,D-CFG,3
D-CFG-0013v155,tokenizer_v03,toke,76,321,D-CFG,3
D-CFG-0013v157,tokenizer_v03,toke,56,232,D-CFG,3
D-CFG-0013v235,tokenizer_v03,toke,80,363,D-CFG,3
D-CFG-0013v237,tokenizer_v03,toke,55,217,D-CFG,3
D-CFG-0013v283,tokenizer_v03,toke,68,338,D-CFG,3
D-CFG-0013v296,tokenizer_v03,toke,63,320,D-CFG,3
D-CFG-0013v348,tokenizer_v03,toke,74,396,D-CFG,3
D-CFG-0013v350,tokenizer_v03,toke,76,333,D-CFG,3
D-CFG-0013v69,tokenizer_v03,toke,71,316,D-CFG,3
D-CFG-0014v127,tokenizer_v03,toke,88,448,D-CFG,3
D-CFG-0014v145,tokenizer_v03,toke,98,451,D-CFG,3
D-CFG-0014v195,tokenizer_v03,toke,59,238,D-CFG,3
D-CFG-0014v203,tokenizer_v03,toke,153,718,D-CFG,3
D-CFG-0014v86,tokenizer_v03,toke,131,671,D-CFG,3
D-CFG-0015v118,tokenizer_v03,toke,94,329,D-CFG,3
D-CFG-0015v202,tokenizer_v03,toke,33,134,D-CFG,3
D-CFG-0015v214,tokenizer_v03,toke,66,270,D-CFG,3
D-CFG-0015v224,tokenizer_v03,toke,45,220,D-CFG,3
D-CFG-0015v233,tokenizer_v03,toke,55,260,D-CFG,3
D-CFG-0015v248,tokenizer_v03,toke,66,261,D-CFG,3
D-CFG-0015v275,tokenizer_v03,toke,65,286,D-CFG,3
D-CFG-0015v298,tokenizer_v03,toke,68,323,D-CFG,3
D-CFG-0015v324,tokenizer_v03,toke,66,284,D-CFG,3
D-CFG-0016v137,tokenizer_v03,toke,63,274,D-CFG,2
D-CFG-0016v176,tokenizer_v03,toke,41,170,D-CFG,2
D-CFG-0016v215,tokenizer_v03,toke,100,356,D-CFG,2
D-CFG-0016v232,tokenizer_v03,toke,52,235,D-CFG,2
D-CFG-0016v313,tokenizer_v03,toke,50,195,D-CFG,2
D-CFG-0016v349,tokenizer_v03,toke,48,213,D-CFG,2
D-CFG-0017v166,tokenizer_v03,toke,48,201,D-CFG,2
D-CFG-0017v201,tokenizer_v03,toke,44,158,D-CFG,2
D-CFG-0017v324,tokenizer_v03,toke,54,214,D-CFG,2
D-CFG-0017v35,tokenizer_v03,toke,52,201,D-CFG,2
D-CFG-0017v47,tokenizer_v03,toke,49,219,D-CFG,2
D-CFG-0018v113,tokenizer_v03,toke,47,183,D-CFG,2
D-CFG-0018v129,tokenizer_v03,toke,63,256,D-CFG,2
D-CFG-0018v200,tokenizer_v03,toke,42,169,D-CFG,2
D-CFG-0019v120,tokenizer_v03,toke,70,315,D-CFG,2
D-CFG-0019v150,tokenizer_v03,toke,73,316,D-CFG,2
D-CFG-0019v153,tokenizer_v03,toke,73,267,D-CFG,2
D-CFG-0019v260,tokenizer_v03,toke,69,324,D-CFG,2
D-CFG-0019v305,tokenizer_v03,toke,78,288,D-CFG,2
D-CFG-0019v7,tokenizer_v03,toke,71,310,D-CFG,2
D-CLI-0001v178,tokenizer_v03,toke,70,336,D-CLI,2
D-CLI-0001v225,tokenizer_v03,toke,64,361,D-CLI,2
D-CLI-0001v264,tokenizer_v03,toke,67,324,D-CLI,2
D-CLI-0001v30,tokenizer_v03,toke,62,340,D-CLI,2
D-CLI-0001v37,tokenizer_v03,toke,55,316,D-CLI,2
D-CLI-0001v89,tokenizer_v03,toke,61,305,D-CLI,2
D-CLI-0002v10,tokenizer_v03,toke,58,285,D-CLI,2
D-CLI-0002v175,tokenizer_v03,toke,61,297,D-CLI,2
D-CLI-0002v46,tokenizer_v03,toke,71,377,D-CLI,2
D-CLI-0002v49,tokenizer_v03,toke,54,283,D-CLI,2
D-CLI-0002v64,tokenizer_v03,toke,52,273,D-CLI,2
D-CLI-0002v88,tokenizer_v03,toke,58,278,D-CLI,2
D-CLI-0003v153,tokenizer_v03,toke,60,299,D-CLI,2
D-CLI-0003v161,tokenizer_v03,toke,63,297,D-CLI,2
D-CLI-0003v216,tokenizer_v03,toke,69,333,D-CLI,2
D-CLI-0003v46,tokenizer_v03,toke,69,365,D-CLI,2
D-CLI-0003v6,tokenizer_v03,toke,74,383,D-CLI,2
D-CLI-0003v65,tokenizer_v03,toke,50,275,D-CLI,2
D-CLI-0004v171,tokenizer_v03,toke,86,393,D-CLI,2
D-CLI-0004v244,tokenizer_v03,toke,118,545,D-CLI,2
D-CLI-0004v93,tokenizer_v03,toke,114,452,D-CLI,2
D-CLI-0005v210,tokenizer_v03,toke,65,310,D-CLI,2
D-CLI-0005v224,tokenizer_v03,toke,56,293,D-CLI,2
D-CLI-0005v260,tokenizer_v03,toke,60,295,D-CLI,2
D-CLI-0005v285,tokenizer_v03,toke,55,262,D-CLI,2
D-CLI-0006v1,tokenizer_v03,toke,56,254,D-CLI,2
D-CLI-0006v106,tokenizer_v03,toke,55,258,D-CLI,2
D-CLI-0006v224,tokenizer_v03,toke,42,209,D-CLI,2
D-CLI-0006v285,tokenizer_v03,toke,39,201,D-CLI,2
D-CLI-0006v62,tokenizer_v03,toke,71,320,D-CLI,2
D-CLI-0006v83,tokenizer_v03,toke,40,205,D-CLI,2
D-CLI-0007v133,tokenizer_v03,toke,41,191,D-CLI,2
D-CLI-0007v180,tokenizer_v03,toke,66,268,D-CLI,2
D-CLI-0007v192,tokenizer_v03,toke,43,221,D-CLI,2
D-CLI-0007v246,tokenizer_v03,toke,68,260,D-CLI,2
D-CLI-0007v266,tokenizer_v03,toke,40,189,D-CLI,2
D-CLI-0007v276,tokenizer_v03,toke,67,266,D-CLI,2
D-CLI-0007v43,tokenizer_v03,toke,60,242,D-CLI,2
D-CLI-0007v8,tokenizer_v03,toke,65,246,D-CLI,2
D-CLI-0008v246,tokenizer_v03,toke,53,260,D-CLI,2
D-CLI-0008v62,tokenizer_v03,toke,59,280,D-CLI,2
D-CLI-0009v135,tokenizer_v03,toke,68,253,D-CLI,3
D-CLI-0009v157,tokenizer_v03,toke,74,311,D-CLI,3
D-CLI-0009v227,tokenizer_v03,toke,65,254,D-CLI,3
D-CLI-0009v31,tokenizer_v03,toke,80,302,D-CLI,3
D-CLI-0009v92,tokenizer_v03,toke,53,243,D-CLI,3
D-CLI-0010v127,tokenizer_v03,toke,79,265,D-CLI,3
D-CLI-0010v153,tokenizer_v03,toke,90,320,D-CLI,3
D-CLI-0010v209,tokenizer_v03,toke,83,323,D-CLI,3
D-CLI-0010v24,tokenizer_v03,toke,61,238,D-CLI,3
D-CLI-0011v217,tokenizer_v03,toke,45,191,D-CLI,3
D-CLI-0011v74,tokenizer_v03,toke,93,380,D-CLI,3
D-CLI-0012v190,tokenizer_v03,toke,182,744,D-CLI,3
D-CLI-0012v203,tokenizer_v03,toke,123,459,D-CLI,3
D-CLI-0012v24,tokenizer_v03,toke,87,386,D-CLI,3
D-CLI-0013v253,tokenizer_v03,toke,73,295,D-CLI,3
D-CLI-0013v267,tokenizer_v03,toke,115,383,D-CLI,3
D-CLI-0013v38,tokenizer_v03,toke,87,341,D-CLI,3
D-CLI-0013v68,tokenizer_v03,toke,101,397,D-CLI,3
D-CLI-0014v22,tokenizer_v03,toke,67,222,D-CLI,3
D-CLI-0014v223,tokenizer_v03,toke,60,213,D-CLI,3
D-CLI-0015v116,tokenizer_v03,toke,73,244,D-CLI,3
D-CLI-0015v135,tokenizer_v03,toke,73,237,D-CLI,3
D-CLI-0015v206,tokenizer_v03,toke,68,224,D-CLI,3
D-CLI-0015v41,tokenizer_v03,toke,76,232,D-CLI,3
D-CLI-0015v47,tokenizer_v03,toke,68,221,D-CLI,3
D-CLI-0015v84,tokenizer_v03,toke,68,231,D-CLI,3
D-CLI-0016v117,tokenizer_v03,toke,90,278,D-CLI,2
D-CLI-0016v145,tokenizer_v03,toke,50,159,D-CLI,2
D-CLI-0016v162,tokenizer_v03,toke,49,167,D-CLI,2
D-CLI-0016v243,tokenizer_v03,toke,32,111,D-CLI,2
D-CLI-0016v264,tokenizer_v03,toke,54,166,D-CLI,2
D-CLI-0017v105,tokenizer_v03,toke,59,211,D-CLI,2
D-CLI-0017v172,tokenizer_v03,toke,35,171,D-CLI,2
D-CLI-0017v5,tokenizer_v03,toke,21,64,D-CLI,2
D-CLI-0018,tokenizer_v03,toke,35,135,D-CLI,2
D-CLI-0018v242,tokenizer_v03,toke,54,161,D-CLI,2
D-CLI-0018v25,tokenizer_v03,toke,53,191,D-CLI,2
D-CLI-0018v74,tokenizer_v03,toke,51,172,D-CLI,2
D-CLI-0018v96,tokenizer_v03,toke,45,165,D-CLI,2
D-CLI-0019v182,tokenizer_v03,toke,82,309,D-CLI,2
D-CLI-0019v193,tokenizer_v03,toke,90,327,D-CLI,2
D-CLI-0019v241,tokenizer_v03,toke,108,441,D-CLI,2
D-CLI-0019v261,tokenizer_v03,toke,77,338,D-CLI,2
D-CLI-0019v72,tokenizer_v03,toke,87,368,D-CLI,2
D-CLI-0019v85,tokenizer_v03,toke,117,474,D-CLI,2
D-CLI-0019v86,tokenizer_v03,toke,84,313,D-CLI,2
D-CLI-0019v9,tokenizer_v03,toke,87,330,D-CLI,2
D-CLI-0019v93,tokenizer_v03,toke,86,382,D-CLI,2
D-CLI-0020v115,tokenizer_v03,toke,59,174,D-CLI,1
D-CLI-0021v119,tokenizer_v03,toke,45,182,D-CLI,1
D-CLI-0021v129,tokenizer_v03,toke,40,191,D-CLI,1
D-CLI-0021v148,tokenizer_v03,toke,64,208,D-CLI,1
D-CLI-0021v151,tokenizer_v03,toke,37,186,D-CLI,1
D-CLI-0021v178,tokenizer_v03,toke,49,171,D-CLI,1
D-CLI-0021v182,tokenizer_v03,toke,54,174,D-CLI,1
D-CLI-0021v200,tokenizer_v03,toke,47,149,D-CLI,1
D-CLI-0021v264,tokenizer_v03,toke,42,202,D-CLI,1
D-CLI-0021v285,tokenizer_v03,toke,45,204,D-CLI,1
D-CLI-0021v72,tokenizer_v03,toke,33,100,D-CLI,1
D-CLI-0021v77,tokenizer_v03,toke,47,188,D-CLI,1
D-CLI-0022v1,tokenizer_v03,toke,63,211,D-CLI,1
D-CLI-0022v140,tokenizer_v03,toke,74,320,D-CLI,1
D-CLI-0022v188,tokenizer_v03,toke,96,301,D-CLI,1
D-CLI-0022v195,tokenizer_v03,toke,64,268,D-CLI,1
D-CLI-0022v241,tokenizer_v03,toke,77,269,D-CLI,1
D-CLI-0022v261,tokenizer_v03,toke,68,269,D-CLI,1
D-CLI-0022v66,tokenizer_v03,toke,62,209,D-CLI,1
D-CLI-0022v91,tokenizer_v03,toke,75,317,D-CLI,1
D-CLI-0023v13,tokenizer_v03,toke,45,196,D-CLI,1
D-CLI-0023v171,tokenizer_v03,toke,50,209,D-CLI,1
D-CLI-0023v210,tokenizer_v03,toke,41,201,D-CLI,1
D-CLI-0023v27,tokenizer_v03,toke,44,161,D-CLI,1
D-CLI-0023v272,tokenizer_v03,toke,33,177,D-CLI,1
D-CLI-0023v45,tokenizer_v03,toke,36,176,D-CLI,1
D-CLI-0023v49,tokenizer_v03,toke,36,171,D-CLI,1
D-CLI-0024v104,tokenizer_v03,toke,43,141,D-CLI,1
D-CLI-0024v127,tokenizer_v03,toke,39,135,D-CLI,1
D-CLI-0024v128,tokenizer_v03,toke,41,131,D-CLI,1
D-CLI-0024v170,tokenizer_v03,toke,42,151,D-CLI,1
D-CLI-0024v198,tokenizer_v03,toke,40,151,D-CLI,1
D-CLI-0024v228,tokenizer_v03,toke,33,173,D-CLI,1
D-CRY-0001v103,tokenizer_v03,toke,61,273,D-CRY,2
D-CRY-0001v149,tokenizer_v03,toke,56,237,D-CRY,2
D-CRY-0001v181,tokenizer_v03,toke,157,458,D-CRY,2
D-CRY-0001v184,tokenizer_v03,toke,180,491,D-CRY,2
D-CRY-0001v225,tokenizer_v03,toke,162,469,D-CRY,2
D-CRY-0001v231,tokenizer_v03,toke,101,340,D-CRY,2
D-CRY-0001v71,tokenizer_v03,toke,76,326,D-CRY,2
D-CRY-0002v249,tokenizer_v03,toke,91,318,D-CRY,2
D-CRY-0002v95,tokenizer_v03,toke,78,223,D-CRY,2
D-CRY-0003v104,tokenizer_v03,toke,119,378,D-CRY,2
D-CRY-0003v22,tokenizer_v03,toke,81,278,D-CRY,2
D-CRY-0003v243,tokenizer_v03,toke,59,274,D-CRY,2
D-CRY-0003v261,tokenizer_v03,toke,91,347,D-CRY,2
D-CRY-0003v35,tokenizer_v03,toke,97,305,D-CRY,2
D-CRY-0003v79,tokenizer_v03,toke,60,240,D-CRY,2
D-CRY-0003v87,tokenizer_v03,toke,60,209,D-CRY,2
D-CRY-0003v95,tokenizer_v03,toke,84,272,D-CRY,2
D-CRY-0004v128,tokenizer_v03,toke,45,197,D-CRY,2
D-CRY-0004v139,tokenizer_v03,toke,96,418,D-CRY,2
D-CRY-0004v187,tokenizer_v03,toke,78,379,D-CRY,2
D-CRY-0004v196,tokenizer_v03,toke,53,237,D-CRY,2
D-CRY-0004v61,tokenizer_v03,toke,99,381,D-CRY,2
D-CRY-0004v62,tokenizer_v03,toke,37,189,D-CRY,2
D-CRY-0004v65,tokenizer_v03,toke,58,233,D-CRY,2
D-CRY-0005v101,tokenizer_v03,toke,106,309,D-CRY,2
D-CRY-0005v181,tokenizer_v03,toke,47,186,D-CRY,2
D-CRY-0005v227,tokenizer_v03,toke,70,276,D-CRY,2
D-CRY-0005v239,tokenizer_v03,toke,61,224,D-CRY,2
D-CRY-0005v261,tokenizer_v03,toke,38,161,D-CRY,2
D-CRY-0005v88,tokenizer_v03,toke,38,177,D-CRY,2
D-CRY-0005v99,tokenizer_v03,toke,111,394,D-CRY,2
D-CRY-0006v176,tokenizer_v03,toke,88,366,D-CRY,2
D-CRY-0006v223,tokenizer_v03,toke,129,522,D-CRY,2
D-CRY-0006v233,tokenizer_v03,toke,79,346,D-CRY,2
D-CRY-0006v258,tokenizer_v03,toke,59,261,D-CRY,2
D-CRY-0006v276,tokenizer_v03,toke,70,294,D-CRY,2
D-CRY-0006v39,tokenizer_v03,toke,44,205,D-CRY,2
D-CRY-0006v76,tokenizer_v03,toke,62,253,D-CRY,2
D-CRY-0007v108,tokenizer_v03,toke,66,291,D-CRY,2
D-CRY-0007v279,tokenizer_v03,toke,57,295,D-CRY,2
D-CRY-0008v115,tokenizer_v03,toke,69,361,D-CRY,2
D-CRY-0008v147,tokenizer_v03,toke,50,367,D-CRY,2
D-CRY-0008v241,tokenizer_v03,toke,57,224,D-CRY,2
D-CRY-0008v250,tokenizer_v03,toke,59,355,D-CRY,2
D-CRY-0009v111,tokenizer_v03,toke,48,211,D-CRY,2
D-CRY-0009v129,tokenizer_v03,toke,60,207,D-CRY,2
D-CRY-0009v145,tokenizer_v03,toke,43,190,D-CRY,2
D-CRY-0009v18,tokenizer_v03,toke,45,207,D-CRY,2
D-CRY-0009v275,tokenizer_v03,toke,64,236,D-CRY,2
D-CRY-0009v89,tokenizer_v03,toke,44,183,D-CRY,2
D-CRY-0009v90,tokenizer_v03,toke,59,226,D-CRY,2
D-CRY-0010v126,tokenizer_v03,toke,58,205,D-CRY,2
D-CRY-0010v157,tokenizer_v03,toke,51,161,D-CRY,2
D-CRY-0010v182,tokenizer_v03,toke,70,255,D-CRY,2
D-CRY-0010v189,tokenizer_v03,toke,37,154,D-CRY,2
D-CRY-0010v229,tokenizer_v03,toke,54,175,D-CRY,2
D-CRY-0010v64,tokenizer_v03,toke,52,179,D-CRY,2
D-CRY-0011v101,tokenizer_v03,toke,57,255,D-CRY,2
D-CRY-0011v155,tokenizer_v03,toke,49,235,D-CRY,2
D-CRY-0011v176,tokenizer_v03,toke,77,340,D-CRY,2
D-CRY-0011v255,tokenizer_v03,toke,63,284,D-CRY,2
D-CRY-0011v52,tokenizer_v03,toke,73,338,D-CRY,2
D-CRY-0011v79,tokenizer_v03,toke,50,243,D-CRY,2
D-CRY-0012v189,tokenizer_v03,toke,44,177,D-CRY,2
D-CRY-0012v20,tokenizer_v03,toke,69,329,D-CRY,2
D-CRY-0012v209,tokenizer_v03,toke,68,300,D-CRY,2
D-CRY-0012v211,tokenizer_v03,toke,75,367,D-CRY,2
D-CRY-0012v234,tokenizer_v03,toke,42,232,D-CRY,2
D-CRY-0012v269,tokenizer_v03,toke,43,182,D-CRY,2
D-CRY-0012v282,tokenizer_v03,toke,44,220,D-CRY,2
D-CRY-0012v45,tokenizer_v03,toke,44,167,D-CRY,2
D-CRY-0012v98,tokenizer_v03,toke,48,206,D-CRY,2
D-CRY-0013v101,tokenizer_v03,toke,51,232,D-CRY,2
D-CRY-0013v116,tokenizer_v03,toke,78,339,D-CRY,2
D-CRY-0013v128,tokenizer_v03,toke,51,213,D-CRY,2
D-CRY-0013v190,tokenizer_v03,toke,49,253,D-CRY,2
D-CRY-0013v248,tokenizer_v03,toke,52,266,D-CRY,2
D-CRY-0013v265,tokenizer_v03,toke,52,195,D-CRY,2
D-CRY-0013v59,tokenizer_v03,toke,48,248,D-CRY,2
D-CRY-0013v85,tokenizer_v03,toke,44,173,D-CRY,2
D-CRY-0014v105,tokenizer_v03,toke,55,273,D-CRY,3
D-CRY-0014v117,tokenizer_v03,toke,56,251,D-CRY,3
D-CRY-0014v146,tokenizer_v03,toke,55,279,D-CRY,3
D-CRY-0014v187,tokenizer_v03,toke,59,279,D-CRY,3
D-CRY-0014v47,tokenizer_v03,toke,61,307,D-CRY,3
D-CRY-0014v60,tokenizer_v03,toke,58,261,D-CRY,3
D-CRY-0014v94,tokenizer_v03,toke,49,263,D-CRY,3
D-CRY-0015v108,tokenizer_v03,toke,55,281,D-CRY,3
D-CRY-0015v202,tokenizer_v03,toke,57,273,D-CRY,3
D-CRY-0015v213,tokenizer_v03,toke,77,323,D-CRY,3
D-CRY-0015v243,tokenizer_v03,toke,59,273,D-CRY,3
D-CRY-0015v245,tokenizer_v03,toke,65,270,D-CRY,3
D-CRY-0015v35,tokenizer_v03,toke,61,262,D-CRY,3
D-CRY-0015v62,tokenizer_v03,toke,65,356,D-CRY,3
D-CRY-0016v16,tokenizer_v03,toke,68,199,D-CRY,3
D-CRY-0016v183,tokenizer_v03,toke,65,209,D-CRY,3
D-CRY-0016v200,tokenizer_v03,toke,72,205,D-CRY,3
D-CRY-0016v212,tokenizer_v03,toke,62,248,D-CRY,3
D-CRY-0016v264,tokenizer_v03,toke,43,187,D-CRY,3
D-CRY-0016v278,tokenizer_v03,toke,36,181,D-CRY,3
D-CRY-0016v53,tokenizer_v03,toke,63,216,D-CRY,3
D-CRY-0016v6,tokenizer_v03,toke,57,190,D-CRY,3
D-CRY-0017v104,tokenizer_v03,toke,57,194,D-CRY,3
D-CRY-0017v135,tokenizer_v03,toke,54,204,D-CRY,3
D-CRY-0017v78,tokenizer_v03,toke,55,214,D-CRY,3
D-CRY-0017v95,tokenizer_v03,toke,56,234,D-CRY,3
D-CRY-0018v112,tokenizer_v03,toke,68,195,D-CRY,3
D-CRY-0018v197,tokenizer_v03,toke,75,209,D-CRY,3
D-CRY-0018v249,tokenizer_v03,toke,75,260,D-CRY,3
D-CRY-0018v42,tokenizer_v03,toke,76,264,D-CRY,3
D-CRY-0019v10,tokenizer_v03,toke,78,243,D-CRY,3
D-CRY-0019v121,tokenizer_v03,toke,63,220,D-CRY,3
D-CRY-0019v246,tokenizer_v03,toke,86,267,D-CRY,3
D-CRY-0020v180,tokenizer_v03,toke,40,196,D-CRY,3
D-CRY-0020v214,tokenizer_v03,toke,57,294,D-CRY,3
D-CRY-0021v116,tokenizer_v03,toke,62,245,D-CRY,3
D-CRY-0021v51,tokenizer_v03,toke,37,198,D-CRY,3
D-CRY-0021v86,tokenizer_v03,toke,52,188,D-CRY,3
D-CRY-0022v105,tokenizer_v03,toke,52,187,D-CRY,3
D-CRY-0022v138,tokenizer_v03,toke,66,247,D-CRY,3
D-CRY-0022v244,tokenizer_v03,toke,42,222,D-CRY,3
D-CRY-0022v99,tokenizer_v03,toke,50,221,D-CRY,3
D-CRY-0023v39,tokenizer_v03,toke,53,252,D-CRY,3
D-CRY-0023v76,tokenizer_v03,toke,62,294,D-CRY,3
D-CRY-0023v99,tokenizer_v03,toke,63,266,D-CRY,3
D-CRY-0024v180,tokenizer_v03,toke,56,272,D-CRY,3
D-CRY-0024v250,tokenizer_v03,toke,75,315,D-CRY,3
D-CRY-0024v283,tokenizer_v03,toke,39,201,D-CRY,3
D-DAT-0001v181,tokenizer_v03,toke,55,225,D-DAT,2
D-DAT-0001v204,tokenizer_v03,toke,42,182,D-DAT,2
D-DAT-0001v231,tokenizer_v03,toke,39,164,D-DAT,2
D-DAT-0001v99,tokenizer_v03,toke,42,212,D-DAT,2
D-DAT-0002v113,tokenizer_v03,toke,64,235,D-DAT,2
D-DAT-0002v139,tokenizer_v03,toke,53,284,D-DAT,2
D-DAT-0002v149,tokenizer_v03,toke,31,162,D-DAT,2
D-DAT-0002v220,tokenizer_v03,toke,53,228,D-DAT,2
D-DAT-0002v239,tokenizer_v03,toke,40,188,D-DAT,2
D-DAT-0002v260,tokenizer_v03,toke,64,309,D-DAT,2
D-DAT-0002v57,tokenizer_v03,toke,56,200,D-DAT,2
D-DAT-0002v68,tokenizer_v03,toke,50,259,D-DAT,2
D-DAT-0003v116,tokenizer_v03,toke,53,281,D-DAT,2
D-DAT-0003v120,tokenizer_v03,toke,59,313,D-DAT,2
D-DAT-0003v132,tokenizer_v03,toke,57,249,D-DAT,2
D-DAT-0003v166,tokenizer_v03,toke,83,432,D-DAT,2
D-DAT-0003v260,tokenizer_v03,toke,68,353,D-DAT,2
D-DAT-0003v44,tokenizer_v03,toke,64,281,D-DAT,2
D-DAT-0003v91,tokenizer_v03,toke,52,260,D-DAT,2
D-DAT-0004v1,tokenizer_v03,toke,67,290,D-DAT,2
D-DAT-0004v110,tokenizer_v03,toke,106,484,D-DAT,2
D-DAT-0004v192,tokenizer_v03,toke,105,531,D-DAT,2
D-DAT-0004v211,tokenizer_v03,toke,65,288,D-DAT,2
D-DAT-0004v217,tokenizer_v03,toke,61,266,D-DAT,2
D-DAT-0004v227,tokenizer_v03,toke,119,545,D-DAT,2
D-DAT-0004v88,tokenizer_v03,toke,115,550,D-DAT,2
D-DAT-0005v117,tokenizer_v03,toke,50,231,D-DAT,2
D-DAT-0005v146,tokenizer_v03,toke,59,254,D-DAT,2
D-DAT-0005v155,tokenizer_v03,toke,30,186,D-DAT,2
D-DAT-0005v184,tokenizer_v03,toke,63,265,D-DAT,2
D-DAT-0005v228,tokenizer_v03,toke,40,217,D-DAT,2
D-DAT-0005v237,tokenizer_v03,toke,31,188,D-DAT,2
D-DAT-0005v44,tokenizer_v03,toke,36,206,D-DAT,2
D-DAT-0005v53,tokenizer_v03,toke,33,180,D-DAT,2
D-DAT-0006v103,tokenizer_v03,toke,42,231,D-DAT,2
D-DAT-0006v225,tokenizer_v03,toke,39,208,D-DAT,2
D-DAT-0006v242,tokenizer_v03,toke,53,264,D-DAT,2
D-DAT-0006v255,tokenizer_v03,toke,51,271,D-DAT,2
D-DAT-0007v175,tokenizer_v03,toke,105,450,D-DAT,2
D-DAT-0007v232,tokenizer_v03,toke,71,301,D-DAT,2
D-DAT-0007v233,tokenizer_v03,toke,47,236,D-DAT,2
D-DAT-0007v37,tokenizer_v03,toke,74,312,D-DAT,2
D-DAT-0008v127,tokenizer_v03,toke,61,290,D-DAT,2
D-DAT-0008v14,tokenizer_v03,toke,57,266,D-DAT,2
D-DAT-0008v243,tokenizer_v03,toke,77,317,D-DAT,2
D-DAT-0008v258,tokenizer_v03,toke,68,308,D-DAT,2
D-DAT-0008v39,tokenizer_v03,toke,44,250,D-DAT,2
D-DAT-0009v175,tokenizer_v03,toke,51,302,D-DAT,2
D-DAT-0009v221,tokenizer_v03,toke,47,299,D-DAT,2
D-DAT-0009v235,tokenizer_v03,toke,35,189,D-DAT,2
D-DAT-0009v263,tokenizer_v03,toke,38,200,D-DAT,2
D-DAT-0009v52,tokenizer_v03,toke,71,401,D-DAT,2
D-DAT-0009v62,tokenizer_v03,toke,77,405,D-DAT,2
D-DAT-0010v170,tokenizer_v03,toke,102,475,D-DAT,3
D-DAT-0010v223,tokenizer_v03,toke,96,433,D-DAT,3
D-DAT-0010v43,tokenizer_v03,toke,42,211,D-DAT,3
D-DAT-0011v131,tokenizer_v03,toke,48,219,D-DAT,3
D-DAT-0011v160,tokenizer_v03,toke,44,219,D-DAT,3
D-DAT-0011v177,tokenizer_v03,toke,125,498,D-DAT,3
D-DAT-0011v3,tokenizer_v03,toke,117,469,D-DAT,3
D-DAT-0011v37,tokenizer_v03,toke,101,444,D-DAT,3
D-DAT-0012v134,tokenizer_v03,toke,89,395,D-DAT,3
D-DAT-0012v3,tokenizer_v03,toke,42,203,D-DAT,3
D-DAT-0012v80,tokenizer_v03,toke,44,192,D-DAT,3
D-DAT-0013v129,tokenizer_v03,toke,41,218,D-DAT,3
D-DAT-0013v143,tokenizer_v03,toke,85,414,D-DAT,3
D-DAT-0013v264,tokenizer_v03,toke,42,209,D-DAT,3
D-DAT-0013v48,tokenizer_v03,toke,80,377,D-DAT,3
D-DAT-0014v116,tokenizer_v03,toke,58,279,D-DAT,3
D-DAT-0014v175,tokenizer_v03,toke,120,536,D-DAT,3
D-DAT-0014v245,tokenizer_v03,toke,102,461,D-DAT,3
D-DAT-0014v261,tokenizer_v03,toke,54,246,D-DAT,3
D-DAT-0014v46,tokenizer_v03,toke,50,233,D-DAT,3
D-DAT-0015v100,tokenizer_v03,toke,102,558,D-DAT,3
D-DAT-0015v127,tokenizer_v03,toke,53,311,D-DAT,3
D-DAT-0015v81,tokenizer_v03,toke,65,308,D-DAT,3
D-DAT-0016v201,tokenizer_v03,toke,48,217,D-DAT,3
D-DAT-0016v21,tokenizer_v03,toke,60,231,D-DAT,3
D-DAT-0016v65,tokenizer_v03,toke,47,212,D-DAT,3
D-DAT-0017v109,tokenizer_v03,toke,54,198,D-DAT,3
D-DAT-0017v26,tokenizer_v03,toke,68,261,D-DAT,3
D-DAT-0018v149,tokenizer_v03,toke,47,199,D-DAT,3
D-DAT-0018v212,tokenizer_v03,toke,49,213,D-DAT,3
D-DAT-0018v236,tokenizer_v03,toke,44,209,D-DAT,3
D-DAT-0018v253,tokenizer_v03,toke,49,215,D-DAT,3
D-DAT-0019v148,tokenizer_v03,toke,107,506,D-DAT,3
D-DAT-0019v151,tokenizer_v03,toke,108,489,D-DAT,3
D-DAT-0019v217,tokenizer_v03,toke,99,480,D-DAT,3
D-DAT-0019v76,tokenizer_v03,toke,109,564,D-DAT,3
D-DAT-0020v170,tokenizer_v03,toke,55,236,D-DAT,3
D-DAT-0020v59,tokenizer_v03,toke,55,223,D-DAT,3
D-DAT-0020v83,tokenizer_v03,toke,116,509,D-DAT,3
D-DAT-0020v91,tokenizer_v03,toke,93,388,D-DAT,3
D-DAT-0021v125,tokenizer_v03,toke,88,383,D-DAT,3
D-DAT-0021v155,tokenizer_v03,toke,74,332,D-DAT,3
D-DAT-0021v162,tokenizer_v03,toke,81,381,D-DAT,3
D-DAT-0021v172,tokenizer_v03,toke,103,391,D-DAT,3
D-DAT-0021v226,tokenizer_v03,toke,84,341,D-DAT,3
D-DAT-0021v60,tokenizer_v03,toke,101,469,D-DAT,3
D-DAT-0022v123,tokenizer_v03,toke,98,449,D-DAT,2
D-DAT-0022v125,tokenizer_v03,toke,58,222,D-DAT,2
D-DAT-0022v173,tokenizer_v03,toke,105,456,D-DAT,2
D-DAT-0022v186,tokenizer_v03,toke,112,467,D-DAT,2
D-DAT-0022v204,tokenizer_v03,toke,93,432,D-DAT,2
D-DAT-0022v205,tokenizer_v03,toke,90,438,D-DAT,2
D-DAT-0022v206,tokenizer_v03,toke,96,444,D-DAT,2
D-DAT-0022v250,tokenizer_v03,toke,100,465,D-DAT,2
D-DAT-0022v251,tokenizer_v03,toke,104,456,D-DAT,2
D-DAT-0022v60,tokenizer_v03,toke,126,536,D-DAT,2
D-DAT-0023v104,tokenizer_v03,toke,94,408,D-DAT,2
D-DAT-0023v223,tokenizer_v03,toke,106,444,D-DAT,2
D-DAT-0023v53,tokenizer_v03,toke,116,416,D-DAT,2
D-DAT-0023v66,tokenizer_v03,toke,113,401,D-DAT,2
D-DAT-0024v141,tokenizer_v03,toke,113,455,D-DAT,2
D-DAT-0024v17,tokenizer_v03,toke,59,222,D-DAT,2
D-DAT-0024v220,tokenizer_v03,toke,118,543,D-DAT,2
D-DAT-0024v224,tokenizer_v03,toke,97,390,D-DAT,2
D-DAT-0024v40,tokenizer_v03,toke,58,210,D-DAT,2
D-DAT-0024v72,tokenizer_v03,toke,54,227,D-DAT,2
D-DAT-0024v76,tokenizer_v03,toke,104,431,D-DAT,2
D-DAT-0025v137,tokenizer_v03,toke,113,469,D-DAT,2
D-DAT-0025v199,tokenizer_v03,toke,62,237,D-DAT,2
D-DAT-0025v206,tokenizer_v03,toke,79,325,D-DAT,2
D-DAT-0025v219,tokenizer_v03,toke,103,463,D-DAT,2
D-DAT-0025v237,tokenizer_v03,toke,60,220,D-DAT,2
D-DAT-0025v4,tokenizer_v03,toke,133,519,D-DAT,2
D-DAT-0025v75,tokenizer_v03,toke,121,520,D-DAT,2
D-DAT-0025v82,tokenizer_v03,toke,64,256,D-DAT,2
D-DAT-0025v92,tokenizer_v03,toke,66,258,D-DAT,2
D-DAT-0026v172,tokenizer_v03,toke,111,510,D-DAT,2
D-DAT-0026v236,tokenizer_v03,toke,113,510,D-DAT,2
D-DAT-0026v262,tokenizer_v03,toke,71,298,D-DAT,2
D-DAT-0026v68,tokenizer_v03,toke,125,551,D-DAT,2
D-DAT-0026v99,tokenizer_v03,toke,92,434,D-DAT,2
D-FIO-0001v100,tokenizer_v03,toke,41,215,D-FIO,2
D-FIO-0001v149,tokenizer_v03,toke,48,211,D-FIO,2
D-FIO-0001v155,tokenizer_v03,toke,49,267,D-FIO,2
D-FIO-0001v221,tokenizer_v03,toke,43,212,D-FIO,2
D-FIO-0001v250,tokenizer_v03,toke,55,238,D-FIO,2
D-FIO-0001v262,tokenizer_v03,toke,45,208,D-FIO,2
D-FIO-0001v372,tokenizer_v03,toke,74,343,D-FIO,2
D-FIO-0001v4,tokenizer_v03,toke,67,296,D-FIO,2
D-FIO-0002,tokenizer_v03,toke,41,198,D-FIO,2
D-FIO-0002v158,tokenizer_v03,toke,49,204,D-FIO,2
D-FIO-0002v171,tokenizer_v03,toke,48,230,D-FIO,2
D-FIO-0002v260,tokenizer_v03,toke,44,231,D-FIO,2
D-FIO-0002v362,tokenizer_v03,toke,45,209,D-FIO,2
D-FIO-0003v106,tokenizer_v03,toke,73,316,D-FIO,2
D-FIO-0003v139,tokenizer_v03,toke,66,315,D-FIO,2
D-FIO-0003v167,tokenizer_v03,toke,88,361,D-FIO,2
D-FIO-0003v250,tokenizer_v03,toke,67,306,D-FIO,2
D-FIO-0003v345,tokenizer_v03,toke,90,381,D-FIO,2
D-FIO-0003v42,tokenizer_v03,toke,74,329,D-FIO,2
D-FIO-0003v97,tokenizer_v03,toke,80,339,D-FIO,2
D-FIO-0004v110,tokenizer_v03,toke,112,429,D-FIO,2
D-FIO-0004v19,tokenizer_v03,toke,65,330,D-FIO,2
D-FIO-0004v252,tokenizer_v03,toke,60,284,D-FIO,2
D-FIO-0004v340,tokenizer_v03,toke,73,359,D-FIO,2
D-FIO-0004v67,tokenizer_v03,toke,97,388,D-FIO,2
D-FIO-0005v134,tokenizer_v03,toke,61,304,D-FIO,2
D-FIO-0005v241,tokenizer_v03,toke,81,338,D-FIO,2
D-FIO-0005v249,tokenizer_v03,toke,71,309,D-FIO,2
D-FIO-0005v257,tokenizer_v03,toke,79,315,D-FIO,2
D-FIO-0005v275,tokenizer_v03,toke,64,327,D-FIO,2
D-FIO-0005v281,tokenizer_v03,toke,76,319,D-FIO,2
D-FIO-0005v284,tokenizer_v03,toke,62,286,D-FIO,2
D-FIO-0005v346,tokenizer_v03,toke,58,303,D-FIO,2
D-FIO-0005v348,tokenizer_v03,toke,67,304,D-FIO,2
D-FIO-0005v8,tokenizer_v03,toke,83,350,D-FIO,2
D-FIO-0006v119,tokenizer_v03,toke,37,159,D-FIO,2
D-FIO-0006v207,tokenizer_v03,toke,52,218,D-FIO,2
D-FIO-0006v312,tokenizer_v03,toke,45,175,D-FIO,2
D-FIO-0006v78,tokenizer_v03,toke,54,231,D-FIO,2
D-FIO-0007v170,tokenizer_v03,toke,64,298,D-FIO,2
D-FIO-0007v190,tokenizer_v03,toke,47,244,D-FIO,2
D-FIO-0007v193,tokenizer_v03,toke,61,332,D-FIO,2
D-FIO-0007v225,tokenizer_v03,toke,58,312,D-FIO,2
D-FIO-0007v258,tokenizer_v03,toke,53,314,D-FIO,2
D-FIO-0007v261,tokenizer_v03,toke,56,300,D-FIO,2
D-FIO-0007v306,tokenizer_v03,toke,60,339,D-FIO,2
D-FIO-0007v309,tokenizer_v03,toke,53,288,D-FIO,2
D-FIO-0007v318,tokenizer_v03,toke,45,274,D-FIO,2
D-FIO-0007v61,tokenizer_v03,toke,58,302,D-FIO,2
D-FIO-0008v109,tokenizer_v03,toke,98,387,D-FIO,2
D-FIO-0008v115,tokenizer_v03,toke,83,363,D-FIO,2
D-FIO-0008v189,tokenizer_v03,toke,70,295,D-FIO,2
D-FIO-0008v202,tokenizer_v03,toke,81,376,D-FIO,2
D-FIO-0008v290,tokenizer_v03,toke,78,375,D-FIO,2
D-FIO-0008v296,tokenizer_v03,toke,64,279,D-FIO,2
D-FIO-0008v325,tokenizer_v03,toke,90,390,D-FIO,2
D-FIO-0008v39,tokenizer_v03,toke,84,329,D-FIO,2
D-FIO-0008v93,tokenizer_v03,toke,79,358,D-FIO,2
D-FIO-0009v265,tokenizer_v03,toke,43,195,D-FIO,2
D-FIO-0010v113,tokenizer_v03,toke,70,268,D-FIO,2
D-FIO-0010v119,tokenizer_v03,toke,93,437,D-FIO,2
D-FIO-0010v196,tokenizer_v03,toke,62,269,D-FIO,2
D-FIO-0010v208,tokenizer_v03,toke,35,203,D-FIO,2
D-FIO-0010v284,tokenizer_v03,toke,57,237,D-FIO,2
D-FIO-0010v292,tokenizer_v03,toke,46,269,D-FIO,2
D-FIO-0010v33,tokenizer_v03,toke,51,227,D-FIO,2
D-FIO-0010v54,tokenizer_v03,toke,64,269,D-FIO,2
D-FIO-0010v94,tokenizer_v03,toke,49,253,D-FIO,2
D-FIO-0012v14,tokenizer_v03,toke,39,203,D-FIO,2
D-FIO-0012v229,tokenizer_v03,toke,42,188,D-FIO,2
D-FIO-0012v241,tokenizer_v03,toke,54,205,D-FIO,2
D-FIO-0012v252,tokenizer_v03,toke,39,210,D-FIO,2
D-FIO-0012v279,tokenizer_v03,toke,42,209,D-FIO,2
D-FIO-0012v74,tokenizer_v03,toke,44,174,D-FIO,2
D-FIO-0012v75,tokenizer_v03,toke,50,241,D-FIO,2
D-FIO-0013v115,tokenizer_v03,toke,59,255,D-FIO,2
D-FIO-0013v298,tokenizer_v03,toke,67,330,D-FIO,2
D-FIO-0013v356,tokenizer_v03,toke,51,298,D-FIO,2
D-FIO-0013v41,tokenizer_v03,toke,58,283,D-FIO,2
D-FIO-0014v185,tokenizer_v03,toke,69,286,D-FIO,2
D-FIO-0014v230,tokenizer_v03,toke,67,314,D-FIO,2
D-FIO-0014v28,tokenizer_v03,toke,56,248,D-FIO,2
D-FIO-0014v297,tokenizer_v03,toke,66,279,D-FIO,2
D-FIO-0015v219,tokenizer_v03,toke,75,274,D-FIO,2
D-FIO-0015v326,tokenizer_v03,toke,68,289,D-FIO,2
D-FIO-0016v125,tokenizer_v03,toke,73,233,D-FIO,2
D-FIO-0016v189,tokenizer_v03,toke,58,213,D-FIO,2
D-FIO-0016v255,tokenizer_v03,toke,81,259,D-FIO,2
D-FIO-0016v284,tokenizer_v03,toke,59,241,D-FIO,2
D-FIO-0016v338,tokenizer_v03,toke,80,282,D-FIO,2
D-FIO-0016v73,tokenizer_v03,toke,46,127,D-FIO,2
D-FIO-0017v111,tokenizer_v03,toke,56,280,D-FIO,2
D-FIO-0017v114,tokenizer_v03,toke,58,258,D-FIO,2
D-FIO-0017v15,tokenizer_v03,toke,52,221,D-FIO,2
D-FIO-0017v204,tokenizer_v03,toke,63,304,D-FIO,2
D-FIO-0017v218,tokenizer_v03,toke,59,281,D-FIO,2
D-FIO-0017v230,tokenizer_v03,toke,57,264,D-FIO,2
D-FIO-0017v252,tokenizer_v03,toke,52,261,D-FIO,2
D-FIO-0017v260,tokenizer_v03,toke,59,290,D-FIO,2
D-FIO-0017v284,tokenizer_v03,toke,44,221,D-FIO,2
D-FIO-0017v287,tokenizer_v03,toke,52,238,D-FIO,2
D-FIO-0017v332,tokenizer_v03,toke,41,216,D-FIO,2
D-FIO-0017v335,tokenizer_v03,toke,47,215,D-FIO,2
D-FIO-0017v347,tokenizer_v03,toke,34,190,D-FIO,2
D-FIO-0017v376,tokenizer_v03,toke,34,176,D-FIO,2
D-FIO-0017v90,tokenizer_v03,toke,36,194,D-FIO,2
D-FIO-0018v100,tokenizer_v03,toke,85,452,D-FIO,2
D-FIO-0018v126,tokenizer_v03,toke,70,431,D-FIO,2
D-FIO-0018v148,tokenizer_v03,toke,78,385,D-FIO,2
D-FIO-0018v151,tokenizer_v03,toke,86,389,D-FIO,2
D-FIO-0018v225,tokenizer_v03,toke,105,457,D-FIO,2
D-FIO-0018v3,tokenizer_v03,toke,46,264,D-FIO,2
D-FIO-0018v6,tokenizer_v03,toke,60,308,D-FIO,2
D-FIO-0018v63,tokenizer_v03,toke,58,309,D-FIO,2
D-FIO-0018v92,tokenizer_v03,toke,60,362,D-FIO,2
D-NET-0001v173,tokenizer_v03,toke,44,210,D-NET,2
D-NET-0001v218,tokenizer_v03,toke,49,214,D-NET,2
D-NET-0001v259,tokenizer_v03,toke,37,203,D-NET,2
D-NET-0001v292,tokenizer_v03,toke,34,198,D-NET,2
D-NET-0001v302,tokenizer_v03,toke,70,301,D-NET,2
D-NET-0001v306,tokenizer_v03,toke,51,226,D-NET,2
D-NET-0001v321,tokenizer_v03,toke,48,188,D-NET,2
D-NET-0002v139,tokenizer_v03,toke,61,269,D-NET,2
D-NET-0002v215,tokenizer_v03,toke,98,417,D-NET,2
D-NET-0003v165,tokenizer_v03,toke,92,398,D-NET,2
D-NET-0003v192,tokenizer_v03,toke,88,382,D-NET,2
D-NET-0003v213,tokenizer_v03,toke,109,529,D-NET,2
D-NET-0003v238,tokenizer_v03,toke,168,640,D-NET,2
D-NET-0003v283,tokenizer_v03,toke,114,459,D-NET,2
D-NET-0003v340,tokenizer_v03,toke,103,509,D-NET,2
D-NET-0003v36,tokenizer_v03,toke,77,350,D-NET,2
D-NET-0003v94,tokenizer_v03,toke,84,408,D-NET,2
D-NET-0004v150,tokenizer_v03,toke,85,387,D-NET,2
D-NET-0004v165,tokenizer_v03,toke,89,370,D-NET,2
D-NET-0004v212,tokenizer_v03,toke,86,406,D-NET,2
D-NET-0004v233,tokenizer_v03,toke,61,258,D-NET,2
D-NET-0004v269,tokenizer_v03,toke,83,330,D-NET,2
D-NET-0004v63,tokenizer_v03,toke,73,332,D-NET,2
D-NET-0004v73,tokenizer_v03,toke,109,456,D-NET,2
D-NET-0005v126,tokenizer_v03,toke,63,225,D-NET,2
D-NET-0005v2,tokenizer_v03,toke,51,248,D-NET,2
D-NET-0005v27,tokenizer_v03,toke,44,229,D-NET,2
D-NET-0005v270,tokenizer_v03,toke,50,215,D-NET,2
D-NET-0005v280,tokenizer_v03,toke,57,248,D-NET,2
D-NET-0005v289,tokenizer_v03,toke,41,203,D-NET,2
D-NET-0005v302,tokenizer_v03,toke,53,261,D-NET,2
D-NET-0005v48,tokenizer_v03,toke,59,246,D-NET,2
D-NET-0005v96,tokenizer_v03,toke,51,214,D-NET,2
D-NET-0006v137,tokenizer_v03,toke,62,294,D-NET,2
D-NET-0006v172,tokenizer_v03,toke,75,352,D-NET,2
D-NET-0006v176,tokenizer_v03,toke,87,402,D-NET,2
D-NET-0007v123,tokenizer_v03,toke,66,266,D-NET,2
D-NET-0007v132,tokenizer_v03,toke,72,302,D-NET,2
D-NET-0007v156,tokenizer_v03,toke,60,285,D-NET,2
D-NET-0007v33,tokenizer_v03,toke,57,262,D-NET,2
D-NET-0007v38,tokenizer_v03,toke,72,295,D-NET,2
D-NET-0007v43,tokenizer_v03,toke,67,324,D-NET,2
D-NET-0007v58,tokenizer_v03,toke,63,296,D-NET,2
D-NET-0007v59,tokenizer_v03,toke,69,316,D-NET,2
D-NET-0007v69,tokenizer_v03,toke,56,260,D-NET,2
D-NET-0008v144,tokenizer_v03,toke,113,447,D-NET,2
D-NET-0008v238,tokenizer_v03,toke,75,373,D-NET,2
D-NET-0008v253,tokenizer_v03,toke,96,426,D-NET,2
D-NET-0008v28,tokenizer_v03,toke,71,356,D-NET,2
D-NET-0008v329,tokenizer_v03,toke,102,451,D-NET,2
D-NET-0008v330,tokenizer_v03,toke,81,337,D-NET,2
D-NET-0008v39,tokenizer_v03,toke,74,364,D-NET,2
D-NET-0009v171,tokenizer_v03,toke,54,259,D-NET,2
D-NET-0009v224,tokenizer_v03,toke,60,248,D-NET,2
D-NET-0009v237,tokenizer_v03,toke,41,192,D-NET,2
D-NET-0009v264,tokenizer_v03,toke,61,236,D-NET,2
D-NET-0009v285,tokenizer_v03,toke,69,270,D-NET,2
D-NET-0009v303,tokenizer_v03,toke,60,248,D-NET,2
D-NET-0009v36,tokenizer_v03,toke,68,292,D-NET,2
D-NET-0010v240,tokenizer_v03,toke,51,206,D-NET,2
D-NET-0010v290,tokenizer_v03,toke,50,197,D-NET,2
D-NET-0010v69,tokenizer_v03,toke,45,185,D-NET,2
D-NET-0010v73,tokenizer_v03,toke,53,216,D-NET,2
D-NET-0011v190,tokenizer_v03,toke,50,239,D-NET,2
D-NET-0011v195,tokenizer_v03,toke,56,297,D-NET,2
D-NET-0011v200,tokenizer_v03,toke,71,305,D-NET,2
D-NET-0011v236,tokenizer_v03,toke,53,245,D-NET,2
D-NET-0011v296,tokenizer_v03,toke,54,253,D-NET,2
D-NET-0012v139,tokenizer_v03,toke,60,316,D-NET,2
D-NET-0012v163,tokenizer_v03,toke,63,272,D-NET,2
D-NET-0012v183,tokenizer_v03,toke,65,237,D-NET,2
D-NET-0012v211,tokenizer_v03,toke,67,274,D-NET,2
D-NET-0012v258,tokenizer_v03,toke,71,300,D-NET,2
D-NET-0012v290,tokenizer_v03,toke,63,272,D-NET,2
D-NET-0012v297,tokenizer_v03,toke,65,257,D-NET,2
D-NET-0012v53,tokenizer_v03,toke,75,297,D-NET,2
D-NET-0012v6,tokenizer_v03,toke,65,296,D-NET,2
D-NET-0013v10,tokenizer_v03,toke,72,327,D-NET,2
D-NET-0013v118,tokenizer_v03,toke,66,298,D-NET,2
D-NET-0013v147,tokenizer_v03,toke,57,272,D-NET,2
D-NET-0013v156,tokenizer_v03,toke,60,293,D-NET,2
D-NET-0013v203,tokenizer_v03,toke,59,283,D-NET,2
D-NET-0013v328,tokenizer_v03,toke,53,247,D-NET,2
D-NET-0013v340,tokenizer_v03,toke,55,242,D-NET,2
D-NET-0013v40,tokenizer_v03,toke,54,189,D-NET,2
D-NET-0013v80,tokenizer_v03,toke,65,256,D-NET,2
D-NET-0013v9,tokenizer_v03,toke,66,268,D-NET,2
D-NET-0014v118,tokenizer_v03,toke,76,297,D-NET,2
D-NET-0014v134,tokenizer_v03,toke,74,279,D-NET,2
D-NET-0014v229,tokenizer_v03,toke,59,248,D-NET,2
D-NET-0014v305,tokenizer_v03,toke,59,244,D-NET,2
D-NET-0014v59,tokenizer_v03,toke,77,315,D-NET,2
D-NET-0015v160,tokenizer_v03,toke,65,242,D-NET,2
D-NET-0015v178,tokenizer_v03,toke,46,197,D-NET,2
D-NET-0015v183,tokenizer_v03,toke,76,249,D-NET,2
D-NET-0015v195,tokenizer_v03,toke,72,277,D-NET,2
D-NET-0015v2,tokenizer_v03,toke,47,181,D-NET,2
D-NET-0015v21,tokenizer_v03,toke,59,215,D-NET,2
D-NET-0015v303,tokenizer_v03,toke,62,228,D-NET,2
D-NET-0015v330,tokenizer_v03,toke,59,232,D-NET,2
D-NET-0015v337,tokenizer_v03,toke,59,240,D-NET,2
D-NET-0016v192,tokenizer_v03,toke,96,427,D-NET,2
D-NET-0016v238,tokenizer_v03,toke,128,544,D-NET,2
D-NET-0016v33,tokenizer_v03,toke,88,455,D-NET,2
D-NET-0016v49,tokenizer_v03,toke,115,476,D-NET,2
D-NET-0016v98,tokenizer_v03,toke,100,617,D-NET,2
D-NET-0017v1,tokenizer_v03,toke,53,205,D-NET,2
D-NET-0017v119,tokenizer_v03,toke,32,175,D-NET,2
D-NET-0017v142,tokenizer_v03,toke,49,251,D-NET,2
D-NET-0017v177,tokenizer_v03,toke,60,239,D-NET,2
D-NET-0017v55,tokenizer_v03,toke,43,193,D-NET,2
D-NET-0018v137,tokenizer_v03,toke,47,248,D-NET,2
D-NET-0018v234,tokenizer_v03,toke,39,205,D-NET,2
D-NET-0018v27,tokenizer_v03,toke,73,308,D-NET,2
D-NET-0018v273,tokenizer_v03,toke,78,310,D-NET,2
D-NET-0018v63,tokenizer_v03,toke,40,222,D-NET,2
D-NET-0019v115,tokenizer_v03,toke,70,357,D-NET,2
D-NET-0019v129,tokenizer_v03,toke,44,225,D-NET,2
D-NET-0019v18,tokenizer_v03,toke,59,304,D-NET,2
D-NET-0019v218,tokenizer_v03,toke,63,286,D-NET,2
D-NET-0019v283,tokenizer_v03,toke,47,255,D-NET,2
D-NET-0020v119,tokenizer_v03,toke,69,351,D-NET,2
D-NET-0020v125,tokenizer_v03,toke,82,372,D-NET,2
D-NET-0020v137,tokenizer_v03,toke,82,447,D-NET,2
D-NET-0020v156,tokenizer_v03,toke,69,352,D-NET,2
D-NET-0020v211,tokenizer_v03,toke,69,374,D-NET,2
D-NET-0020v218,tokenizer_v03,toke,85,454,D-NET,2
D-NET-0020v256,tokenizer_v03,toke,89,409,D-NET,2
D-NET-0020v260,tokenizer_v03,toke,71,356,D-NET,2
D-NET-0020v335,tokenizer_v03,toke,68,342,D-NET,2
D-NET-0020v92,tokenizer_v03,toke,75,405,D-NET,2
D-TST-0001v259,tokenizer_v03,toke,52,242,D-TST,1
D-TST-0001v30,tokenizer_v03,toke,66,255,D-TST,1
D-TST-0002v156,tokenizer_v03,toke,39,228,D-TST,1
D-TST-0002v188,tokenizer_v03,toke,49,247,D-TST,1
D-TST-0002v20,tokenizer_v03,toke,33,204,D-TST,1
D-TST-0002v264,tokenizer_v03,toke,69,258,D-TST,1
D-TST-0002v37,tokenizer_v03,toke,51,213,D-TST,1
D-TST-0003v133,tokenizer_v03,toke,49,197,D-TST,1
D-TST-0003v18,tokenizer_v03,toke,63,267,D-TST,1
D-TST-0003v247,tokenizer_v03,toke,49,211,D-TST,1
D-TST-0003v89,tokenizer_v03,toke,56,236,D-TST,1
D-TST-0004v150,tokenizer_v03,toke,45,218,D-TST,1
D-TST-0004v237,tokenizer_v03,toke,32,166,D-TST,1
D-TST-0005v131,tokenizer_v03,toke,56,252,D-TST,1
D-TST-0005v14,tokenizer_v03,toke,31,177,D-TST,1
D-TST-0005v242,tokenizer_v03,toke,63,245,D-TST,1
D-TST-0005v256,tokenizer_v03,toke,36,181,D-TST,1
D-TST-0005v3,tokenizer_v03,toke,46,263,D-TST,1
D-TST-0006v144,tokenizer_v03,toke,54,246,D-TST,1
D-TST-0006v203,tokenizer_v03,toke,58,286,D-TST,1
D-TST-0007v123,tokenizer_v03,toke,56,295,D-TST,1
D-TST-0007v228,tokenizer_v03,toke,56,266,D-TST,1
D-TST-0007v255,tokenizer_v03,toke,37,173,D-TST,1
D-TST-0008v116,tokenizer_v03,toke,66,323,D-TST,1
D-TST-0008v200,tokenizer_v03,toke,39,192,D-TST,1
D-TST-0008v227,tokenizer_v03,toke,38,202,D-TST,1
D-TST-0008v252,tokenizer_v03,toke,43,253,D-TST,1
D-TST-0008v265,tokenizer_v03,toke,60,294,D-TST,1
D-TST-0008v93,tokenizer_v03,toke,52,250,D-TST,1
D-TST-0009v102,tokenizer_v03,toke,71,366,D-TST,1
D-TST-0009v147,tokenizer_v03,toke,57,268,D-TST,1
D-TST-0010v155,tokenizer_v03,toke,56,300,D-TST,1
D-TST-0010v56,tokenizer_v03,toke,56,246,D-TST,1
D-TST-0011v183,tokenizer_v03,toke,58,230,D-TST,2
D-TST-0011v231,tokenizer_v03,toke,57,248,D-TST,2
D-TST-0011v77,tokenizer_v03,toke,40,180,D-TST,2
D-TST-0012v141,tokenizer_v03,toke,55,215,D-TST,2
D-TST-0012v263,tokenizer_v03,toke,101,398,D-TST,2
D-TST-0012v32,tokenizer_v03,toke,60,232,D-TST,2
D-TST-0013v143,tokenizer_v03,toke,51,229,D-TST,2
D-TST-0013v19,tokenizer_v03,toke,50,225,D-TST,2
D-TST-0013v81,tokenizer_v03,toke,90,383,D-TST,2
D-TST-0014v19,tokenizer_v03,toke,101,392,D-TST,2
D-TST-0014v249,tokenizer_v03,toke,87,411,D-TST,2
D-TST-0014v50,tokenizer_v03,toke,58,242,D-TST,2
D-TST-0015v14,tokenizer_v03,toke,65,277,D-TST,2
D-TST-0015v172,tokenizer_v03,toke,103,459,D-TST,2
D-TST-0015v179,tokenizer_v03,toke,98,437,D-TST,2
D-TST-0015v206,tokenizer_v03,toke,99,457,D-TST,2
D-TST-0015v259,tokenizer_v03,toke,104,439,D-TST,2
D-TST-0015v38,tokenizer_v03,toke,106,563,D-TST,2
D-TST-0016v114,tokenizer_v03,toke,64,265,D-TST,2
D-TST-0016v19,tokenizer_v03,toke,116,411,D-TST,2
D-TST-0016v201,tokenizer_v03,toke,104,383,D-TST,2
D-TST-0016v30,tokenizer_v03,toke,74,306,D-TST,2
D-TST-0016v76,tokenizer_v03,toke,116,465,D-TST,2
D-TST-0016v81,tokenizer_v03,toke,62,239,D-TST,2
D-TST-0016v91,tokenizer_v03,toke,133,565,D-TST,2
D-TST-0017v101,tokenizer_v03,toke,63,239,D-TST,2
D-TST-0017v108,tokenizer_v03,toke,55,204,D-TST,2
D-TST-0017v148,tokenizer_v03,toke,46,216,D-TST,2
D-TST-0017v180,tokenizer_v03,toke,54,199,D-TST,2
D-TST-0017v188,tokenizer_v03,toke,44,219,D-TST,2
D-TST-0017v243,tokenizer_v03,toke,49,224,D-TST,2
D-TST-0017v53,tokenizer_v03,toke,46,212,D-TST,2
D-TST-0018v111,tokenizer_v03,toke,47,228,D-TST,2
D-TST-0018v261,tokenizer_v03,toke,63,295,D-TST,2
D-TST-0018v81,tokenizer_v03,toke,50,251,D-TST,2
D-TST-0018v94,tokenizer_v03,toke,48,228,D-TST,2
D-TST-0019v169,tokenizer_v03,toke,58,300,D-TST,2
D-TST-0019v221,tokenizer_v03,toke,60,274,D-TST,2
D-TST-0019v4,tokenizer_v03,toke,48,255,D-TST,2
D-TST-0020v11,tokenizer_v03,toke,48,237,D-TST,2
D-TST-0020v132,tokenizer_v03,toke,61,302,D-TST,2
D-TST-0020v15,tokenizer_v03,toke,46,205,D-TST,2
D-TST-0020v161,tokenizer_v03,toke,60,281,D-TST,2
D-TST-0020v18,tokenizer_v03,toke,72,301,D-TST,2
D-TST-0020v190,tokenizer_v03,toke,58,289,D-TST,2
D-TST-0020v21,tokenizer_v03,toke,54,215,D-TST,2
D-TST-0020v6,tokenizer_v03,toke,67,312,D-TST,2
D-TST-0021,tokenizer_v03,toke,68,298,D-TST,2
D-TST-0021v10,tokenizer_v03,toke,62,300,D-TST,2
D-TST-0021v124,tokenizer_v03,toke,73,307,D-TST,2
D-TST-0021v14,tokenizer_v03,toke,76,417,D-TST,2
D-TST-0021v157,tokenizer_v03,toke,61,307,D-TST,2
D-TST-0021v163,tokenizer_v03,toke,61,334,D-TST,2
D-TST-0021v170,tokenizer_v03,toke,56,296,D-TST,2
D-TST-0021v180,tokenizer_v03,toke,54,282,D-TST,2
D-TST-0021v219,tokenizer_v03,toke,49,230,D-TST,2
D-TST-0021v221,tokenizer_v03,toke,57,275,D-TST,2
D-TST-0021v240,tokenizer_v03,toke,49,233,D-TST,2
D-TST-0021v255,tokenizer_v03,toke,48,206,D-TST,2
D-TST-0021v260,tokenizer_v03,toke,51,251,D-TST,2
D-TST-0022v116,tokenizer_v03,toke,36,175,D-TST,2
D-TST-0022v14,tokenizer_v03,toke,50,172,D-TST,2
D-TST-0022v193,tokenizer_v03,toke,47,171,D-TST,2
D-TST-0022v28,tokenizer_v03,toke,46,176,D-TST,2
D-TST-0022v52,tokenizer_v03,toke,46,175,D-TST,2
D-TST-0022v69,tokenizer_v03,toke,34,158,D-TST,2
D-TST-0022v81,tokenizer_v03,toke,51,196,D-TST,2
D-TST-0022v9,tokenizer_v03,toke,46,185,D-TST,2
D-TST-0023v102,tokenizer_v03,toke,46,223,D-TST,3
D-TST-0023v146,tokenizer_v03,toke,52,210,D-TST,3
D-TST-0023v176,tokenizer_v03,toke,49,212,D-TST,3
D-TST-0023v185,tokenizer_v03,toke,42,177,D-TST,3
D-TST-0023v198,tokenizer_v03,toke,59,226,D-TST,3
D-TST-0023v236,tokenizer_v03,toke,65,275,D-TST,3
D-TST-0023v237,tokenizer_v03,toke,41,179,D-TST,3
D-TST-0023v238,tokenizer_v03,toke,38,168,D-TST,3
D-TST-0023v247,tokenizer_v03,toke,38,169,D-TST,3
D-TST-0023v259,tokenizer_v03,toke,78,279,D-TST,3
D-TST-0024v130,tokenizer_v03,toke,72,250,D-TST,3
D-TST-0024v136,tokenizer_v03,toke,64,221,D-TST,3
D-TST-0024v154,tokenizer_v03,toke,71,261,D-TST,3
D-TST-0024v161,tokenizer_v03,toke,60,229,D-TST,3
D-TST-0024v170,tokenizer_v03,toke,50,244,D-TST,3
D-TST-0024v185,tokenizer_v03,toke,68,234,D-TST,3
D-TST-0024v31,tokenizer_v03,toke,60,230,D-TST,3
D-TST-0024v48,tokenizer_v03,toke,56,207,D-TST,3
D-TST-0024v5,tokenizer_v03,toke,46,191,D-TST,3
D-TST-0024v52,tokenizer_v03,toke,55,234,D-TST,3
D-TST-0024v55,tokenizer_v03,toke,48,225,D-TST,3
D-TST-0024v65,tokenizer_v03,toke,65,247,D-TST,3
D-TST-0025v162,tokenizer_v03,toke,133,518,D-TST,3
D-TST-0025v202,tokenizer_v03,toke,121,523,D-TST,3
D-TST-0025v207,tokenizer_v03,toke,88,389,D-TST,3
D-TST-0025v215,tokenizer_v03,toke,114,563,D-TST,3
D-TST-0025v22,tokenizer_v03,toke,56,228,D-TST,3
D-TST-0025v241,tokenizer_v03,toke,87,352,D-TST,3
D-TST-0025v248,tokenizer_v03,toke,102,462,D-TST,3
D-TST-0025v256,tokenizer_v03,toke,160,643,D-TST,3
D-TST-0025v73,tokenizer_v03,toke,75,243,D-TST,3
D-TST-0025v85,tokenizer_v03,toke,116,461,D-TST,3
D-TST-0025v95,tokenizer_v03,toke,137,593,D-TST,3
D-WEB-0001v116,tokenizer_v03,toke,73,323,D-WEB,2
D-WEB-0001v172,tokenizer_v03,toke,73,328,D-WEB,2
D-WEB-0001v230,tokenizer_v03,toke,75,336,D-WEB,2
D-WEB-0001v236,tokenizer_v03,toke,68,315,D-WEB,2
D-WEB-0001v58,tokenizer_v03,toke,60,355,D-WEB,2
D-WEB-0001v71,tokenizer_v03,toke,73,304,D-WEB,2
D-WEB-0003v114,tokenizer_v03,toke,40,179,D-WEB,2
D-WEB-0003v128,tokenizer_v03,toke,63,322,D-WEB,2
D-WEB-0003v137,tokenizer_v03,toke,57,229,D-WEB,2
D-WEB-0003v141,tokenizer_v03,toke,50,292,D-WEB,2
D-WEB-0004v10,tokenizer_v03,toke,86,425,D-WEB,2
D-WEB-0004v143,tokenizer_v03,toke,53,305,D-WEB,2
D-WEB-0004v2,tokenizer_v03,toke,51,281,D-WEB,2
D-WEB-0004v252,tokenizer_v03,toke,59,329,D-WEB,2
D-WEB-0005v24,tokenizer_v03,toke,104,447,D-WEB,3
D-WEB-0005v248,tokenizer_v03,toke,103,435,D-WEB,3
D-WEB-0005v5,tokenizer_v03,toke,116,563,D-WEB,3
D-WEB-0005v63,tokenizer_v03,toke,71,350,D-WEB,3
D-WEB-0005v65,tokenizer_v03,toke,105,475,D-WEB,3
D-WEB-0006v128,tokenizer_v03,toke,47,205,D-WEB,3
D-WEB-0006v148,tokenizer_v03,toke,67,309,D-WEB,3
D-WEB-0006v16,tokenizer_v03,toke,78,365,D-WEB,3
D-WEB-0006v177,tokenizer_v03,toke,77,312,D-WEB,3
D-WEB-0006v179,tokenizer_v03,toke,63,281,D-WEB,3
D-WEB-0006v190,tokenizer_v03,toke,61,247,D-WEB,3
D-WEB-0006v222,tokenizer_v03,toke,51,241,D-WEB,3
D-WEB-0006v224,tokenizer_v03,toke,86,341,D-WEB,3
D-WEB-0006v6,tokenizer_v03,toke,82,368,D-WEB,3
D-WEB-0007v12,tokenizer_v03,toke,58,272,D-WEB,3
D-WEB-0007v177,tokenizer_v03,toke,66,338,D-WEB,3
D-WEB-0007v193,tokenizer_v03,toke,50,260,D-WEB,3
D-WEB-0007v207,tokenizer_v03,toke,52,232,D-WEB,3
D-WEB-0007v70,tokenizer_v03,toke,45,246,D-WEB,3
D-WEB-0008v102,tokenizer_v03,toke,105,386,D-WEB,3
D-WEB-0008v139,tokenizer_v03,toke,92,354,D-WEB,3
D-WEB-0008v147,tokenizer_v03,toke,138,552,D-WEB,3
D-WEB-0008v15,tokenizer_v03,toke,52,196,D-WEB,3
D-WEB-0008v172,tokenizer_v03,toke,64,279,D-WEB,3
D-WEB-0008v209,tokenizer_v03,toke,92,443,D-WEB,3
D-WEB-0008v75,tokenizer_v03,toke,58,212,D-WEB,3
D-WEB-0008v93,tokenizer_v03,toke,94,390,D-WEB,3
D-WEB-0009v1,tokenizer_v03,toke,78,230,D-WEB,2
D-WEB-0009v107,tokenizer_v03,toke,77,258,D-WEB,2
D-WEB-0009v138,tokenizer_v03,toke,89,404,D-WEB,2
D-WEB-0009v198,tokenizer_v03,toke,49,207,D-WEB,2
D-WEB-0010v178,tokenizer_v03,toke,46,208,D-WEB,2
D-WEB-0010v208,tokenizer_v03,toke,44,154,D-WEB,2
D-WEB-0010v217,tokenizer_v03,toke,48,158,D-WEB,2
D-WEB-0010v29,tokenizer_v03,toke,57,259,D-WEB,2
D-WEB-0010v84,tokenizer_v03,toke,47,248,D-WEB,2
D-WEB-0010v87,tokenizer_v03,toke,37,193,D-WEB,2
D-WEB-0011v170,tokenizer_v03,toke,76,249,D-WEB,2
D-WEB-0012v125,tokenizer_v03,toke,38,145,D-WEB,2
D-WEB-0012v178,tokenizer_v03,toke,66,276,D-WEB,2
D-WEB-0013v242,tokenizer_v03,toke,163,539,D-WEB,2
D-WEB-0013v35,tokenizer_v03,toke,70,358,D-WEB,2
D-WEB-0013v41,tokenizer_v03,toke,52,323,D-WEB,2
D-WEB-0013v47,tokenizer_v03,toke,80,296,D-WEB,2
D-WEB-0013v6,tokenizer_v03,toke,46,209,D-WEB,2
D-WEB-0013v63,tokenizer_v03,toke,82,319,D-WEB,2
D-WEB-0013v74,tokenizer_v03,toke,64,302,D-WEB,2
D-WEB-0013v76,tokenizer_v03,toke,40,220,D-WEB,2
D-WEB-0013v97,tokenizer_v03,toke,64,283,D-WEB,2
D-WEB-0014v139,tokenizer_v03,toke,52,229,D-WEB,2
D-WEB-0014v181,tokenizer_v03,toke,48,182,D-WEB,2
D-WEB-0014v222,tokenizer_v03,toke,41,240,D-WEB,2
D-WEB-0014v228,tokenizer_v03,toke,35,188,D-WEB,2
D-WEB-0014v232,tokenizer_v03,toke,46,192,D-WEB,2
D-WEB-0014v62,tokenizer_v03,toke,72,299,D-WEB,2
D-WEB-0014v85,tokenizer_v03,toke,29,180,D-WEB,2
D-WEB-0015v183,tokenizer_v03,toke,38,217,D-WEB,2
D-WEB-0015v230,tokenizer_v03,toke,62,384,D-WEB,2
D-WEB-0015v236,tokenizer_v03,toke,59,243,D-WEB,2
D-WEB-0015v38,tokenizer_v03,toke,53,223,D-WEB,2
D-WEB-0015v94,tokenizer_v03,toke,46,178,D-WEB,2
D-WEB-0016v120,tokenizer_v03,toke,49,199,D-WEB,2
D-WEB-0016v194,tokenizer_v03,toke,48,182,D-WEB,2
D-WEB-0016v253,tokenizer_v03,toke,42,149,D-WEB,2
D-WEB-0016v4,tokenizer_v03,toke,49,189,D-WEB,2
D-WEB-0016v46,tokenizer_v03,toke,49,187,D-WEB,2
D-WEB-0016v87,tokenizer_v03,toke,49,197,D-WEB,2
D-WEB-0017v25,tokenizer_v03,toke,59,296,D-WEB,2
D-WEB-0017v44,tokenizer_v03,toke,46,244,D-WEB,2
D-WEB-0017v73,tokenizer_v03,toke,48,210,D-WEB,2
D-WEB-0018v10,tokenizer_v03,toke,44,171,D-WEB,2
D-WEB-0018v119,tokenizer_v03,toke,60,226,D-WEB,2
D-WEB-0018v142,tokenizer_v03,toke,48,223,D-WEB,2
D-WEB-0018v145,tokenizer_v03,toke,54,263,D-WEB,2
D-WEB-0018v247,tokenizer_v03,toke,43,189,D-WEB,2
D-WEB-0018v65,tokenizer_v03,toke,47,234,D-WEB,2
D-WEB-0018v68,tokenizer_v03,toke,57,306,D-WEB,2
D-WEB-0019v133,tokenizer_v03,toke,39,132,D-WEB,2
D-WEB-0019v182,tokenizer_v03,toke,39,140,D-WEB,2
D-WEB-0019v67,tokenizer_v03,toke,39,152,D-WEB,2
D-WEB-0020v105,tokenizer_v03,toke,53,205,D-WEB,2
D-WEB-0020v109,tokenizer_v03,toke,55,211,D-WEB,2
D-WEB-0020v177,tokenizer_v03,toke,29,112,D-WEB,2
D-WEB-0021v12,tokenizer_v03,toke,53,227,D-WEB,2
D-WEB-0021v123,tokenizer_v03,toke,39,222,D-WEB,2
D-WEB-0021v125,tokenizer_v03,toke,41,159,D-WEB,2
D-WEB-0021v180,tokenizer_v03,toke,55,224,D-WEB,2
D-WEB-0021v29,tokenizer_v03,toke,32,168,D-WEB,2
D-WEB-0021v4,tokenizer_v03,toke,47,197,D-WEB,2
D-WEB-0021v70,tokenizer_v03,toke,59,296,D-WEB,2
D-WEB-0021v92,tokenizer_v03,toke,48,199,D-WEB,2
D-WEB-0022v119,tokenizer_v03,toke,51,197,D-WEB,2
D-WEB-0022v183,tokenizer_v03,toke,64,237,D-WEB,2
D-WEB-0022v222,tokenizer_v03,toke,50,203,D-WEB,2
D-WEB-0023v91,tokenizer_v03,toke,70,284,D-WEB,2
D-WEB-0023v97,tokenizer_v03,toke,48,186,D-WEB,2
D-WEB-0024v108,tokenizer_v03,toke,50,209,D-WEB,2
D-WEB-0024v220,tokenizer_v03,toke,51,211,D-WEB,2
D-WEB-0024v27,tokenizer_v03,toke,59,316,D-WEB,2
D-WEB-0025v139,tokenizer_v03,toke,65,347,D-WEB,3
D-WEB-0025v192,tokenizer_v03,toke,59,302,D-WEB,3
D-WEB-0025v199,tokenizer_v03,toke,88,353,D-WEB,3
D-WEB-0025v30,tokenizer_v03,toke,83,351,D-WEB,3
D-WEB-0025v89,tokenizer_v03,toke,74,383,D-WEB,3
D-WEB-0026v187,tokenizer_v03,toke,63,340,D-WEB,3
D-WEB-0026v205,tokenizer_v03,toke,51,223,D-WEB,3
D-WEB-0026v217,tokenizer_v03,toke,49,199,D-WEB,3
D-WEB-0026v238,tokenizer_v03,toke,78,410,D-WEB,3
D-WEB-0026v28,tokenizer_v03,toke,75,402,D-WEB,3
D-WEB-0026v96,tokenizer_v03,toke,33,156,D-WEB,3
D-WEB-0027v173,tokenizer_v03,toke,75,254,D-WEB,3
D-WEB-0027v182,tokenizer_v03,toke,68,221,D-WEB,3
D-WEB-0027v241,tokenizer_v03,toke,60,216,D-WEB,3
MIG-B-D-CFG-0013v334-2f9e09c6,tokenizer_v03,toke,105,478,D-CFG,2
MIG-B-D-CFG-0015v338-0c7d6653,tokenizer_v03,toke,63,390,D-CFG,2
MIG-B-D-CLI-0013v279-c2e9fb64,tokenizer_v03,toke,84,271,D-CLI,2
MIG-B-D-CRY-0009v250-d8b6ddd9,tokenizer_v03,toke,18,122,D-CRY,2
MIG-B-D-CRY-0020v230-784b9394,tokenizer_v03,toke,39,233,D-CRY,2
MIG-B-D-DAT-0011v241-abe6727f,tokenizer_v03,toke,32,185,D-DAT,2
MIG-B-D-NET-0019v330-7a853f80,tokenizer_v03,toke,90,519,D-NET,2
MIG-B-D-WEB-0004v237-bfa34332,tokenizer_v03,toke,213,747,D-WEB,2
MIG-B-D-WEB-0015v234-dc2f99e3,tokenizer_v03,toke,25,103,D-WEB,2
MIG-B-D-WEB-0026v228-b74d7296,tokenizer_v03,toke,34,213,D-WEB,2
MIG-P2-A-A-ARR-0008v23-ae88119c,tokenizer_v03,toke,18,150,A-ARR,2
MIG-P2-A-A-ARR-0019v13-3d367c21,tokenizer_v03,toke,10,133,A-ARR,2
MIG-P2-A-A-ARR-0019v4-5e28336f,tokenizer_v03,toke,12,149,A-ARR,2
MIG-P2-A-A-ARR-0019v8-2eaaa735,tokenizer_v03,toke,10,140,A-ARR,2
MIG-P2-A-A-ARR-0021v30-c15769ff,tokenizer_v03,toke,16,148,A-ARR,2
MIG-P2-A-A-ARR-0022v37-de4fbe4a,tokenizer_v03,toke,13,134,A-ARR,2
MIG-P2-A-A-ARR-0023v23-e8274f00,tokenizer_v03,toke,11,122,A-ARR,2
MIG-P2-A-A-ARR-0023v3-3c505ac3,tokenizer_v03,toke,9,105,A-ARR,2
MIG-P2-A-A-ARR-0030v36-e678a533,tokenizer_v03,toke,22,186,A-ARR,2
MIG-P2-A-A-ARR-0037v3-9abdcbad,tokenizer_v03,toke,26,133,A-ARR,2
MIG-P2-A-A-ARR-0043v12-154fffbd,tokenizer_v03,toke,22,191,A-ARR,2
MIG-P2-A-A-ARR-0045v32-9af55752,tokenizer_v03,toke,31,144,A-ARR,2
MIG-P2-A-A-ARR-0046v19-13f13762,tokenizer_v03,toke,58,349,A-ARR,2
MIG-P2-A-A-ARR-0046v24-dc98b531,tokenizer_v03,toke,25,160,A-ARR,2
MIG-P2-A-A-ARR-0053v13-e347d91b,tokenizer_v03,toke,28,231,A-ARR,2
MIG-P2-A-A-ARR-0088v34-cb00cec3,tokenizer_v03,toke,49,433,A-ARR,2
MIG-P2-A-A-ARR-0096v20-1f0ac9b4,tokenizer_v03,toke,40,257,A-ARR,2
MIG-P2-A-A-ARR-0110v26-252adcd9,tokenizer_v03,toke,35,207,A-ARR,2
MIG-P2-A-A-ARR-0118v25-0c4bf30d,tokenizer_v03,toke,20,134,A-ARR,2
MIG-P2-A-A-CND-0019v52-f1a11ceb,tokenizer_v03,toke,16,173,A-CND,2
MIG-P2-A-A-CND-0021v8-0d4d7403,tokenizer_v03,toke,8,45,A-CND,2
MIG-P2-A-A-CND-0021v9-241e94a7,tokenizer_v03,toke,15,82,A-CND,2
MIG-P2-A-A-CND-0032v19-15802cc1,tokenizer_v03,toke,7,65,A-CND,2
MIG-P2-A-A-CND-0032v58-07ed9fc4,tokenizer_v03,toke,9,113,A-CND,2
MIG-P2-A-A-CND-0034v59-07537151,tokenizer_v03,toke,6,71,A-CND,2
MIG-P2-A-A-CND-0035v52-d4847f10,tokenizer_v03,toke,24,267,A-CND,2
MIG-P2-A-A-CND-0039v18-7b71273a,tokenizer_v03,toke,24,148,A-CND,2
MIG-P2-A-A-CND-0044v13-2380a8e3,tokenizer_v03,toke,52,247,A-CND,2
MIG-P2-A-A-CND-0051v1-5c505ede,tokenizer_v03,toke,31,156,A-CND,2
MIG-P2-A-A-CND-0051v38-9ea196b9,tokenizer_v03,toke,38,178,A-CND,2
MIG-P2-A-A-CND-0078v23-18671631,tokenizer_v03,toke,27,193,A-CND,2
MIG-P2-A-A-CND-0097v24-25d4955c,tokenizer_v03,toke,20,114,A-CND,2
MIG-P2-A-A-MTH-0004v39-49269e9b,tokenizer_v03,toke,17,116,A-MTH,2
MIG-P2-A-A-MTH-0037v23-24c04434,tokenizer_v03,toke,17,128,A-MTH,2
MIG-P2-A-A-MTH-0039v21-19d018a1,tokenizer_v03,toke,7,37,A-MTH,2
MIG-P2-A-A-MTH-0039v4-404e4422,tokenizer_v03,toke,9,70,A-MTH,2
MIG-P2-A-A-MTH-0040v26-08958192,tokenizer_v03,toke,12,135,A-MTH,2
MIG-P2-A-A-MTH-0042v42-b246a5bd,tokenizer_v03,toke,19,129,A-MTH,2
MIG-P2-A-A-MTH-0047v46-410872d5,tokenizer_v03,toke,27,156,A-MTH,2
MIG-P2-A-A-MTH-0048v28-b6993bae,tokenizer_v03,toke,77,286,A-MTH,2
MIG-P2-A-A-MTH-0050v45-a689613c,tokenizer_v03,toke,34,172,A-MTH,2
MIG-P2-A-A-MTH-0063v45-aeefdf19,tokenizer_v03,toke,22,239,A-MTH,2
MIG-P2-A-A-MTH-0068v20-6618397e,tokenizer_v03,toke,58,396,A-MTH,2
MIG-P2-A-A-MTH-0069v19-695e76dc,tokenizer_v03,toke,29,175,A-MTH,2
MIG-P2-A-A-MTH-0072v42-c8d759e2,tokenizer_v03,toke,20,146,A-MTH,2
MIG-P2-A-A-MTH-0083v2-627dd976,tokenizer_v03,toke,47,171,A-MTH,2
MIG-P2-A-A-MTH-0085v18-2cfb7d84,tokenizer_v03,toke,54,202,A-MTH,2
MIG-P2-A-A-MTH-0086v7-8f36e7b8,tokenizer_v03,toke,23,96,A-MTH,2
MIG-P2-A-A-MTH-0108v13-3cb3cc13,tokenizer_v03,toke,30,223,A-MTH,2
MIG-P2-A-A-MTH-0108v16-9047b806,tokenizer_v03,toke,38,195,A-MTH,2
MIG-P2-A-A-MTH-0116v26-1fd6fb1a,tokenizer_v03,toke,19,102,A-MTH,2
MIG-P2-A-A-SRT-0003v19-3b9be894,tokenizer_v03,toke,41,321,A-SRT,2
MIG-P2-A-A-SRT-0006v56-e6aa959b,tokenizer_v03,toke,44,357,A-SRT,2
MIG-P2-A-A-SRT-0007v39-4ba3035e,tokenizer_v03,toke,43,249,A-SRT,2
MIG-P2-A-A-SRT-0020v53-ec8dd469,tokenizer_v03,toke,69,365,A-SRT,2
MIG-P2-A-A-SRT-0023v4-0062cf5a,tokenizer_v03,toke,14,122,A-SRT,2
MIG-P2-A-A-SRT-0023v60-c30f8c00,tokenizer_v03,toke,13,144,A-SRT,2
MIG-P2-A-A-SRT-0024v49-af6234f8,tokenizer_v03,toke,11,101,A-SRT,2
MIG-P2-A-A-SRT-0024v58-20099721,tokenizer_v03,toke,11,117,A-SRT,2
MIG-P2-A-A-SRT-0025v16-1d3bf000,tokenizer_v03,toke,23,181,A-SRT,2
MIG-P2-A-A-SRT-0029v48-7d3bc71a,tokenizer_v03,toke,37,242,A-SRT,2
MIG-P2-A-A-SRT-0040v18-70357253,tokenizer_v03,toke,49,372,A-SRT,2
MIG-P2-A-A-SRT-0065v2-1a9f9974,tokenizer_v03,toke,31,201,A-SRT,2
MIG-P2-A-A-SRT-0066v19-eb81fcb7,tokenizer_v03,toke,54,365,A-SRT,2
MIG-P2-A-A-SRT-0084v17-44ea7a4a,tokenizer_v03,toke,68,416,A-SRT,2
MIG-P2-A-A-SRT-0098v27-f911f1fc,tokenizer_v03,toke,58,273,A-SRT,2
MIG-P2-A-A-STR-0003v11-d23bf18e,tokenizer_v03,toke,60,331,A-STR,2
MIG-P2-A-A-STR-0027v82-517bed3c,tokenizer_v03,toke,10,66,A-STR,2
MIG-P2-A-A-STR-0028v78-0e07a50c,tokenizer_v03,toke,82,374,A-STR,2
MIG-P2-A-A-STR-0030v56-e095c21a,tokenizer_v03,toke,43,329,A-STR,2
MIG-P2-A-A-STR-0032v34-1c7e052f,tokenizer_v03,toke,18,76,A-STR,2
MIG-P2-A-A-STR-0033v32-244d6ffc,tokenizer_v03,toke,38,242,A-STR,2
MIG-P2-A-A-STR-0046v37-5a720218,tokenizer_v03,toke,63,295,A-STR,2
MIG-P2-A-A-STR-0052v35-8e4b0988,tokenizer_v03,toke,59,247,A-STR,2
MIG-P2-A-A-STR-0056v1-0c1b6949,tokenizer_v03,toke,39,222,A-STR,2
MIG-P2-A-A-STR-0066v11-2b170eef,tokenizer_v03,toke,170,635,A-STR,2
MIG-P2-A-A-STR-0070v15-2feca867,tokenizer_v03,toke,88,404,A-STR,2
MIG-P2-A-A-STR-0074v7-4696e45d,tokenizer_v03,toke,70,306,A-STR,2
MIG-P2-A-A-STR-0077v20-cbaead5a,tokenizer_v03,toke,66,308,A-STR,2
MIG-P2-A-A-STR-0089v30-08ec95b3,tokenizer_v03,toke,37,222,A-STR,2
MIG-P2-B-D-CFG-0003v306-8f80e8fb,tokenizer_v03,toke,50,286,D-CFG,2
MIG-P2-B-D-CFG-0004v303-01e53bc8,tokenizer_v03,toke,23,135,D-CFG,2
MIG-P2-B-D-CFG-0004v305-76249577,tokenizer_v03,toke,30,136,D-CFG,2
MIG-P2-B-D-CFG-0004v359-b5e6239f,tokenizer_v03,toke,31,170,D-CFG,2
MIG-P2-B-D-CFG-0005v353-e1a5e3c3,tokenizer_v03,toke,36,161,D-CFG,2
MIG-P2-B-D-CFG-0006v309-dbfc914d,tokenizer_v03,toke,62,246,D-CFG,2
MIG-P2-B-D-CFG-0006v321-78fa5c0b,tokenizer_v03,toke,31,196,D-CFG,2
MIG-P2-B-D-CFG-0007v352-0f6e22a3,tokenizer_v03,toke,56,259,D-CFG,2
MIG-P2-B-D-CFG-0009v325-467d8fd6,tokenizer_v03,toke,11,57,D-CFG,2
MIG-P2-B-D-CFG-0009v355-d2eb8205,tokenizer_v03,toke,20,139,D-CFG,2
MIG-P2-B-D-CFG-0014v360-17471713,tokenizer_v03,toke,49,234,D-CFG,2
MIG-P2-B-D-CFG-0015v293-32e2b410,tokenizer_v03,toke,43,230,D-CFG,2
MIG-P2-B-D-CFG-0015v326-4bbca610,tokenizer_v03,toke,19,136,D-CFG,2
MIG-P2-B-D-CFG-0015v358-137b329a,tokenizer_v03,toke,34,259,D-CFG,2
MIG-P2-B-D-CFG-0016v322-52d734a6,tokenizer_v03,toke,18,138,D-CFG,2
MIG-P2-B-D-CFG-0016v331-1cb9caf9,tokenizer_v03,toke,29,152,D-CFG,2
MIG-P2-B-D-CFG-0017v317-a2d78110,tokenizer_v03,toke,41,197,D-CFG,2
MIG-P2-B-D-CFG-0017v354-af88686b,tokenizer_v03,toke,27,149,D-CFG,2
MIG-P2-B-D-CFG-0017v361-09adc8ec,tokenizer_v03,toke,31,160,D-CFG,2
MIG-P2-B-D-CFG-0018v339-9d0216cd,tokenizer_v03,toke,32,136,D-CFG,2
MIG-P2-B-D-CFG-0018v347-4a6e4aba,tokenizer_v03,toke,58,251,D-CFG,2
MIG-P2-B-D-CLI-0005v238-79c32f52,tokenizer_v03,toke,50,275,D-CLI,2
MIG-P2-B-D-CLI-0006v234-0bce5989,tokenizer_v03,toke,23,129,D-CLI,2
MIG-P2-B-D-CLI-0007v283-d0929b7c,tokenizer_v03,toke,54,250,D-CLI,2
MIG-P2-B-D-CLI-0008v234-e295ddbc,tokenizer_v03,toke,112,448,D-CLI,2
MIG-P2-B-D-CLI-0009v255-57d2b57e,tokenizer_v03,toke,36,189,D-CLI,2
MIG-P2-B-D-CLI-0010v265-0089a60a,tokenizer_v03,toke,46,234,D-CLI,2
MIG-P2-B-D-CLI-0013v238-81d3a3f8,tokenizer_v03,toke,73,292,D-CLI,2
MIG-P2-B-D-CLI-0013v280-21f5adca,tokenizer_v03,toke,87,307,D-CLI,2
MIG-P2-B-D-CLI-0014v274-592e1717,tokenizer_v03,toke,104,374,D-CLI,2
MIG-P2-B-D-CLI-0016v270-3025e72b,tokenizer_v03,toke,23,88,D-CLI,2
MIG-P2-B-D-CLI-0016v278-ae52b8ba,tokenizer_v03,toke,28,116,D-CLI,2
MIG-P2-B-D-CLI-0016v282-bdf817f1,tokenizer_v03,toke,27,104,D-CLI,2
MIG-P2-B-D-CLI-0017v274-ed94674e,tokenizer_v03,toke,27,117,D-CLI,2
MIG-P2-B-D-CLI-0018v270-e718052b,tokenizer_v03,toke,143,482,D-CLI,2
MIG-P2-B-D-CLI-0022v265-5cbbd599,tokenizer_v03,toke,36,108,D-CLI,2
MIG-P2-B-D-CLI-0024v241-103fab47,tokenizer_v03,toke,18,61,D-CLI,2
MIG-P2-B-D-CRY-0003v261-698bf164,tokenizer_v03,toke,72,284,D-CRY,2
MIG-P2-B-D-CRY-0006v232-990b7eb9,tokenizer_v03,toke,50,183,D-CRY,2
MIG-P2-B-D-CRY-0006v249-cc82b861,tokenizer_v03,toke,28,179,D-CRY,2
MIG-P2-B-D-CRY-0006v280-f8103207,tokenizer_v03,toke,62,282,D-CRY,2
MIG-P2-B-D-CRY-0008v232-1c78e288,tokenizer_v03,toke,35,152,D-CRY,2
MIG-P2-B-D-CRY-0008v235-64734bfb,tokenizer_v03,toke,55,257,D-CRY,2
MIG-P2-B-D-CRY-0008v266-500af4a7,tokenizer_v03,toke,51,251,D-CRY,2
MIG-P2-B-D-CRY-0008v284-3c28ddd2,tokenizer_v03,toke,89,305,D-CRY,2
MIG-P2-B-D-CRY-0011v261-0ef0fb1b,tokenizer_v03,toke,35,151,D-CRY,2
MIG-P2-B-D-CRY-0011v265-5aab77e7,tokenizer_v03,toke,13,81,D-CRY,2
MIG-P2-B-D-CRY-0012v248-a45f9e25,tokenizer_v03,toke,24,98,D-CRY,2
MIG-P2-B-D-CRY-0015v233-7b8394f7,tokenizer_v03,toke,31,186,D-CRY,2
MIG-P2-B-D-CRY-0018v267-ec102dd0,tokenizer_v03,toke,41,206,D-CRY,2
MIG-P2-B-D-CRY-0023v273-be7b4a51,tokenizer_v03,toke,21,146,D-CRY,2
MIG-P2-B-D-CRY-0024v231-ef799997,tokenizer_v03,toke,22,195,D-CRY,2
MIG-P2-B-D-CRY-0024v250-de2d5cc8,tokenizer_v03,toke,27,209,D-CRY,2
MIG-P2-B-D-DAT-0002v215-795c142a,tokenizer_v03,toke,71,374,D-DAT,2
MIG-P2-B-D-DAT-0002v226-bdc6ac15,tokenizer_v03,toke,28,134,D-DAT,2
MIG-P2-B-D-DAT-0002v233-6953d039,tokenizer_v03,toke,58,261,D-DAT,2
MIG-P2-B-D-DAT-0008v219-afca7ba9,tokenizer_v03,toke,20,194,D-DAT,2
MIG-P2-B-D-DAT-0011v260-4218a520,tokenizer_v03,toke,25,187,D-DAT,2
MIG-P2-B-D-DAT-0012v260-40d6e501,tokenizer_v03,toke,16,110,D-DAT,2
MIG-P2-B-D-DAT-0016v231-9c55c629,tokenizer_v03,toke,42,228,D-DAT,2
MIG-P2-B-D-DAT-0016v249-a406dfc4,tokenizer_v03,toke,23,82,D-DAT,2
MIG-P2-B-D-DAT-0022v214-5129e0d9,tokenizer_v03,toke,69,414,D-DAT,2
MIG-P2-B-D-DAT-0024v225-21f80817,tokenizer_v03,toke,25,161,D-DAT,2
MIG-P2-B-D-FIO-0002v379-199aa5a0,tokenizer_v03,toke,44,220,D-FIO,2
MIG-P2-B-D-FIO-0005v352-8fabc9a6,tokenizer_v03,toke,32,154,D-FIO,2
MIG-P2-B-D-FIO-0006v376-09e089e5,tokenizer_v03,toke,26,123,D-FIO,2
MIG-P2-B-D-FIO-0007v319-7305c7e8,tokenizer_v03,toke,36,269,D-FIO,2
MIG-P2-B-D-FIO-0007v379-20b5f9c7,tokenizer_v03,toke,23,138,D-FIO,2
MIG-P2-B-D-FIO-0010v320-88acb6f9,tokenizer_v03,toke,25,105,D-FIO,2
MIG-P2-B-D-FIO-0010v374-f2afddb2,tokenizer_v03,toke,64,327,D-FIO,2
MIG-P2-B-D-FIO-0011v355-7b964ad5,tokenizer_v03,toke,63,255,D-FIO,2
MIG-P2-B-D-FIO-0012v318-8e9820e8,tokenizer_v03,toke,57,319,D-FIO,2
MIG-P2-B-D-FIO-0013v310-85110f2e,tokenizer_v03,toke,64,399,D-FIO,2
MIG-P2-B-D-FIO-0013v313-5e9cf1fb,tokenizer_v03,toke,58,262,D-FIO,2
MIG-P2-B-D-FIO-0013v374-e5b44242,tokenizer_v03,toke,28,160,D-FIO,2
MIG-P2-B-D-FIO-0014v336-72972580,tokenizer_v03,toke,45,218,D-FIO,2
MIG-P2-B-D-FIO-0014v362-e89d5150,tokenizer_v03,toke,62,334,D-FIO,2
MIG-P2-B-D-FIO-0016v371-ba28ac96,tokenizer_v03,toke,44,169,D-FIO,2
MIG-P2-B-D-FIO-0018v312-63f385af,tokenizer_v03,toke,33,142,D-FIO,2
MIG-P2-B-D-FIO-0018v331-bd4e61c9,tokenizer_v03,toke,114,530,D-FIO,2
MIG-P2-B-D-NET-0001v310-54f88a7b,tokenizer_v03,toke,42,253,D-NET,2
MIG-P2-B-D-NET-0003v281-faca71e6,tokenizer_v03,toke,74,278,D-NET,2
MIG-P2-B-D-NET-0004v342-8aadac55,tokenizer_v03,toke,89,522,D-NET,2
MIG-P2-B-D-NET-0006v301-8935d440,tokenizer_v03,toke,93,390,D-NET,2
MIG-P2-B-D-NET-0006v328-3e70884f,tokenizer_v03,toke,89,384,D-NET,2
MIG-P2-B-D-NET-0011v282-f9c0c6a9,tokenizer_v03,toke,82,440,D-NET,2
MIG-P2-B-D-NET-0011v320-804c83b1,tokenizer_v03,toke,39,185,D-NET,2
MIG-P2-B-D-NET-0013v313-1073206f,tokenizer_v03,toke,34,167,D-NET,2
MIG-P2-B-D-NET-0013v322-c854f5f5,tokenizer_v03,toke,32,197,D-NET,2
MIG-P2-B-D-NET-0013v329-939624dc,tokenizer_v03,toke,77,345,D-NET,2
MIG-P2-B-D-NET-0015v325-843708ad,tokenizer_v03,toke,13,46,D-NET,2
MIG-P2-B-D-NET-0017v319-2eece785,tokenizer_v03,toke,15,66,D-NET,2
MIG-P2-B-D-NET-0018v322-ae4d934a,tokenizer_v03,toke,63,279,D-NET,2
MIG-P2-B-D-NET-0020v316-7d750f1c,tokenizer_v03,toke,44,235,D-NET,2
MIG-P2-B-D-NET-0020v342-34df5d4e,tokenizer_v03,toke,89,379,D-NET,2
MIG-P2-B-D-TST-0002v250-cbd4628c,tokenizer_v03,toke,23,109,D-TST,2
MIG-P2-B-D-TST-0002v265-acfe291b,tokenizer_v03,toke,7,44,D-TST,2
MIG-P2-B-D-TST-0002v270-db71ba13,tokenizer_v03,toke,24,193,D-TST,2
MIG-P2-B-D-TST-0003v245-622ce171,tokenizer_v03,toke,68,351,D-TST,2
MIG-P2-B-D-TST-0004v242-2e8154bf,tokenizer_v03,toke,10,94,D-TST,2
MIG-P2-B-D-TST-0007v272-bb002a3e,tokenizer_v03,toke,12,82,D-TST,2
MIG-P2-B-D-TST-0015v268-801bc724,tokenizer_v03,toke,29,234,D-TST,2
MIG-P2-B-D-TST-0019v245-0707d0f2,tokenizer_v03,toke,11,134,D-TST,2
MIG-P2-B-D-TST-0019v257-16c417b7,tokenizer_v03,toke,22,143,D-TST,2
MIG-P2-B-D-TST-0021v268-b52bd1bc,tokenizer_v03,toke,18,172,D-TST,2
MIG-P2-B-D-TST-0022v254-6bee1db8,tokenizer_v03,toke,15,60,D-TST,2
MIG-P2-B-D-TST-0023v242-fa54d782,tokenizer_v03,toke,25,98,D-TST,2
MIG-P2-B-D-WEB-0002v213-797460ee,tokenizer_v03,toke,103,395,D-WEB,2
MIG-P2-B-D-WEB-0007v243-5e0cbdbf,tokenizer_v03,toke,65,301,D-WEB,2
MIG-P2-B-D-WEB-0008v232-da6994f4,tokenizer_v03,toke,68,236,D-WEB,2
MIG-P2-B-D-WEB-0008v246-78fe17d1,tokenizer_v03,toke,71,235,D-WEB,2
MIG-P2-B-D-WEB-0010v251-0751b4cc,tokenizer_v03,toke,38,140,D-WEB,2
MIG-P2-B-D-WEB-0011v214-77df7b1e,tokenizer_v03,toke,49,259,D-WEB,2
MIG-P2-B-D-WEB-0014v206-9dd1dd17,tokenizer_v03,toke,94,393,D-WEB,2
MIG-P2-B-D-WEB-0015v227-65b0fef3,tokenizer_v03,toke,59,245,D-WEB,2
MIG-P2-B-D-WEB-0020v249-b7da0e52,tokenizer_v03,toke,47,209,D-WEB,2
MIG-P2-B-D-WEB-0022v232-55baa0ea,tokenizer_v03,toke,43,181,D-WEB,2
MIG-P2-B-D-WEB-0024v212-8082c866,tokenizer_v03,toke,39,233,D-WEB,2
MIG-P2-B-D-WEB-0027v235-e7acc931,tokenizer_v03,toke,24,75,D-WEB,2
A-ARR-0001v7,sp8k,toke,116,245,A-ARR,1
A-ARR-0003v63,sp8k,toke,73,165,A-ARR,1
A-ARR-0005v10,sp8k,toke,137,288,A-ARR,1
A-ARR-0006v23,sp8k,toke,114,253,A-ARR,1
A-ARR-0007v18,sp8k,toke,44,93,A-ARR,1
A-ARR-0008v69,sp8k,toke,57,125,A-ARR,1
A-ARR-0009v4,sp8k,toke,100,196,A-ARR,1
A-ARR-0010v41,sp8k,toke,57,109,A-ARR,1
A-ARR-0011v61,sp8k,toke,111,218,A-ARR,1
A-ARR-0011v63,sp8k,toke,92,192,A-ARR,1
A-ARR-0014v66,sp8k,toke,94,205,A-ARR,1
A-ARR-0015v55,sp8k,toke,51,112,A-ARR,1
A-ARR-0017v1,sp8k,toke,74,144,A-ARR,1
A-ARR-0018v28,sp8k,toke,101,197,A-ARR,1
A-ARR-0018v54,sp8k,toke,135,295,A-ARR,1
A-ARR-0018v68,sp8k,toke,88,197,A-ARR,1
A-ARR-0021v1,sp8k,toke,63,126,A-ARR,1
A-ARR-0021v29,sp8k,toke,137,299,A-ARR,1
A-ARR-0022v58,sp8k,toke,167,358,A-ARR,1
A-ARR-0024v21,sp8k,toke,133,304,A-ARR,1
A-ARR-0025v57,sp8k,toke,133,268,A-ARR,1
A-ARR-0026v17,sp8k,toke,110,234,A-ARR,1
A-ARR-0027v10,sp8k,toke,80,168,A-ARR,1
A-ARR-0028v31,sp8k,toke,123,271,A-ARR,1
A-ARR-0028v38,sp8k,toke,74,155,A-ARR,1
A-ARR-0031v64,sp8k,toke,44,90,A-ARR,1
A-ARR-0032v15,sp8k,toke,61,140,A-ARR,1
A-ARR-0032v21,sp8k,toke,119,255,A-ARR,1
A-ARR-0032v46,sp8k,toke,218,451,A-ARR,1
A-ARR-0033,sp8k,toke,126,244,A-ARR,1
A-ARR-0033v2,sp8k,toke,91,201,A-ARR,1
A-ARR-0033v26,sp8k,toke,131,281,A-ARR,1
A-ARR-0034v28,sp8k,toke,88,201,A-ARR,1
A-ARR-0035v20,sp8k,toke,122,267,A-ARR,2
A-ARR-0035v41,sp8k,toke,188,399,A-ARR,2
A-ARR-0035v54,sp8k,toke,90,186,A-ARR,2
A-ARR-0037v61,sp8k,toke,207,451,A-ARR,2
A-ARR-0041v65,sp8k,toke,75,157,A-ARR,2
A-ARR-0041v69,sp8k,toke,73,155,A-ARR,2
A-ARR-0042v45,sp8k,toke,156,363,A-ARR,2
A-ARR-0042v57,sp8k,toke,73,162,A-ARR,2
A-ARR-0042v63,sp8k,toke,132,316,A-ARR,2
A-ARR-0043v6,sp8k,toke,123,285,A-ARR,2
A-ARR-0044v11,sp8k,toke,73,164,A-ARR,2
A-ARR-0045v8,sp8k,toke,211,452,A-ARR,2
A-ARR-0046v39,sp8k,toke,232,490,A-ARR,2
A-ARR-0047v22,sp8k,toke,118,253,A-ARR,2
A-ARR-0047v68,sp8k,toke,67,138,A-ARR,2
A-ARR-0048v3,sp8k,toke,118,263,A-ARR,2
A-ARR-0048v44,sp8k,toke,150,349,A-ARR,2
A-ARR-0049v13,sp8k,toke,84,189,A-ARR,2
A-ARR-0049v40,sp8k,toke,72,150,A-ARR,2
A-ARR-0049v66,sp8k,toke,76,160,A-ARR,2
A-ARR-0051v63,sp8k,toke,114,250,A-ARR,2
A-ARR-0052v53,sp8k,toke,198,406,A-ARR,2
A-ARR-0052v63,sp8k,toke,114,243,A-ARR,2
A-ARR-0056v65,sp8k,toke,200,408,A-ARR,2
A-ARR-0057v15,sp8k,toke,252,518,A-ARR,2
A-ARR-0058v13,sp8k,toke,123,250,A-ARR,2
A-ARR-0058v24,sp8k,toke,133,261,A-ARR,2
A-ARR-0063v46,sp8k,toke,132,278,A-ARR,2
A-ARR-0066v24,sp8k,toke,138,298,A-ARR,2
A-ARR-0066v53,sp8k,toke,70,137,A-ARR,2
A-ARR-0066v9,sp8k,toke,70,129,A-ARR,2
A-ARR-0067v66,sp8k,toke,70,156,A-ARR,2
A-ARR-0068v30,sp8k,toke,205,414,A-ARR,2
A-ARR-0069v8,sp8k,toke,186,393,A-ARR,2
A-ARR-0071v8,sp8k,toke,273,538,A-ARR,2
A-ARR-0072v13,sp8k,toke,92,203,A-ARR,2
A-ARR-0072v19,sp8k,toke,221,435,A-ARR,2
A-ARR-0072v2,sp8k,toke,145,303,A-ARR,2
A-ARR-0073v68,sp8k,toke,233,493,A-ARR,2
A-ARR-0074v36,sp8k,toke,180,381,A-ARR,2
A-ARR-0076v10,sp8k,toke,66,135,A-ARR,3
A-ARR-0076v30,sp8k,toke,154,318,A-ARR,3
A-ARR-0076v62,sp8k,toke,91,199,A-ARR,3
A-ARR-0076v8,sp8k,toke,127,292,A-ARR,3
A-ARR-0077v34,sp8k,toke,91,197,A-ARR,3
A-ARR-0077v36,sp8k,toke,91,199,A-ARR,3
A-ARR-0078v35,sp8k,toke,136,288,A-ARR,3
A-ARR-0078v57,sp8k,toke,171,359,A-ARR,3
A-ARR-0079v20,sp8k,toke,260,541,A-ARR,3
A-ARR-0079v49,sp8k,toke,100,192,A-ARR,3
A-ARR-0080v55,sp8k,toke,310,679,A-ARR,3
A-ARR-0080v58,sp8k,toke,199,440,A-ARR,3
A-ARR-0081v16,sp8k,toke,139,291,A-ARR,3
A-ARR-0081v23,sp8k,toke,245,509,A-ARR,3
A-ARR-0081v30,sp8k,toke,104,223,A-ARR,3
A-ARR-0081v64,sp8k,toke,100,198,A-ARR,3
A-ARR-0081v66,sp8k,toke,230,471,A-ARR,3
A-ARR-0082v45,sp8k,toke,160,359,A-ARR,3
A-ARR-0084v35,sp8k,toke,160,335,A-ARR,3
A-ARR-0084v55,sp8k,toke,294,626,A-ARR,3
A-ARR-0084v62,sp8k,toke,216,443,A-ARR,3
A-ARR-0086,sp8k,toke,132,297,A-ARR,3
A-ARR-0086v45,sp8k,toke,297,613,A-ARR,3
A-ARR-0086v57,sp8k,toke,199,417,A-ARR,3
A-ARR-0087v1,sp8k,toke,157,335,A-ARR,3
A-ARR-0087v12,sp8k,toke,259,599,A-ARR,3
A-ARR-0088v12,sp8k,toke,116,270,A-ARR,3
A-ARR-0088v13,sp8k,toke,116,239,A-ARR,3
A-ARR-0088v33,sp8k,toke,171,364,A-ARR,3
A-ARR-0090v13,sp8k,toke,164,349,A-ARR,3
A-ARR-0091v64,sp8k,toke,136,307,A-ARR,2
A-ARR-0092v1,sp8k,toke,130,315,A-ARR,2
A-ARR-0092v19,sp8k,toke,185,439,A-ARR,2
A-ARR-0094v16,sp8k,toke,140,335,A-ARR,2
A-ARR-0094v17,sp8k,toke,181,419,A-ARR,2
A-ARR-0096v36,sp8k,toke,174,450,A-ARR,2
A-ARR-0096v66,sp8k,toke,134,335,A-ARR,2
A-ARR-0099v32,sp8k,toke,123,294,A-ARR,2
A-ARR-0103,sp8k,toke,118,238,A-ARR,2
A-ARR-0105v25,sp8k,toke,90,186,A-ARR,2
A-ARR-0105v37,sp8k,toke,160,315,A-ARR,2
A-ARR-0105v67,sp8k,toke,81,171,A-ARR,2
A-ARR-0107v49,sp8k,toke,93,179,A-ARR,2
A-ARR-0108v11,sp8k,toke,214,444,A-ARR,2
A-ARR-0112v42,sp8k,toke,206,469,A-ARR,2
A-ARR-0112v52,sp8k,toke,216,442,A-ARR,2
A-ARR-0113v39,sp8k,toke,82,213,A-ARR,3
A-ARR-0114v12,sp8k,toke,145,358,A-ARR,3
A-ARR-0116v40,sp8k,toke,127,264,A-ARR,2
A-ARR-0116v59,sp8k,toke,70,169,A-ARR,2
A-ARR-0117v38,sp8k,toke,127,291,A-ARR,2
A-ARR-0117v40,sp8k,toke,108,257,A-ARR,2
A-ARR-0117v9,sp8k,toke,70,147,A-ARR,2
A-ARR-0118v9,sp8k,toke,63,137,A-ARR,2
A-ARR-0119v6,sp8k,toke,123,262,A-ARR,3
A-CND-0005v22,sp8k,toke,107,205,A-CND,1
A-CND-0008v82,sp8k,toke,160,290,A-CND,1
A-CND-0012v42,sp8k,toke,80,156,A-CND,1
A-CND-0013v51,sp8k,toke,141,326,A-CND,1
A-CND-0014v38,sp8k,toke,40,82,A-CND,1
A-CND-0015v75,sp8k,toke,81,187,A-CND,1
A-CND-0017v20,sp8k,toke,104,233,A-CND,1
A-CND-0020v70,sp8k,toke,111,242,A-CND,1
A-CND-0024v9,sp8k,toke,93,204,A-CND,1
A-CND-0029v44,sp8k,toke,126,285,A-CND,1
A-CND-0029v48,sp8k,toke,59,117,A-CND,1
A-CND-0032v49,sp8k,toke,86,185,A-CND,1
A-CND-0034v67,sp8k,toke,146,315,A-CND,1
A-CND-0038v23,sp8k,toke,133,291,A-CND,1
A-CND-0040v16,sp8k,toke,78,156,A-CND,2
A-CND-0040v83,sp8k,toke,89,184,A-CND,2
A-CND-0041v48,sp8k,toke,162,348,A-CND,2
A-CND-0041v66,sp8k,toke,128,288,A-CND,2
A-CND-0042v25,sp8k,toke,107,225,A-CND,2
A-CND-0042v37,sp8k,toke,78,153,A-CND,2
A-CND-0042v41,sp8k,toke,68,121,A-CND,2
A-CND-0043v16,sp8k,toke,129,266,A-CND,2
A-CND-0043v45,sp8k,toke,155,309,A-CND,2
A-CND-0043v48,sp8k,toke,128,256,A-CND,2
A-CND-0043v72,sp8k,toke,140,271,A-CND,2
A-CND-0044,sp8k,toke,101,159,A-CND,2
A-CND-0044v21,sp8k,toke,191,344,A-CND,2
A-CND-0044v36,sp8k,toke,199,374,A-CND,2
A-CND-0044v47,sp8k,toke,138,215,A-CND,2
A-CND-0044v55,sp8k,toke,180,331,A-CND,2
A-CND-0044v8,sp8k,toke,174,335,A-CND,2
A-CND-0046v72,sp8k,toke,116,256,A-CND,2
A-CND-0047v49,sp8k,toke,183,323,A-CND,2
A-CND-0047v71,sp8k,toke,151,276,A-CND,2
A-CND-0048v38,sp8k,toke,165,323,A-CND,2
A-CND-0049v27,sp8k,toke,119,183,A-CND,2
A-CND-0050v18,sp8k,toke,208,448,A-CND,3
A-CND-0050v4,sp8k,toke,295,621,A-CND,3
A-CND-0050v43,sp8k,toke,264,612,A-CND,3
A-CND-0050v44,sp8k,toke,122,267,A-CND,3
A-CND-0050v46,sp8k,toke,127,257,A-CND,3
A-CND-0050v47,sp8k,toke,231,487,A-CND,3
A-CND-0050v58,sp8k,toke,235,478,A-CND,3
A-CND-0050v74,sp8k,toke,339,693,A-CND,3
A-CND-0050v8,sp8k,toke,116,225,A-CND,3
A-CND-0051v24,sp8k,toke,118,221,A-CND,3
A-CND-0051v28,sp8k,toke,99,246,A-CND,3
A-CND-0051v35,sp8k,toke,214,466,A-CND,3
A-CND-0051v42,sp8k,toke,96,200,A-CND,3
A-CND-0051v47,sp8k,toke,86,211,A-CND,3
A-CND-0051v48,sp8k,toke,224,478,A-CND,3
A-CND-0051v69,sp8k,toke,190,455,A-CND,3
A-CND-0051v72,sp8k,toke,194,441,A-CND,3
A-CND-0051v81,sp8k,toke,172,419,A-CND,3
A-CND-0052v15,sp8k,toke,167,378,A-CND,3
A-CND-0052v35,sp8k,toke,198,435,A-CND,3
A-CND-0052v41,sp8k,toke,218,477,A-CND,3
A-CND-0052v80,sp8k,toke,202,456,A-CND,3
A-CND-0053v60,sp8k,toke,90,207,A-CND,2
A-CND-0053v77,sp8k,toke,119,231,A-CND,2
A-CND-0054v17,sp8k,toke,130,292,A-CND,3
A-CND-0054v18,sp8k,toke,123,278,A-CND,3
A-CND-0054v26,sp8k,toke,123,278,A-CND,3
A-CND-0054v36,sp8k,toke,225,540,A-CND,3
A-CND-0054v5,sp8k,toke,198,502,A-CND,3
A-CND-0054v75,sp8k,toke,137,312,A-CND,3
A-CND-0054v9,sp8k,toke,112,260,A-CND,3
A-CND-0056v64,sp8k,toke,86,150,A-CND,1
A-CND-0058v19,sp8k,toke,131,278,A-CND,1
A-CND-0059v20,sp8k,toke,161,326,A-CND,1
A-CND-0059v6,sp8k,toke,218,442,A-CND,1
A-CND-0064v12,sp8k,toke,101,227,A-CND,2
A-CND-0064v5,sp8k,toke,157,350,A-CND,2
A-CND-0065v17,sp8k,toke,163,344,A-CND,2
A-CND-0065v45,sp8k,toke,89,183,A-CND,2
A-CND-0065v55,sp8k,toke,160,333,A-CND,2
A-CND-0065v58,sp8k,toke,163,344,A-CND,2
A-CND-0065v59,sp8k,toke,86,182,A-CND,2
A-CND-0066v15,sp8k,toke,96,195,A-CND,2
A-CND-0067v4,sp8k,toke,66,167,A-CND,2
A-CND-0067v43,sp8k,toke,88,212,A-CND,2
A-CND-0068v44,sp8k,toke,126,299,A-CND,2
A-CND-0069v11,sp8k,toke,162,403,A-CND,2
A-CND-0069v16,sp8k,toke,74,156,A-CND,2
A-CND-0069v35,sp8k,toke,166,394,A-CND,2
A-CND-0070v19,sp8k,toke,192,404,A-CND,1
A-CND-0070v27,sp8k,toke,172,346,A-CND,1
A-CND-0070v58,sp8k,toke,157,337,A-CND,1
A-CND-0071v16,sp8k,toke,45,91,A-CND,1
A-CND-0072v17,sp8k,toke,97,233,A-CND,2
A-CND-0072v24,sp8k,toke,198,401,A-CND,2
A-CND-0072v75,sp8k,toke,100,215,A-CND,2
A-CND-0073v21,sp8k,toke,69,147,A-CND,1
A-CND-0073v48,sp8k,toke,118,233,A-CND,1
A-CND-0073v66,sp8k,toke,70,148,A-CND,1
A-CND-0074v11,sp8k,toke,112,253,A-CND,2
A-CND-0075v32,sp8k,toke,86,155,A-CND,2
A-CND-0075v38,sp8k,toke,187,426,A-CND,2
A-CND-0075v50,sp8k,toke,185,420,A-CND,2
A-CND-0077v44,sp8k,toke,140,278,A-CND,2
A-CND-0078v54,sp8k,toke,224,497,A-CND,2
A-CND-0078v56,sp8k,toke,72,149,A-CND,2
A-CND-0078v7,sp8k,toke,83,180,A-CND,2
A-CND-0080v79,sp8k,toke,123,269,A-CND,1
A-CND-0082v55,sp8k,toke,98,194,A-CND,1
A-CND-0083v17,sp8k,toke,49,88,A-CND,1
A-CND-0083v74,sp8k,toke,108,244,A-CND,1
A-CND-0084v83,sp8k,toke,67,136,A-CND,1
A-CND-0085v71,sp8k,toke,85,190,A-CND,1
A-CND-0087v75,sp8k,toke,131,315,A-CND,1
A-CND-0088v7,sp8k,toke,121,261,A-CND,1
A-CND-0088v70,sp8k,toke,51,92,A-CND,1
A-CND-0089v2,sp8k,toke,100,174,A-CND,2
A-CND-0090v14,sp8k,toke,69,113,A-CND,1
A-CND-0090v65,sp8k,toke,125,246,A-CND,1
A-CND-0091v1,sp8k,toke,106,204,A-CND,2
A-CND-0091v30,sp8k,toke,87,188,A-CND,2
A-CND-0091v68,sp8k,toke,65,168,A-CND,2
A-CND-0091v81,sp8k,toke,140,311,A-CND,2
A-CND-0092v10,sp8k,toke,100,213,A-CND,2
A-CND-0092v31,sp8k,toke,101,229,A-CND,2
A-CND-0092v50,sp8k,toke,139,288,A-CND,2
A-CND-0092v56,sp8k,toke,139,287,A-CND,2
A-CND-0093v40,sp8k,toke,75,150,A-CND,2
A-CND-0094v29,sp8k,toke,88,197,A-CND,2
A-CND-0094v58,sp8k,toke,33,75,A-CND,2
A-CND-0095v27,sp8k,toke,86,178,A-CND,2
A-CND-0095v46,sp8k,toke,119,268,A-CND,2
A-CND-0096v25,sp8k,toke,62,151,A-CND,2
A-CND-0096v63,sp8k,toke,61,160,A-CND,2
A-CND-0097v34,sp8k,toke,54,123,A-CND,2
A-CND-0097v37,sp8k,toke,62,113,A-CND,2
A-CND-0098v60,sp8k,toke,200,453,A-CND,2
A-CND-0098v76,sp8k,toke,184,442,A-CND,2
A-ERR-0003v19,sp8k,toke,159,332,A-ERR,1
A-ERR-0003v85,sp8k,toke,103,211,A-ERR,1
A-ERR-0004v57,sp8k,toke,205,450,A-ERR,1
A-ERR-0005v24,sp8k,toke,104,256,A-ERR,1
A-ERR-0007v72,sp8k,toke,173,408,A-ERR,1
A-ERR-0009v55,sp8k,toke,71,191,A-ERR,1
A-ERR-0009v64,sp8k,toke,151,355,A-ERR,1
A-ERR-0010v24,sp8k,toke,143,338,A-ERR,1
A-ERR-0010v25,sp8k,toke,69,179,A-ERR,1
A-ERR-0011v18,sp8k,toke,69,185,A-ERR,1
A-ERR-0011v35,sp8k,toke,134,313,A-ERR,1
A-ERR-0012v52,sp8k,toke,72,192,A-ERR,1
A-ERR-0013v77,sp8k,toke,166,377,A-ERR,1
A-ERR-0014v15,sp8k,toke,148,335,A-ERR,1
A-ERR-0014v55,sp8k,toke,75,195,A-ERR,1
A-ERR-0015v74,sp8k,toke,72,192,A-ERR,1
A-ERR-0018v10,sp8k,toke,128,256,A-ERR,2
A-ERR-0018v29,sp8k,toke,273,604,A-ERR,2
A-ERR-0018v59,sp8k,toke,397,791,A-ERR,2
A-ERR-0018v77,sp8k,toke,200,392,A-ERR,2
A-ERR-0019v37,sp8k,toke,169,356,A-ERR,2
A-ERR-0020v67,sp8k,toke,106,228,A-ERR,2
A-ERR-0020v86,sp8k,toke,106,220,A-ERR,2
A-ERR-0021v48,sp8k,toke,90,203,A-ERR,2
A-ERR-0022v50,sp8k,toke,137,351,A-ERR,2
A-ERR-0022v62,sp8k,toke,137,333,A-ERR,2
A-ERR-0022v65,sp8k,toke,210,439,A-ERR,2
A-ERR-0023v71,sp8k,toke,157,382,A-ERR,2
A-ERR-0024v57,sp8k,toke,206,487,A-ERR,2
A-ERR-0024v63,sp8k,toke,235,595,A-ERR,2
A-ERR-0025v29,sp8k,toke,326,644,A-ERR,3
A-ERR-0025v68,sp8k,toke,283,582,A-ERR,3
A-ERR-0026v83,sp8k,toke,256,548,A-ERR,3
A-ERR-0028v31,sp8k,toke,292,597,A-ERR,3
A-ERR-0028v62,sp8k,toke,221,513,A-ERR,3
A-ERR-0028v76,sp8k,toke,279,564,A-ERR,3
A-ERR-0030v55,sp8k,toke,234,548,A-ERR,3
A-ERR-0030v64,sp8k,toke,275,623,A-ERR,3
A-ERR-0030v83,sp8k,toke,264,636,A-ERR,3
A-ERR-0031v44,sp8k,toke,278,583,A-ERR,3
A-ERR-0033v23,sp8k,toke,178,409,A-ERR,1
A-ERR-0034v81,sp8k,toke,141,290,A-ERR,1
A-ERR-0036v44,sp8k,toke,98,229,A-ERR,2
A-ERR-0036v48,sp8k,toke,180,419,A-ERR,2
A-ERR-0036v76,sp8k,toke,221,475,A-ERR,2
A-ERR-0038v13,sp8k,toke,105,230,A-ERR,2
A-ERR-0038v66,sp8k,toke,105,231,A-ERR,2
A-ERR-0039v39,sp8k,toke,203,436,A-ERR,2
A-ERR-0039v44,sp8k,toke,220,479,A-ERR,2
A-ERR-0041v13,sp8k,toke,106,222,A-ERR,2
A-ERR-0041v27,sp8k,toke,208,455,A-ERR,2
A-ERR-0041v28,sp8k,toke,101,225,A-ERR,2
A-ERR-0041v62,sp8k,toke,101,217,A-ERR,2
A-ERR-0041v7,sp8k,toke,193,428,A-ERR,2
A-ERR-0041v81,sp8k,toke,101,222,A-ERR,2
A-ERR-0041v83,sp8k,toke,157,362,A-ERR,2
A-ERR-0042v25,sp8k,toke,167,352,A-ERR,2
A-ERR-0042v68,sp8k,toke,151,342,A-ERR,2
A-ERR-0042v83,sp8k,toke,92,210,A-ERR,2
A-ERR-0043v15,sp8k,toke,80,193,A-ERR,2
A-ERR-0043v57,sp8k,toke,158,335,A-ERR,2
A-ERR-0044v5,sp8k,toke,299,644,A-ERR,2
A-ERR-0044v65,sp8k,toke,156,371,A-ERR,2
A-ERR-0045v30,sp8k,toke,180,418,A-ERR,2
A-ERR-0045v41,sp8k,toke,221,476,A-ERR,2
A-ERR-0045v58,sp8k,toke,105,267,A-ERR,2
A-ERR-0045v7,sp8k,toke,181,428,A-ERR,2
A-ERR-0046v33,sp8k,toke,191,405,A-ERR,1
A-ERR-0046v51,sp8k,toke,173,381,A-ERR,1
A-ERR-0046v72,sp8k,toke,174,378,A-ERR,1
A-ERR-0047v1,sp8k,toke,138,316,A-ERR,2
A-ERR-0047v86,sp8k,toke,104,232,A-ERR,2
A-ERR-0048v11,sp8k,toke,256,515,A-ERR,2
A-ERR-0048v22,sp8k,toke,145,303,A-ERR,2
A-ERR-0049v15,sp8k,toke,156,349,A-ERR,2
A-ERR-0049v39,sp8k,toke,140,287,A-ERR,2
A-ERR-0050v3,sp8k,toke,86,192,A-ERR,1
A-ERR-0050v9,sp8k,toke,134,309,A-ERR,1
A-ERR-0052v69,sp8k,toke,204,465,A-ERR,1
A-ERR-0053v50,sp8k,toke,139,320,A-ERR,1
A-ERR-0053v72,sp8k,toke,157,349,A-ERR,1
A-ERR-0053v87,sp8k,toke,150,335,A-ERR,1
A-ERR-0054v35,sp8k,toke,95,223,A-ERR,1
A-ERR-0054v46,sp8k,toke,177,400,A-ERR,1
A-ERR-0055v48,sp8k,toke,78,163,A-ERR,1
A-ERR-0055v53,sp8k,toke,76,163,A-ERR,1
A-ERR-0056v44,sp8k,toke,189,427,A-ERR,1
A-ERR-0057v27,sp8k,toke,166,393,A-ERR,1
A-ERR-0059v14,sp8k,toke,240,491,A-ERR,2
A-ERR-0059v20,sp8k,toke,229,424,A-ERR,2
A-ERR-0059v55,sp8k,toke,188,390,A-ERR,2
A-ERR-0060v18,sp8k,toke,164,395,A-ERR,2
A-ERR-0061v48,sp8k,toke,191,374,A-ERR,2
A-ERR-0062v22,sp8k,toke,199,454,A-ERR,2
A-ERR-0062v52,sp8k,toke,198,437,A-ERR,2
A-ERR-0064v3,sp8k,toke,206,437,A-ERR,3
A-ERR-0065v18,sp8k,toke,181,405,A-ERR,3
A-ERR-0065v3,sp8k,toke,237,512,A-ERR,3
A-ERR-0066v31,sp8k,toke,83,191,A-ERR,3
A-ERR-0067v62,sp8k,toke,199,452,A-ERR,2
A-ERR-0069v49,sp8k,toke,66,146,A-ERR,2
A-ERR-0071v56,sp8k,toke,260,601,A-ERR,2
A-ERR-0074v22,sp8k,toke,193,415,A-ERR,3
A-ERR-0074v23,sp8k,toke,197,434,A-ERR,3
A-ERR-0074v36,sp8k,toke,234,503,A-ERR,3
A-ERR-0074v49,sp8k,toke,123,246,A-ERR,3
A-ERR-0076v10,sp8k,toke,233,527,A-ERR,2
A-ERR-0076v45,sp8k,toke,229,505,A-ERR,2
A-ERR-0076v86,sp8k,toke,116,264,A-ERR,2
A-ERR-0077,sp8k,toke,234,527,A-ERR,2
A-ERR-0077v30,sp8k,toke,281,615,A-ERR,2
A-ERR-0078v10,sp8k,toke,167,369,A-ERR,2
A-ERR-0078v11,sp8k,toke,141,282,A-ERR,2
A-ERR-0078v33,sp8k,toke,145,313,A-ERR,2
A-ERR-0079v81,sp8k,toke,222,478,A-ERR,2
A-ERR-0080v37,sp8k,toke,225,446,A-ERR,3
A-ERR-0081,sp8k,toke,172,342,A-ERR,3
A-ERR-0081v17,sp8k,toke,214,461,A-ERR,3
A-ERR-0082v61,sp8k,toke,245,535,A-ERR,3
A-ERR-0083v25,sp8k,toke,237,483,A-ERR,3
A-ERR-0084v15,sp8k,toke,156,359,A-ERR,3
A-ERR-0085v2,sp8k,toke,208,420,A-ERR,3
A-ERR-0086v55,sp8k,toke,253,557,A-ERR,3
A-ERR-0088v75,sp8k,toke,236,544,A-ERR,3
A-ERR-0089v26,sp8k,toke,102,231,A-ERR,3
A-ERR-0089v40,sp8k,toke,245,562,A-ERR,3
A-ERR-0091v33,sp8k,toke,107,226,A-ERR,3
A-ERR-0092v26,sp8k,toke,293,636,A-ERR,2
A-ERR-0092v4,sp8k,toke,290,630,A-ERR,2
A-ERR-0093v7,sp8k,toke,171,425,A-ERR,3
A-ERR-0094v31,sp8k,toke,125,291,A-ERR,3
A-ERR-0095v19,sp8k,toke,150,364,A-ERR,3
A-MTH-0001v3,sp8k,toke,88,194,A-MTH,1
A-MTH-0002v3,sp8k,toke,61,126,A-MTH,1
A-MTH-0005v54,sp8k,toke,77,173,A-MTH,1
A-MTH-0005v69,sp8k,toke,129,274,A-MTH,1
A-MTH-0010v43,sp8k,toke,85,168,A-MTH,1
A-MTH-0010v60,sp8k,toke,163,368,A-MTH,1
A-MTH-0011v8,sp8k,toke,92,184,A-MTH,1
A-MTH-0017v11,sp8k,toke,71,133,A-MTH,1
A-MTH-0019v4,sp8k,toke,83,173,A-MTH,1
A-MTH-0019v7,sp8k,toke,84,161,A-MTH,1
A-MTH-0020,sp8k,toke,90,159,A-MTH,1
A-MTH-0023v36,sp8k,toke,111,246,A-MTH,1
A-MTH-0024v26,sp8k,toke,116,213,A-MTH,1
A-MTH-0024v44,sp8k,toke,119,251,A-MTH,1
A-MTH-0025v43,sp8k,toke,153,298,A-MTH,1
A-MTH-0025v67,sp8k,toke,66,131,A-MTH,1
A-MTH-0026v48,sp8k,toke,80,164,A-MTH,1
A-MTH-0027v65,sp8k,toke,70,143,A-MTH,1
A-MTH-0029v28,sp8k,toke,38,73,A-MTH,1
A-MTH-0032v15,sp8k,toke,108,205,A-MTH,1
A-MTH-0032v35,sp8k,toke,127,237,A-MTH,1
A-MTH-0036v17,sp8k,toke,161,290,A-MTH,1
A-MTH-0037v44,sp8k,toke,41,93,A-MTH,1
A-MTH-0038v7,sp8k,toke,51,114,A-MTH,1
A-MTH-0039v35,sp8k,toke,34,62,A-MTH,1
A-MTH-0040v23,sp8k,toke,66,127,A-MTH,2
A-MTH-0041v24,sp8k,toke,131,309,A-MTH,2
A-MTH-0042v15,sp8k,toke,106,252,A-MTH,2
A-MTH-0043v24,sp8k,toke,120,250,A-MTH,2
A-MTH-0043v65,sp8k,toke,82,159,A-MTH,2
A-MTH-0044v57,sp8k,toke,71,126,A-MTH,2
A-MTH-0045v25,sp8k,toke,107,248,A-MTH,2
A-MTH-0045v29,sp8k,toke,90,214,A-MTH,2
A-MTH-0046v2,sp8k,toke,106,214,A-MTH,2
A-MTH-0046v35,sp8k,toke,142,259,A-MTH,2
A-MTH-0047v12,sp8k,toke,134,272,A-MTH,2
A-MTH-0047v44,sp8k,toke,163,326,A-MTH,2
A-MTH-0047v51,sp8k,toke,103,191,A-MTH,2
A-MTH-0048v65,sp8k,toke,155,256,A-MTH,2
A-MTH-0050v55,sp8k,toke,77,176,A-MTH,2
A-MTH-0051v15,sp8k,toke,104,202,A-MTH,2
A-MTH-0054v59,sp8k,toke,133,291,A-MTH,2
A-MTH-0055v1,sp8k,toke,103,194,A-MTH,2
A-MTH-0055v14,sp8k,toke,134,291,A-MTH,2
A-MTH-0055v56,sp8k,toke,141,313,A-MTH,2
A-MTH-0055v65,sp8k,toke,83,185,A-MTH,2
A-MTH-0056v7,sp8k,toke,162,374,A-MTH,2
A-MTH-0058v24,sp8k,toke,148,310,A-MTH,3
A-MTH-0058v36,sp8k,toke,86,197,A-MTH,3
A-MTH-0058v47,sp8k,toke,154,297,A-MTH,3
A-MTH-0058v61,sp8k,toke,89,185,A-MTH,3
A-MTH-0059v15,sp8k,toke,114,260,A-MTH,3
A-MTH-0059v43,sp8k,toke,156,293,A-MTH,3
A-MTH-0060v48,sp8k,toke,203,455,A-MTH,3
A-MTH-0060v49,sp8k,toke,192,430,A-MTH,3
A-MTH-0061v1,sp8k,toke,208,387,A-MTH,3
A-MTH-0063v25,sp8k,toke,119,278,A-MTH,3
A-MTH-0063v67,sp8k,toke,76,165,A-MTH,3
A-MTH-0063v9,sp8k,toke,133,314,A-MTH,3
A-MTH-0064v4,sp8k,toke,126,276,A-MTH,2
A-MTH-0065v26,sp8k,toke,153,347,A-MTH,2
A-MTH-0065v38,sp8k,toke,147,323,A-MTH,2
A-MTH-0065v9,sp8k,toke,110,246,A-MTH,2
A-MTH-0066v21,sp8k,toke,114,251,A-MTH,2
A-MTH-0066v40,sp8k,toke,133,292,A-MTH,2
A-MTH-0067v15,sp8k,toke,170,372,A-MTH,2
A-MTH-0067v41,sp8k,toke,188,397,A-MTH,2
A-MTH-0068v54,sp8k,toke,116,264,A-MTH,3
A-MTH-0069v17,sp8k,toke,68,131,A-MTH,3
A-MTH-0069v64,sp8k,toke,87,180,A-MTH,3
A-MTH-0071v44,sp8k,toke,85,168,A-MTH,1
A-MTH-0072v25,sp8k,toke,112,235,A-MTH,2
A-MTH-0074,sp8k,toke,94,186,A-MTH,3
A-MTH-0074v27,sp8k,toke,137,282,A-MTH,3
A-MTH-0074v32,sp8k,toke,204,425,A-MTH,3
A-MTH-0074v42,sp8k,toke,154,348,A-MTH,3
A-MTH-0074v63,sp8k,toke,121,254,A-MTH,3
A-MTH-0077v25,sp8k,toke,71,148,A-MTH,1
A-MTH-0077v41,sp8k,toke,71,140,A-MTH,1
A-MTH-0078v58,sp8k,toke,114,253,A-MTH,1
A-MTH-0079v45,sp8k,toke,120,244,A-MTH,1
A-MTH-0080v10,sp8k,toke,108,225,A-MTH,1
A-MTH-0081v17,sp8k,toke,82,152,A-MTH,2
A-MTH-0084v13,sp8k,toke,74,160,A-MTH,2
A-MTH-0085v14,sp8k,toke,53,91,A-MTH,2
A-MTH-0085v35,sp8k,toke,134,277,A-MTH,2
A-MTH-0087v37,sp8k,toke,46,94,A-MTH,2
A-MTH-0088v41,sp8k,toke,159,353,A-MTH,2
A-MTH-0089v34,sp8k,toke,79,166,A-MTH,2
A-MTH-0089v4,sp8k,toke,134,265,A-MTH,2
A-MTH-0090v45,sp8k,toke,71,140,A-MTH,2
A-MTH-0091,sp8k,toke,130,264,A-MTH,2
A-MTH-0091v23,sp8k,toke,133,263,A-MTH,2
A-MTH-0091v46,sp8k,toke,119,240,A-MTH,2
A-MTH-0094v29,sp8k,toke,77,156,A-MTH,2
A-MTH-0094v39,sp8k,toke,87,190,A-MTH,2
A-MTH-0095v9,sp8k,toke,158,321,A-MTH,2
A-MTH-0097v38,sp8k,toke,122,257,A-MTH,2
A-MTH-0097v56,sp8k,toke,115,248,A-MTH,2
A-MTH-0097v9,sp8k,toke,231,464,A-MTH,2
A-MTH-0098v31,sp8k,toke,153,317,A-MTH,2
A-MTH-0099,sp8k,toke,118,239,A-MTH,3
A-MTH-0101v4,sp8k,toke,149,319,A-MTH,2
A-MTH-0102v68,sp8k,toke,78,195,A-MTH,2
A-MTH-0103v13,sp8k,toke,196,404,A-MTH,3
A-MTH-0103v54,sp8k,toke,181,378,A-MTH,3
A-MTH-0103v59,sp8k,toke,114,243,A-MTH,3
A-MTH-0103v6,sp8k,toke,177,365,A-MTH,3
A-MTH-0103v67,sp8k,toke,107,195,A-MTH,3
A-MTH-0104v37,sp8k,toke,103,216,A-MTH,2
A-MTH-0104v49,sp8k,toke,64,118,A-MTH,2
A-MTH-0104v9,sp8k,toke,83,169,A-MTH,2
A-MTH-0105v14,sp8k,toke,86,155,A-MTH,2
A-MTH-0106v33,sp8k,toke,100,208,A-MTH,2
A-MTH-0108,sp8k,toke,121,211,A-MTH,3
A-MTH-0108v22,sp8k,toke,161,322,A-MTH,3
A-MTH-0108v23,sp8k,toke,150,308,A-MTH,3
A-MTH-0108v29,sp8k,toke,162,319,A-MTH,3
A-MTH-0108v34,sp8k,toke,152,316,A-MTH,3
A-MTH-0109v43,sp8k,toke,146,273,A-MTH,2
A-MTH-0110v35,sp8k,toke,208,422,A-MTH,3
A-MTH-0110v62,sp8k,toke,207,406,A-MTH,3
A-MTH-0115v42,sp8k,toke,184,443,A-MTH,2
A-MTH-0115v49,sp8k,toke,176,375,A-MTH,2
A-MTH-0115v61,sp8k,toke,176,407,A-MTH,2
A-MTH-0116v26,sp8k,toke,46,84,A-MTH,1
A-MTH-0116v44,sp8k,toke,89,169,A-MTH,1
A-MTH-0119v8,sp8k,toke,67,120,A-MTH,2
A-SRT-0001v10,sp8k,toke,133,275,A-SRT,1
A-SRT-0001v24,sp8k,toke,139,308,A-SRT,1
A-SRT-0001v44,sp8k,toke,239,480,A-SRT,1
A-SRT-0001v51,sp8k,toke,266,568,A-SRT,1
A-SRT-0001v66,sp8k,toke,241,494,A-SRT,1
A-SRT-0002v62,sp8k,toke,378,825,A-SRT,1
A-SRT-0002v78,sp8k,toke,155,313,A-SRT,1
A-SRT-0003v7,sp8k,toke,202,415,A-SRT,1
A-SRT-0004v10,sp8k,toke,135,274,A-SRT,1
A-SRT-0007v38,sp8k,toke,192,379,A-SRT,1
A-SRT-0007v39,sp8k,toke,144,325,A-SRT,1
A-SRT-0007v41,sp8k,toke,232,466,A-SRT,1
A-SRT-0008v25,sp8k,toke,382,799,A-SRT,1
A-SRT-0008v72,sp8k,toke,164,340,A-SRT,1
A-SRT-0009v20,sp8k,toke,162,314,A-SRT,1
A-SRT-0009v35,sp8k,toke,168,325,A-SRT,1
A-SRT-0009v68,sp8k,toke,266,551,A-SRT,1
A-SRT-0010v17,sp8k,toke,287,640,A-SRT,2
A-SRT-0010v43,sp8k,toke,323,716,A-SRT,2
A-SRT-0010v65,sp8k,toke,239,491,A-SRT,2
A-SRT-0011v24,sp8k,toke,318,716,A-SRT,2
A-SRT-0013v52,sp8k,toke,203,475,A-SRT,2
A-SRT-0014v82,sp8k,toke,329,741,A-SRT,2
A-SRT-0015v21,sp8k,toke,300,649,A-SRT,2
A-SRT-0015v56,sp8k,toke,363,830,A-SRT,2
A-SRT-0017v20,sp8k,toke,375,850,A-SRT,2
A-SRT-0017v25,sp8k,toke,177,421,A-SRT,2
A-SRT-0017v36,sp8k,toke,325,725,A-SRT,2
A-SRT-0017v52,sp8k,toke,255,579,A-SRT,2
A-SRT-0017v62,sp8k,toke,307,695,A-SRT,2
A-SRT-0018v29,sp8k,toke,367,801,A-SRT,2
A-SRT-0019v76,sp8k,toke,159,334,A-SRT,2
A-SRT-0020v26,sp8k,toke,114,222,A-SRT,2
A-SRT-0021v48,sp8k,toke,176,362,A-SRT,2
A-SRT-0022v31,sp8k,toke,156,316,A-SRT,2
A-SRT-0022v37,sp8k,toke,155,317,A-SRT,2
A-SRT-0022v60,sp8k,toke,189,402,A-SRT,2
A-SRT-0024v26,sp8k,toke,61,129,A-SRT,1
A-SRT-0024v56,sp8k,toke,66,131,A-SRT,1
A-SRT-0025v34,sp8k,toke,107,238,A-SRT,1
A-SRT-0026,sp8k,toke,113,252,A-SRT,1
A-SRT-0026v34,sp8k,toke,127,266,A-SRT,1
A-SRT-0026v35,sp8k,toke,63,131,A-SRT,1
A-SRT-0026v50,sp8k,toke,61,129,A-SRT,1
A-SRT-0026v63,sp8k,toke,146,321,A-SRT,1
A-SRT-0027v28,sp8k,toke,160,375,A-SRT,2
A-SRT-0027v46,sp8k,toke,178,405,A-SRT,2
A-SRT-0029v34,sp8k,toke,171,399,A-SRT,2
A-SRT-0030v35,sp8k,toke,131,290,A-SRT,2
A-SRT-0032v31,sp8k,toke,125,276,A-SRT,2
A-SRT-0032v56,sp8k,toke,129,282,A-SRT,2
A-SRT-0035v49,sp8k,toke,133,312,A-SRT,2
A-SRT-0035v69,sp8k,toke,67,131,A-SRT,2
A-SRT-0038v47,sp8k,toke,85,186,A-SRT,2
A-SRT-0038v64,sp8k,toke,76,171,A-SRT,2
A-SRT-0039v16,sp8k,toke,179,385,A-SRT,2
A-SRT-0039v53,sp8k,toke,142,283,A-SRT,2
A-SRT-0040v25,sp8k,toke,242,515,A-SRT,2
A-SRT-0041v25,sp8k,toke,122,241,A-SRT,2
A-SRT-0041v82,sp8k,toke,281,616,A-SRT,2
A-SRT-0042v70,sp8k,toke,303,675,A-SRT,3
A-SRT-0043v30,sp8k,toke,168,315,A-SRT,3
A-SRT-0043v46,sp8k,toke,230,524,A-SRT,3
A-SRT-0044v35,sp8k,toke,176,363,A-SRT,3
A-SRT-0044v50,sp8k,toke,306,633,A-SRT,3
A-SRT-0044v78,sp8k,toke,171,342,A-SRT,3
A-SRT-0045,sp8k,toke,160,348,A-SRT,3
A-SRT-0047v60,sp8k,toke,156,344,A-SRT,3
A-SRT-0049v76,sp8k,toke,177,394,A-SRT,3
A-SRT-0050v19,sp8k,toke,90,192,A-SRT,3
A-SRT-0050v28,sp8k,toke,91,193,A-SRT,3
A-SRT-0050v63,sp8k,toke,155,365,A-SRT,3
A-SRT-0051v53,sp8k,toke,145,263,A-SRT,3
A-SRT-0053v21,sp8k,toke,70,154,A-SRT,1
A-SRT-0053v75,sp8k,toke,118,261,A-SRT,1
A-SRT-0054v30,sp8k,toke,136,313,A-SRT,1
A-SRT-0054v67,sp8k,toke,124,291,A-SRT,1
A-SRT-0055v66,sp8k,toke,70,159,A-SRT,1
A-SRT-0056v19,sp8k,toke,231,411,A-SRT,2
A-SRT-0056v53,sp8k,toke,222,516,A-SRT,2
A-SRT-0056v63,sp8k,toke,228,463,A-SRT,2
A-SRT-0056v72,sp8k,toke,211,447,A-SRT,2
A-SRT-0058v42,sp8k,toke,248,523,A-SRT,2
A-SRT-0058v58,sp8k,toke,116,223,A-SRT,2
A-SRT-0060v9,sp8k,toke,202,442,A-SRT,2
A-SRT-0061v63,sp8k,toke,178,391,A-SRT,2
A-SRT-0062v32,sp8k,toke,74,156,A-SRT,1
A-SRT-0062v66,sp8k,toke,128,286,A-SRT,1
A-SRT-0062v7,sp8k,toke,166,371,A-SRT,1
A-SRT-0063v61,sp8k,toke,175,419,A-SRT,2
A-SRT-0063v75,sp8k,toke,119,273,A-SRT,2
A-SRT-0064v5,sp8k,toke,177,411,A-SRT,2
A-SRT-0065v13,sp8k,toke,135,266,A-SRT,2
A-SRT-0065v8,sp8k,toke,241,487,A-SRT,2
A-SRT-0066,sp8k,toke,204,420,A-SRT,2
A-SRT-0066v30,sp8k,toke,178,370,A-SRT,2
A-SRT-0067v63,sp8k,toke,205,430,A-SRT,2
A-SRT-0068v81,sp8k,toke,275,561,A-SRT,2
A-SRT-0069v74,sp8k,toke,130,250,A-SRT,2
A-SRT-0070v24,sp8k,toke,86,180,A-SRT,2
A-SRT-0071v54,sp8k,toke,143,341,A-SRT,3
A-SRT-0072v16,sp8k,toke,161,336,A-SRT,3
A-SRT-0075v2,sp8k,toke,220,468,A-SRT,3
A-SRT-0075v40,sp8k,toke,154,324,A-SRT,3
A-SRT-0076v63,sp8k,toke,232,485,A-SRT,3
A-SRT-0077v24,sp8k,toke,157,327,A-SRT,2
A-SRT-0077v4,sp8k,toke,230,483,A-SRT,2
A-SRT-0079v4,sp8k,toke,414,836,A-SRT,3
A-SRT-0079v50,sp8k,toke,177,369,A-SRT,3
A-SRT-0079v51,sp8k,toke,330,701,A-SRT,3
A-SRT-0080v9,sp8k,toke,315,616,A-SRT,3
A-SRT-0081v35,sp8k,toke,289,575,A-SRT,3
A-SRT-0082v40,sp8k,toke,382,824,A-SRT,3
A-SRT-0083v16,sp8k,toke,340,678,A-SRT,2
A-SRT-0083v31,sp8k,toke,166,369,A-SRT,2
A-SRT-0085v14,sp8k,toke,220,529,A-SRT,3
A-SRT-0086v38,sp8k,toke,148,341,A-SRT,3
A-SRT-0089v11,sp8k,toke,286,616,A-SRT,3
A-SRT-0089v54,sp8k,toke,152,319,A-SRT,3
A-SRT-0091v37,sp8k,toke,391,782,A-SRT,3
A-SRT-0091v5,sp8k,toke,414,817,A-SRT,3
A-SRT-0094v13,sp8k,toke,317,634,A-SRT,2
A-SRT-0094v14,sp8k,toke,209,445,A-SRT,2
A-SRT-0096v17,sp8k,toke,263,541,A-SRT,2
A-SRT-0096v32,sp8k,toke,252,496,A-SRT,2
A-SRT-0096v73,sp8k,toke,258,517,A-SRT,2
A-SRT-0097v20,sp8k,toke,227,487,A-SRT,3
A-SRT-0098v16,sp8k,toke,138,288,A-SRT,3
A-SRT-0098v76,sp8k,toke,177,406,A-SRT,3
A-SRT-0099v51,sp8k,toke,282,612,A-SRT,2
A-SRT-0099v80,sp8k,toke,373,770,A-SRT,2
A-SRT-0100v57,sp8k,toke,370,717,A-SRT,2
A-STR-0001,sp8k,toke,82,151,A-STR,1
A-STR-0001v62,sp8k,toke,131,259,A-STR,1
A-STR-0001v65,sp8k,toke,37,70,A-STR,1
A-STR-0004v19,sp8k,toke,59,110,A-STR,1
A-STR-0004v5,sp8k,toke,37,65,A-STR,1
A-STR-0006v30,sp8k,toke,75,148,A-STR,1
A-STR-0007v38,sp8k,toke,118,234,A-STR,1
A-STR-0007v74,sp8k,toke,121,252,A-STR,1
A-STR-0007v80,sp8k,toke,63,123,A-STR,1
A-STR-0008v36,sp8k,toke,59,148,A-STR,1
A-STR-0008v39,sp8k,toke,134,258,A-STR,1
A-STR-0009v19,sp8k,toke,94,199,A-STR,1
A-STR-0009v32,sp8k,toke,115,240,A-STR,1
A-STR-0009v80,sp8k,toke,49,97,A-STR,1
A-STR-0010v18,sp8k,toke,104,220,A-STR,1
A-STR-0010v55,sp8k,toke,200,393,A-STR,1
A-STR-0011v27,sp8k,toke,173,344,A-STR,1
A-STR-0011v80,sp8k,toke,98,208,A-STR,1
A-STR-0012v46,sp8k,toke,37,70,A-STR,1
A-STR-0013v28,sp8k,toke,109,218,A-STR,1
A-STR-0014v26,sp8k,toke,220,426,A-STR,1
A-STR-0014v40,sp8k,toke,121,249,A-STR,1
A-STR-0014v67,sp8k,toke,227,442,A-STR,1
A-STR-0014v74,sp8k,toke,193,356,A-STR,1
A-STR-0014v9,sp8k,toke,159,287,A-STR,1
A-STR-0015v43,sp8k,toke,129,277,A-STR,2
A-STR-0016v4,sp8k,toke,172,400,A-STR,2
A-STR-0016v55,sp8k,toke,206,469,A-STR,2
A-STR-0016v74,sp8k,toke,145,273,A-STR,2
A-STR-0019v2,sp8k,toke,114,217,A-STR,2
A-STR-0019v7,sp8k,toke,176,356,A-STR,2
A-STR-0020v45,sp8k,toke,98,178,A-STR,2
A-STR-0022v44,sp8k,toke,221,465,A-STR,2
A-STR-0022v81,sp8k,toke,133,286,A-STR,2
A-STR-0023v22,sp8k,toke,189,377,A-STR,2
A-STR-0025v54,sp8k,toke,69,152,A-STR,2
A-STR-0026v30,sp8k,toke,167,373,A-STR,2
A-STR-0026v75,sp8k,toke,134,276,A-STR,2
A-STR-0027v17,sp8k,toke,168,355,A-STR,2
A-STR-0028v19,sp8k,toke,191,385,A-STR,2
A-STR-0028v39,sp8k,toke,149,322,A-STR,2
A-STR-0029v57,sp8k,toke,84,159,A-STR,2
A-STR-0029v68,sp8k,toke,103,230,A-STR,2
A-STR-0030v44,sp8k,toke,105,243,A-STR,2
A-STR-0031v26,sp8k,toke,206,427,A-STR,2
A-STR-0033v17,sp8k,toke,69,148,A-STR,3
A-STR-0033v21,sp8k,toke,167,355,A-STR,3
A-STR-0033v23,sp8k,toke,67,160,A-STR,3
A-STR-0033v34,sp8k,toke,119,252,A-STR,3
A-STR-0034v23,sp8k,toke,207,431,A-STR,3
A-STR-0034v39,sp8k,toke,264,480,A-STR,3
A-STR-0034v5,sp8k,toke,338,739,A-STR,3
A-STR-0035v25,sp8k,toke,174,402,A-STR,3
A-STR-0035v26,sp8k,toke,192,460,A-STR,3
A-STR-0035v75,sp8k,toke,186,413,A-STR,3
A-STR-0035v80,sp8k,toke,163,383,A-STR,3
A-STR-0035v9,sp8k,toke,108,276,A-STR,3
A-STR-0036v72,sp8k,toke,173,357,A-STR,3
A-STR-0037v14,sp8k,toke,233,494,A-STR,3
A-STR-0037v22,sp8k,toke,186,354,A-STR,3
A-STR-0037v38,sp8k,toke,271,552,A-STR,3
A-STR-0039v67,sp8k,toke,98,214,A-STR,1
A-STR-0042v36,sp8k,toke,55,115,A-STR,1
A-STR-0042v5,sp8k,toke,124,261,A-STR,1
A-STR-0045v34,sp8k,toke,126,234,A-STR,2
A-STR-0046v74,sp8k,toke,195,457,A-STR,2
A-STR-0049v22,sp8k,toke,189,378,A-STR,2
A-STR-0051v76,sp8k,toke,143,301,A-STR,2
A-STR-0052v52,sp8k,toke,113,245,A-STR,2
A-STR-0054v28,sp8k,toke,103,219,A-STR,1
A-STR-0055v18,sp8k,toke,98,210,A-STR,1
A-STR-0055v3,sp8k,toke,104,198,A-STR,1
A-STR-0055v70,sp8k,toke,192,379,A-STR,1
A-STR-0056v68,sp8k,toke,189,421,A-STR,1
A-STR-0057v18,sp8k,toke,159,318,A-STR,2
A-STR-0059v53,sp8k,toke,135,279,A-STR,2
A-STR-0060v5,sp8k,toke,141,301,A-STR,2
A-STR-0061v17,sp8k,toke,143,323,A-STR,2
A-STR-0062v69,sp8k,toke,169,379,A-STR,2
A-STR-0064v19,sp8k,toke,85,187,A-STR,2
A-STR-0064v80,sp8k,toke,83,177,A-STR,2
A-STR-0065v42,sp8k,toke,163,329,A-STR,2
A-STR-0065v43,sp8k,toke,164,355,A-STR,2
A-STR-0065v45,sp8k,toke,138,265,A-STR,2
A-STR-0066v23,sp8k,toke,206,448,A-STR,2
A-STR-0067v62,sp8k,toke,160,308,A-STR,2
A-STR-0067v64,sp8k,toke,155,310,A-STR,2
A-STR-0069v24,sp8k,toke,172,350,A-STR,2
A-STR-0069v30,sp8k,toke,217,418,A-STR,2
A-STR-0070v15,sp8k,toke,272,552,A-STR,3
A-STR-0070v9,sp8k,toke,345,688,A-STR,3
A-STR-0071v49,sp8k,toke,154,299,A-STR,2
A-STR-0071v63,sp8k,toke,126,260,A-STR,2
A-STR-0073v30,sp8k,toke,147,286,A-STR,2
A-STR-0075v16,sp8k,toke,168,365,A-STR,2
A-STR-0075v69,sp8k,toke,109,212,A-STR,2
A-STR-0075v9,sp8k,toke,159,365,A-STR,2
A-STR-0076v18,sp8k,toke,151,292,A-STR,2
A-STR-0076v25,sp8k,toke,247,502,A-STR,2
A-STR-0076v36,sp8k,toke,146,298,A-STR,2
A-STR-0076v54,sp8k,toke,229,497,A-STR,2
A-STR-0077v26,sp8k,toke,199,405,A-STR,2
A-STR-0077v30,sp8k,toke,181,373,A-STR,2
A-STR-0078v42,sp8k,toke,173,355,A-STR,2
A-STR-0078v77,sp8k,toke,196,372,A-STR,2
A-STR-0079v11,sp8k,toke,108,221,A-STR,2
A-STR-0081v15,sp8k,toke,154,350,A-STR,2
A-STR-0081v71,sp8k,toke,162,339,A-STR,2
A-STR-0082v39,sp8k,toke,145,326,A-STR,2
A-STR-0083v18,sp8k,toke,156,329,A-STR,2
A-STR-0083v39,sp8k,toke,167,337,A-STR,2
A-STR-0084v2,sp8k,toke,191,448,A-STR,3
A-STR-0084v33,sp8k,toke,148,331,A-STR,3
A-STR-0084v71,sp8k,toke,172,390,A-STR,3
A-STR-0086v14,sp8k,toke,124,279,A-STR,3
A-STR-0086v78,sp8k,toke,180,384,A-STR,3
A-STR-0086v80,sp8k,toke,125,264,A-STR,3
A-STR-0087v2,sp8k,toke,203,468,A-STR,3
A-STR-0088v25,sp8k,toke,287,647,A-STR,3
A-STR-0088v68,sp8k,toke,269,603,A-STR,3
A-STR-0089v49,sp8k,toke,64,142,A-STR,2
A-STR-0090v15,sp8k,toke,162,353,A-STR,3
A-STR-0090v66,sp8k,toke,222,467,A-STR,3
A-STR-0090v78,sp8k,toke,174,350,A-STR,3
A-STR-0091v31,sp8k,toke,388,663,A-STR,2
A-STR-0093v13,sp8k,toke,424,758,A-STR,3
A-STR-0093v32,sp8k,toke,323,621,A-STR,3
A-STR-0093v39,sp8k,toke,373,758,A-STR,3
A-STR-0095v11,sp8k,toke,149,304,A-STR,2
A-STR-0096v56,sp8k,toke,149,321,A-STR,2
A-STR-0098v68,sp8k,toke,84,190,A-STR,2
A-STR-0099v24,sp8k,toke,51,90,A-STR,2
A-STR-0099v60,sp8k,toke,55,115,A-STR,2
D-CFG-0001v21,sp8k,toke,91,206,D-CFG,2
D-CFG-0001v224,sp8k,toke,92,203,D-CFG,2
D-CFG-0001v315,sp8k,toke,119,256,D-CFG,2
D-CFG-0001v327,sp8k,toke,124,269,D-CFG,2
D-CFG-0002v111,sp8k,toke,81,167,D-CFG,2
D-CFG-0002v171,sp8k,toke,102,256,D-CFG,2
D-CFG-0002v60,sp8k,toke,110,238,D-CFG,2
D-CFG-0003v13,sp8k,toke,124,227,D-CFG,2
D-CFG-0003v183,sp8k,toke,104,243,D-CFG,2
D-CFG-0003v185,sp8k,toke,162,292,D-CFG,2
D-CFG-0003v191,sp8k,toke,150,299,D-CFG,2
D-CFG-0003v200,sp8k,toke,138,268,D-CFG,2
D-CFG-0003v217,sp8k,toke,145,280,D-CFG,2
D-CFG-0003v243,sp8k,toke,135,263,D-CFG,2
D-CFG-0003v47,sp8k,toke,83,193,D-CFG,2
D-CFG-0004v130,sp8k,toke,144,289,D-CFG,2
D-CFG-0004v150,sp8k,toke,158,296,D-CFG,2
D-CFG-0004v189,sp8k,toke,102,227,D-CFG,2
D-CFG-0004v35,sp8k,toke,85,180,D-CFG,2
D-CFG-0004v351,sp8k,toke,123,234,D-CFG,2
D-CFG-0004v40,sp8k,toke,106,227,D-CFG,2
D-CFG-0004v74,sp8k,toke,164,313,D-CFG,2
D-CFG-0005v126,sp8k,toke,121,242,D-CFG,2
D-CFG-0005v139,sp8k,toke,110,258,D-CFG,2
D-CFG-0005v145,sp8k,toke,124,268,D-CFG,2
D-CFG-0005v170,sp8k,toke,64,144,D-CFG,2
D-CFG-0005v295,sp8k,toke,107,244,D-CFG,2
D-CFG-0005v306,sp8k,toke,134,310,D-CFG,2
D-CFG-0005v324,sp8k,toke,136,296,D-CFG,2
D-CFG-0006v14,sp8k,toke,90,184,D-CFG,2
D-CFG-0007v17,sp8k,toke,154,331,D-CFG,2
D-CFG-0007v317,sp8k,toke,168,340,D-CFG,2
D-CFG-0007v341,sp8k,toke,179,395,D-CFG,2
D-CFG-0007v49,sp8k,toke,143,317,D-CFG,2
D-CFG-0007v56,sp8k,toke,191,359,D-CFG,2
D-CFG-0007v99,sp8k,toke,136,298,D-CFG,2
D-CFG-0008v132,sp8k,toke,98,237,D-CFG,2
D-CFG-0008v229,sp8k,toke,92,165,D-CFG,2
D-CFG-0008v239,sp8k,toke,92,209,D-CFG,2
D-CFG-0008v242,sp8k,toke,121,223,D-CFG,2
D-CFG-0008v275,sp8k,toke,99,220,D-CFG,2
D-CFG-0008v342,sp8k,toke,93,184,D-CFG,2
D-CFG-0008v85,sp8k,toke,108,202,D-CFG,2
D-CFG-0008v96,sp8k,toke,123,238,D-CFG,2
D-CFG-0009v127,sp8k,toke,130,242,D-CFG,2
D-CFG-0009v163,sp8k,toke,134,262,D-CFG,2
D-CFG-0009v19,sp8k,toke,99,199,D-CFG,2
D-CFG-0009v207,sp8k,toke,147,299,D-CFG,2
D-CFG-0009v235,sp8k,toke,130,252,D-CFG,2
D-CFG-0009v257,sp8k,toke,103,214,D-CFG,2
D-CFG-0009v278,sp8k,toke,133,244,D-CFG,2
D-CFG-0009v305,sp8k,toke,135,265,D-CFG,2
D-CFG-0009v60,sp8k,toke,144,285,D-CFG,2
D-CFG-0010v107,sp8k,toke,133,278,D-CFG,2
D-CFG-0010v165,sp8k,toke,153,281,D-CFG,2
D-CFG-0010v180,sp8k,toke,135,268,D-CFG,2
D-CFG-0010v252,sp8k,toke,135,268,D-CFG,2
D-CFG-0010v264,sp8k,toke,129,227,D-CFG,2
D-CFG-0010v32,sp8k,toke,129,239,D-CFG,2
D-CFG-0010v342,sp8k,toke,181,377,D-CFG,2
D-CFG-0010v79,sp8k,toke,153,296,D-CFG,2
D-CFG-0011v228,sp8k,toke,160,343,D-CFG,2
D-CFG-0011v243,sp8k,toke,153,317,D-CFG,2
D-CFG-0011v341,sp8k,toke,107,219,D-CFG,2
D-CFG-0012v18,sp8k,toke,279,557,D-CFG,3
D-CFG-0012v212,sp8k,toke,251,522,D-CFG,3
D-CFG-0012v243,sp8k,toke,274,547,D-CFG,3
D-CFG-0013,sp8k,toke,161,358,D-CFG,3
D-CFG-0013v135,sp8k,toke,211,407,D-CFG,3
D-CFG-0013v14,sp8k,toke,178,383,D-CFG,3
D-CFG-0013v155,sp8k,toke,173,321,D-CFG,3
D-CFG-0013v157,sp8k,toke,142,232,D-CFG,3
D-CFG-0013v235,sp8k,toke,162,363,D-CFG,3
D-CFG-0013v237,sp8k,toke,104,217,D-CFG,3
D-CFG-0013v283,sp8k,toke,156,338,D-CFG,3
D-CFG-0013v296,sp8k,toke,170,320,D-CFG,3
D-CFG-0013v348,sp8k,toke,200,396,D-CFG,3
D-CFG-0013v350,sp8k,toke,172,333,D-CFG,3
D-CFG-0013v69,sp8k,toke,150,316,D-CFG,3
D-CFG-0014v127,sp8k,toke,209,448,D-CFG,3
D-CFG-0014v145,sp8k,toke,219,451,D-CFG,3
D-CFG-0014v195,sp8k,toke,114,238,D-CFG,3
D-CFG-0014v203,sp8k,toke,315,718,D-CFG,3
D-CFG-0014v86,sp8k,toke,285,671,D-CFG,3
D-CFG-0015v118,sp8k,toke,161,329,D-CFG,3
D-CFG-0015v202,sp8k,toke,64,134,D-CFG,3
D-CFG-0015v214,sp8k,toke,136,270,D-CFG,3
D-CFG-0015v224,sp8k,toke,109,220,D-CFG,3
D-CFG-0015v233,sp8k,toke,114,260,D-CFG,3
D-CFG-0015v248,sp8k,toke,127,261,D-CFG,3
D-CFG-0015v275,sp8k,toke,141,286,D-CFG,3
D-CFG-0015v298,sp8k,toke,139,323,D-CFG,3
D-CFG-0015v324,sp8k,toke,154,284,D-CFG,3
D-CFG-0016v137,sp8k,toke,152,274,D-CFG,2
D-CFG-0016v176,sp8k,toke,105,170,D-CFG,2
D-CFG-0016v215,sp8k,toke,195,356,D-CFG,2
D-CFG-0016v232,sp8k,toke,137,235,D-CFG,2
D-CFG-0016v313,sp8k,toke,111,195,D-CFG,2
D-CFG-0016v349,sp8k,toke,119,213,D-CFG,2
D-CFG-0017v166,sp8k,toke,86,201,D-CFG,2
D-CFG-0017v201,sp8k,toke,75,158,D-CFG,2
D-CFG-0017v324,sp8k,toke,90,214,D-CFG,2
D-CFG-0017v35,sp8k,toke,88,201,D-CFG,2
D-CFG-0017v47,sp8k,toke,111,219,D-CFG,2
D-CFG-0018v113,sp8k,toke,83,183,D-CFG,2
D-CFG-0018v129,sp8k,toke,130,256,D-CFG,2
D-CFG-0018v200,sp8k,toke,76,169,D-CFG,2
D-CFG-0019v120,sp8k,toke,173,315,D-CFG,2
D-CFG-0019v150,sp8k,toke,161,316,D-CFG,2
D-CFG-0019v153,sp8k,toke,122,267,D-CFG,2
D-CFG-0019v260,sp8k,toke,154,324,D-CFG,2
D-CFG-0019v305,sp8k,toke,139,288,D-CFG,2
D-CFG-0019v7,sp8k,toke,158,310,D-CFG,2
D-CLI-0001v178,sp8k,toke,170,336,D-CLI,2
D-CLI-0001v225,sp8k,toke,174,361,D-CLI,2
D-CLI-0001v264,sp8k,toke,157,324,D-CLI,2
D-CLI-0001v30,sp8k,toke,162,340,D-CLI,2
D-CLI-0001v37,sp8k,toke,160,316,D-CLI,2
D-CLI-0001v89,sp8k,toke,164,305,D-CLI,2
D-CLI-0002v10,sp8k,toke,118,285,D-CLI,2
D-CLI-0002v175,sp8k,toke,143,297,D-CLI,2
D-CLI-0002v46,sp8k,toke,151,377,D-CLI,2
D-CLI-0002v49,sp8k,toke,138,283,D-CLI,2
D-CLI-0002v64,sp8k,toke,140,273,D-CLI,2
D-CLI-0002v88,sp8k,toke,122,278,D-CLI,2
D-CLI-0003v153,sp8k,toke,145,299,D-CLI,2
D-CLI-0003v161,sp8k,toke,147,297,D-CLI,2
D-CLI-0003v216,sp8k,toke,159,333,D-CLI,2
D-CLI-0003v46,sp8k,toke,184,365,D-CLI,2
D-CLI-0003v6,sp8k,toke,205,383,D-CLI,2
D-CLI-0003v65,sp8k,toke,123,275,D-CLI,2
D-CLI-0004v171,sp8k,toke,205,393,D-CLI,2
D-CLI-0004v244,sp8k,toke,280,545,D-CLI,2
D-CLI-0004v93,sp8k,toke,244,452,D-CLI,2
D-CLI-0005v210,sp8k,toke,144,310,D-CLI,2
D-CLI-0005v224,sp8k,toke,119,293,D-CLI,2
D-CLI-0005v260,sp8k,toke,144,295,D-CLI,2
D-CLI-0005v285,sp8k,toke,110,262,D-CLI,2
D-CLI-0006v1,sp8k,toke,131,254,D-CLI,2
D-CLI-0006v106,sp8k,toke,132,258,D-CLI,2
D-CLI-0006v224,sp8k,toke,91,209,D-CLI,2
D-CLI-0006v285,sp8k,toke,86,201,D-CLI,2
D-CLI-0006v62,sp8k,toke,143,320,D-CLI,2
D-CLI-0006v83,sp8k,toke,86,205,D-CLI,2
D-CLI-0007v133,sp8k,toke,91,191,D-CLI,2
D-CLI-0007v180,sp8k,toke,119,268,D-CLI,2
D-CLI-0007v192,sp8k,toke,98,221,D-CLI,2
D-CLI-0007v246,sp8k,toke,117,260,D-CLI,2
D-CLI-0007v266,sp8k,toke,90,189,D-CLI,2
D-CLI-0007v276,sp8k,toke,121,266,D-CLI,2
D-CLI-0007v43,sp8k,toke,111,242,D-CLI,2
D-CLI-0007v8,sp8k,toke,123,246,D-CLI,2
D-CLI-0008v246,sp8k,toke,134,260,D-CLI,2
D-CLI-0008v62,sp8k,toke,145,280,D-CLI,2
D-CLI-0009v135,sp8k,toke,110,253,D-CLI,3
D-CLI-0009v157,sp8k,toke,147,311,D-CLI,3
D-CLI-0009v227,sp8k,toke,119,254,D-CLI,3
D-CLI-0009v31,sp8k,toke,136,302,D-CLI,3
D-CLI-0009v92,sp8k,toke,119,243,D-CLI,3
D-CLI-0010v127,sp8k,toke,117,265,D-CLI,3
D-CLI-0010v153,sp8k,toke,156,320,D-CLI,3
D-CLI-0010v209,sp8k,toke,166,323,D-CLI,3
D-CLI-0010v24,sp8k,toke,117,238,D-CLI,3
D-CLI-0011v217,sp8k,toke,98,191,D-CLI,3
D-CLI-0011v74,sp8k,toke,172,380,D-CLI,3
D-CLI-0012v190,sp8k,toke,342,744,D-CLI,3
D-CLI-0012v203,sp8k,toke,212,459,D-CLI,3
D-CLI-0012v24,sp8k,toke,172,386,D-CLI,3
D-CLI-0013v253,sp8k,toke,156,295,D-CLI,3
D-CLI-0013v267,sp8k,toke,188,383,D-CLI,3
D-CLI-0013v38,sp8k,toke,169,341,D-CLI,3
D-CLI-0013v68,sp8k,toke,195,397,D-CLI,3
D-CLI-0014v22,sp8k,toke,129,222,D-CLI,3
D-CLI-0014v223,sp8k,toke,121,213,D-CLI,3
D-CLI-0015v116,sp8k,toke,121,244,D-CLI,3
D-CLI-0015v135,sp8k,toke,111,237,D-CLI,3
D-CLI-0015v206,sp8k,toke,109,224,D-CLI,3
D-CLI-0015v41,sp8k,toke,117,232,D-CLI,3
D-CLI-0015v47,sp8k,toke,110,221,D-CLI,3
D-CLI-0015v84,sp8k,toke,110,231,D-CLI,3
D-CLI-0016v117,sp8k,toke,150,278,D-CLI,2
D-CLI-0016v145,sp8k,toke,81,159,D-CLI,2
D-CLI-0016v162,sp8k,toke,80,167,D-CLI,2
D-CLI-0016v243,sp8k,toke,63,111,D-CLI,2
D-CLI-0016v264,sp8k,toke,80,166,D-CLI,2
D-CLI-0017v105,sp8k,toke,98,211,D-CLI,2
D-CLI-0017v172,sp8k,toke,84,171,D-CLI,2
D-CLI-0017v5,sp8k,toke,38,64,D-CLI,2
D-CLI-0018,sp8k,toke,79,135,D-CLI,2
D-CLI-0018v242,sp8k,toke,76,161,D-CLI,2
D-CLI-0018v25,sp8k,toke,108,191,D-CLI,2
D-CLI-0018v74,sp8k,toke,98,172,D-CLI,2
D-CLI-0018v96,sp8k,toke,95,165,D-CLI,2
D-CLI-0019v182,sp8k,toke,155,309,D-CLI,2
D-CLI-0019v193,sp8k,toke,167,327,D-CLI,2
D-CLI-0019v241,sp8k,toke,233,441,D-CLI,2
D-CLI-0019v261,sp8k,toke,169,338,D-CLI,2
D-CLI-0019v72,sp8k,toke,203,368,D-CLI,2
D-CLI-0019v85,sp8k,toke,240,474,D-CLI,2
D-CLI-0019v86,sp8k,toke,156,313,D-CLI,2
D-CLI-0019v9,sp8k,toke,168,330,D-CLI,2
D-CLI-0019v93,sp8k,toke,196,382,D-CLI,2
D-CLI-0020v115,sp8k,toke,88,174,D-CLI,1
D-CLI-0021v119,sp8k,toke,101,182,D-CLI,1
D-CLI-0021v129,sp8k,toke,104,191,D-CLI,1
D-CLI-0021v148,sp8k,toke,92,208,D-CLI,1
D-CLI-0021v151,sp8k,toke,97,186,D-CLI,1
D-CLI-0021v178,sp8k,toke,82,171,D-CLI,1
D-CLI-0021v182,sp8k,toke,83,174,D-CLI,1
D-CLI-0021v200,sp8k,toke,76,149,D-CLI,1
D-CLI-0021v264,sp8k,toke,102,202,D-CLI,1
D-CLI-0021v285,sp8k,toke,110,204,D-CLI,1
D-CLI-0021v72,sp8k,toke,57,100,D-CLI,1
D-CLI-0021v77,sp8k,toke,108,188,D-CLI,1
D-CLI-0022v1,sp8k,toke,104,211,D-CLI,1
D-CLI-0022v140,sp8k,toke,150,320,D-CLI,1
D-CLI-0022v188,sp8k,toke,140,301,D-CLI,1
D-CLI-0022v195,sp8k,toke,133,268,D-CLI,1
D-CLI-0022v241,sp8k,toke,140,269,D-CLI,1
D-CLI-0022v261,sp8k,toke,132,269,D-CLI,1
D-CLI-0022v66,sp8k,toke,103,209,D-CLI,1
D-CLI-0022v91,sp8k,toke,139,317,D-CLI,1
D-CLI-0023v13,sp8k,toke,98,196,D-CLI,1
D-CLI-0023v171,sp8k,toke,103,209,D-CLI,1
D-CLI-0023v210,sp8k,toke,102,201,D-CLI,1
D-CLI-0023v27,sp8k,toke,73,161,D-CLI,1
D-CLI-0023v272,sp8k,toke,86,177,D-CLI,1
D-CLI-0023v45,sp8k,toke,86,176,D-CLI,1
D-CLI-0023v49,sp8k,toke,89,171,D-CLI,1
D-CLI-0024v104,sp8k,toke,71,141,D-CLI,1
D-CLI-0024v127,sp8k,toke,64,135,D-CLI,1
D-CLI-0024v128,sp8k,toke,68,131,D-CLI,1
D-CLI-0024v170,sp8k,toke,71,151,D-CLI,1
D-CLI-0024v198,sp8k,toke,94,151,D-CLI,1
D-CLI-0024v228,sp8k,toke,96,173,D-CLI,1
D-CRY-0001v103,sp8k,toke,119,273,D-CRY,2
D-CRY-0001v149,sp8k,toke,117,237,D-CRY,2
D-CRY-0001v181,sp8k,toke,237,458,D-CRY,2
D-CRY-0001v184,sp8k,toke,263,491,D-CRY,2
D-CRY-0001v225,sp8k,toke,238,469,D-CRY,2
D-CRY-0001v231,sp8k,toke,162,340,D-CRY,2
D-CRY-0001v71,sp8k,toke,159,326,D-CRY,2
D-CRY-0002v249,sp8k,toke,161,318,D-CRY,2
D-CRY-0002v95,sp8k,toke,108,223,D-CRY,2
D-CRY-0003v104,sp8k,toke,180,378,D-CRY,2
D-CRY-0003v22,sp8k,toke,133,278,D-CRY,2
D-CRY-0003v243,sp8k,toke,132,274,D-CRY,2
D-CRY-0003v261,sp8k,toke,167,347,D-CRY,2
D-CRY-0003v35,sp8k,toke,145,305,D-CRY,2
D-CRY-0003v79,sp8k,toke,126,240,D-CRY,2
D-CRY-0003v87,sp8k,toke,116,209,D-CRY,2
D-CRY-0003v95,sp8k,toke,129,272,D-CRY,2
D-CRY-0004v128,sp8k,toke,102,197,D-CRY,2
D-CRY-0004v139,sp8k,toke,203,418,D-CRY,2
D-CRY-0004v187,sp8k,toke,184,379,D-CRY,2
D-CRY-0004v196,sp8k,toke,102,237,D-CRY,2
D-CRY-0004v61,sp8k,toke,202,381,D-CRY,2
D-CRY-0004v62,sp8k,toke,82,189,D-CRY,2
D-CRY-0004v65,sp8k,toke,125,233,D-CRY,2
D-CRY-0005v101,sp8k,toke,153,309,D-CRY,2
D-CRY-0005v181,sp8k,toke,94,186,D-CRY,2
D-CRY-0005v227,sp8k,toke,131,276,D-CRY,2
D-CRY-0005v239,sp8k,toke,103,224,D-CRY,2
D-CRY-0005v261,sp8k,toke,74,161,D-CRY,2
D-CRY-0005v88,sp8k,toke,79,177,D-CRY,2
D-CRY-0005v99,sp8k,toke,166,394,D-CRY,2
D-CRY-0006v176,sp8k,toke,168,366,D-CRY,2
D-CRY-0006v223,sp8k,toke,249,522,D-CRY,2
D-CRY-0006v233,sp8k,toke,169,346,D-CRY,2
D-CRY-0006v258,sp8k,toke,140,261,D-CRY,2
D-CRY-0006v276,sp8k,toke,134,294,D-CRY,2
D-CRY-0006v39,sp8k,toke,91,205,D-CRY,2
D-CRY-0006v76,sp8k,toke,114,253,D-CRY,2
D-CRY-0007v108,sp8k,toke,119,291,D-CRY,2
D-CRY-0007v279,sp8k,toke,133,295,D-CRY,2
D-CRY-0008v115,sp8k,toke,177,361,D-CRY,2
D-CRY-0008v147,sp8k,toke,173,367,D-CRY,2
D-CRY-0008v241,sp8k,toke,102,224,D-CRY,2
D-CRY-0008v250,sp8k,toke,176,355,D-CRY,2
D-CRY-0009v111,sp8k,toke,89,211,D-CRY,2
D-CRY-0009v129,sp8k,toke,121,207,D-CRY,2
D-CRY-0009v145,sp8k,toke,90,190,D-CRY,2
D-CRY-0009v18,sp8k,toke,89,207,D-CRY,2
D-CRY-0009v275,sp8k,toke,120,236,D-CRY,2
D-CRY-0009v89,sp8k,toke,89,183,D-CRY,2
D-CRY-0009v90,sp8k,toke,105,226,D-CRY,2
D-CRY-0010v126,sp8k,toke,108,205,D-CRY,2
D-CRY-0010v157,sp8k,toke,82,161,D-CRY,2
D-CRY-0010v182,sp8k,toke,113,255,D-CRY,2
D-CRY-0010v189,sp8k,toke,73,154,D-CRY,2
D-CRY-0010v229,sp8k,toke,88,175,D-CRY,2
D-CRY-0010v64,sp8k,toke,87,179,D-CRY,2
D-CRY-0011v101,sp8k,toke,125,255,D-CRY,2
D-CRY-0011v155,sp8k,toke,97,235,D-CRY,2
D-CRY-0011v176,sp8k,toke,155,340,D-CRY,2
D-CRY-0011v255,sp8k,toke,134,284,D-CRY,2
D-CRY-0011v52,sp8k,toke,148,338,D-CRY,2
D-CRY-0011v79,sp8k,toke,115,243,D-CRY,2
D-CRY-0012v189,sp8k,toke,83,177,D-CRY,2
D-CRY-0012v20,sp8k,toke,146,329,D-CRY,2
D-CRY-0012v209,sp8k,toke,144,300,D-CRY,2
D-CRY-0012v211,sp8k,toke,172,367,D-CRY,2
D-CRY-0012v234,sp8k,toke,122,232,D-CRY,2
D-CRY-0012v269,sp8k,toke,82,182,D-CRY,2
D-CRY-0012v282,sp8k,toke,95,220,D-CRY,2
D-CRY-0012v45,sp8k,toke,81,167,D-CRY,2
D-CRY-0012v98,sp8k,toke,92,206,D-CRY,2
D-CRY-0013v101,sp8k,toke,121,232,D-CRY,2
D-CRY-0013v116,sp8k,toke,166,339,D-CRY,2
D-CRY-0013v128,sp8k,toke,96,213,D-CRY,2
D-CRY-0013v190,sp8k,toke,125,253,D-CRY,2
D-CRY-0013v248,sp8k,toke,120,266,D-CRY,2
D-CRY-0013v265,sp8k,toke,91,195,D-CRY,2
D-CRY-0013v59,sp8k,toke,126,248,D-CRY,2
D-CRY-0013v85,sp8k,toke,82,173,D-CRY,2
D-CRY-0014v105,sp8k,toke,126,273,D-CRY,3
D-CRY-0014v117,sp8k,toke,125,251,D-CRY,3
D-CRY-0014v146,sp8k,toke,132,279,D-CRY,3
D-CRY-0014v187,sp8k,toke,131,279,D-CRY,3
D-CRY-0014v47,sp8k,toke,147,307,D-CRY,3
D-CRY-0014v60,sp8k,toke,125,261,D-CRY,3
D-CRY-0014v94,sp8k,toke,120,263,D-CRY,3
D-CRY-0015v108,sp8k,toke,130,281,D-CRY,3
D-CRY-0015v202,sp8k,toke,126,273,D-CRY,3
D-CRY-0015v213,sp8k,toke,160,323,D-CRY,3
D-CRY-0015v243,sp8k,toke,135,273,D-CRY,3
D-CRY-0015v245,sp8k,toke,136,270,D-CRY,3
D-CRY-0015v35,sp8k,toke,132,262,D-CRY,3
D-CRY-0015v62,sp8k,toke,160,356,D-CRY,3
D-CRY-0016v16,sp8k,toke,114,199,D-CRY,3
D-CRY-0016v183,sp8k,toke,111,209,D-CRY,3
D-CRY-0016v200,sp8k,toke,113,205,D-CRY,3
D-CRY-0016v212,sp8k,toke,122,248,D-CRY,3
D-CRY-0016v264,sp8k,toke,94,187,D-CRY,3
D-CRY-0016v278,sp8k,toke,89,181,D-CRY,3
D-CRY-0016v53,sp8k,toke,119,216,D-CRY,3
D-CRY-0016v6,sp8k,toke,107,190,D-CRY,3
D-CRY-0017v104,sp8k,toke,104,194,D-CRY,3
D-CRY-0017v135,sp8k,toke,99,204,D-CRY,3
D-CRY-0017v78,sp8k,toke,110,214,D-CRY,3
D-CRY-0017v95,sp8k,toke,118,234,D-CRY,3
D-CRY-0018v112,sp8k,toke,111,195,D-CRY,3
D-CRY-0018v197,sp8k,toke,121,209,D-CRY,3
D-CRY-0018v249,sp8k,toke,132,260,D-CRY,3
D-CRY-0018v42,sp8k,toke,132,264,D-CRY,3
D-CRY-0019v10,sp8k,toke,128,243,D-CRY,3
D-CRY-0019v121,sp8k,toke,120,220,D-CRY,3
D-CRY-0019v246,sp8k,toke,139,267,D-CRY,3
D-CRY-0020v180,sp8k,toke,95,196,D-CRY,3
D-CRY-0020v214,sp8k,toke,138,294,D-CRY,3
D-CRY-0021v116,sp8k,toke,118,245,D-CRY,3
D-CRY-0021v51,sp8k,toke,97,198,D-CRY,3
D-CRY-0021v86,sp8k,toke,102,188,D-CRY,3
D-CRY-0022v105,sp8k,toke,107,187,D-CRY,3
D-CRY-0022v138,sp8k,toke,123,247,D-CRY,3
D-CRY-0022v244,sp8k,toke,105,222,D-CRY,3
D-CRY-0022v99,sp8k,toke,114,221,D-CRY,3
D-CRY-0023v39,sp8k,toke,114,252,D-CRY,3
D-CRY-0023v76,sp8k,toke,124,294,D-CRY,3
D-CRY-0023v99,sp8k,toke,116,266,D-CRY,3
D-CRY-0024v180,sp8k,toke,119,272,D-CRY,3
D-CRY-0024v250,sp8k,toke,155,315,D-CRY,3
D-CRY-0024v283,sp8k,toke,98,201,D-CRY,3
D-DAT-0001v181,sp8k,toke,121,225,D-DAT,2
D-DAT-0001v204,sp8k,toke,80,182,D-DAT,2
D-DAT-0001v231,sp8k,toke,75,164,D-DAT,2
D-DAT-0001v99,sp8k,toke,92,212,D-DAT,2
D-DAT-0002v113,sp8k,toke,129,235,D-DAT,2
D-DAT-0002v139,sp8k,toke,147,284,D-DAT,2
D-DAT-0002v149,sp8k,toke,91,162,D-DAT,2
D-DAT-0002v220,sp8k,toke,94,228,D-DAT,2
D-DAT-0002v239,sp8k,toke,99,188,D-DAT,2
D-DAT-0002v260,sp8k,toke,142,309,D-DAT,2
D-DAT-0002v57,sp8k,toke,116,200,D-DAT,2
D-DAT-0002v68,sp8k,toke,120,259,D-DAT,2
D-DAT-0003v116,sp8k,toke,125,281,D-DAT,2
D-DAT-0003v120,sp8k,toke,162,313,D-DAT,2
D-DAT-0003v132,sp8k,toke,114,249,D-DAT,2
D-DAT-0003v166,sp8k,toke,212,432,D-DAT,2
D-DAT-0003v260,sp8k,toke,166,353,D-DAT,2
D-DAT-0003v44,sp8k,toke,126,281,D-DAT,2
D-DAT-0003v91,sp8k,toke,135,260,D-DAT,2
D-DAT-0004v1,sp8k,toke,137,290,D-DAT,2
D-DAT-0004v110,sp8k,toke,241,484,D-DAT,2
D-DAT-0004v192,sp8k,toke,252,531,D-DAT,2
D-DAT-0004v211,sp8k,toke,126,288,D-DAT,2
D-DAT-0004v217,sp8k,toke,121,266,D-DAT,2
D-DAT-0004v227,sp8k,toke,283,545,D-DAT,2
D-DAT-0004v88,sp8k,toke,286,550,D-DAT,2
D-DAT-0005v117,sp8k,toke,113,231,D-DAT,2
D-DAT-0005v146,sp8k,toke,126,254,D-DAT,2
D-DAT-0005v155,sp8k,toke,84,186,D-DAT,2
D-DAT-0005v184,sp8k,toke,123,265,D-DAT,2
D-DAT-0005v228,sp8k,toke,95,217,D-DAT,2
D-DAT-0005v237,sp8k,toke,89,188,D-DAT,2
D-DAT-0005v44,sp8k,toke,92,206,D-DAT,2
D-DAT-0005v53,sp8k,toke,86,180,D-DAT,2
D-DAT-0006v103,sp8k,toke,97,231,D-DAT,2
D-DAT-0006v225,sp8k,toke,97,208,D-DAT,2
D-DAT-0006v242,sp8k,toke,135,264,D-DAT,2
D-DAT-0006v255,sp8k,toke,125,271,D-DAT,2
D-DAT-0007v175,sp8k,toke,206,450,D-DAT,2
D-DAT-0007v232,sp8k,toke,136,301,D-DAT,2
D-DAT-0007v233,sp8k,toke,105,236,D-DAT,2
D-DAT-0007v37,sp8k,toke,142,312,D-DAT,2
D-DAT-0008v127,sp8k,toke,134,290,D-DAT,2
D-DAT-0008v14,sp8k,toke,108,266,D-DAT,2
D-DAT-0008v243,sp8k,toke,136,317,D-DAT,2
D-DAT-0008v258,sp8k,toke,137,308,D-DAT,2
D-DAT-0008v39,sp8k,toke,103,250,D-DAT,2
D-DAT-0009v175,sp8k,toke,141,302,D-DAT,2
D-DAT-0009v221,sp8k,toke,138,299,D-DAT,2
D-DAT-0009v235,sp8k,toke,94,189,D-DAT,2
D-DAT-0009v263,sp8k,toke,94,200,D-DAT,2
D-DAT-0009v52,sp8k,toke,180,401,D-DAT,2
D-DAT-0009v62,sp8k,toke,194,405,D-DAT,2
D-DAT-0010v170,sp8k,toke,238,475,D-DAT,3
D-DAT-0010v223,sp8k,toke,201,433,D-DAT,3
D-DAT-0010v43,sp8k,toke,100,211,D-DAT,3
D-DAT-0011v131,sp8k,toke,107,219,D-DAT,3
D-DAT-0011v160,sp8k,toke,103,219,D-DAT,3
D-DAT-0011v177,sp8k,toke,237,498,D-DAT,3
D-DAT-0011v3,sp8k,toke,232,469,D-DAT,3
D-DAT-0011v37,sp8k,toke,220,444,D-DAT,3
D-DAT-0012v134,sp8k,toke,206,395,D-DAT,3
D-DAT-0012v3,sp8k,toke,99,203,D-DAT,3
D-DAT-0012v80,sp8k,toke,101,192,D-DAT,3
D-DAT-0013v129,sp8k,toke,101,218,D-DAT,3
D-DAT-0013v143,sp8k,toke,193,414,D-DAT,3
D-DAT-0013v264,sp8k,toke,97,209,D-DAT,3
D-DAT-0013v48,sp8k,toke,192,377,D-DAT,3
D-DAT-0014v116,sp8k,toke,124,279,D-DAT,3
D-DAT-0014v175,sp8k,toke,287,536,D-DAT,3
D-DAT-0014v245,sp8k,toke,249,461,D-DAT,3
D-DAT-0014v261,sp8k,toke,123,246,D-DAT,3
D-DAT-0014v46,sp8k,toke,108,233,D-DAT,3
D-DAT-0015v100,sp8k,toke,261,558,D-DAT,3
D-DAT-0015v127,sp8k,toke,136,311,D-DAT,3
D-DAT-0015v81,sp8k,toke,146,308,D-DAT,3
D-DAT-0016v201,sp8k,toke,116,217,D-DAT,3
D-DAT-0016v21,sp8k,toke,127,231,D-DAT,3
D-DAT-0016v65,sp8k,toke,111,212,D-DAT,3
D-DAT-0017v109,sp8k,toke,114,198,D-DAT,3
D-DAT-0017v26,sp8k,toke,124,261,D-DAT,3
D-DAT-0018v149,sp8k,toke,100,199,D-DAT,3
D-DAT-0018v212,sp8k,toke,95,213,D-DAT,3
D-DAT-0018v236,sp8k,toke,102,209,D-DAT,3
D-DAT-0018v253,sp8k,toke,104,215,D-DAT,3
D-DAT-0019v148,sp8k,toke,267,506,D-DAT,3
D-DAT-0019v151,sp8k,toke,260,489,D-DAT,3
D-DAT-0019v217,sp8k,toke,232,480,D-DAT,3
D-DAT-0019v76,sp8k,toke,258,564,D-DAT,3
D-DAT-0020v170,sp8k,toke,107,236,D-DAT,3
D-DAT-0020v59,sp8k,toke,105,223,D-DAT,3
D-DAT-0020v83,sp8k,toke,248,509,D-DAT,3
D-DAT-0020v91,sp8k,toke,208,388,D-DAT,3
D-DAT-0021v125,sp8k,toke,163,383,D-DAT,3
D-DAT-0021v155,sp8k,toke,153,332,D-DAT,3
D-DAT-0021v162,sp8k,toke,169,381,D-DAT,3
D-DAT-0021v172,sp8k,toke,172,391,D-DAT,3
D-DAT-0021v226,sp8k,toke,152,341,D-DAT,3
D-DAT-0021v60,sp8k,toke,195,469,D-DAT,3
D-DAT-0022v123,sp8k,toke,229,449,D-DAT,2
D-DAT-0022v125,sp8k,toke,103,222,D-DAT,2
D-DAT-0022v173,sp8k,toke,236,456,D-DAT,2
D-DAT-0022v186,sp8k,toke,246,467,D-DAT,2
D-DAT-0022v204,sp8k,toke,214,432,D-DAT,2
D-DAT-0022v205,sp8k,toke,220,438,D-DAT,2
D-DAT-0022v206,sp8k,toke,227,444,D-DAT,2
D-DAT-0022v250,sp8k,toke,243,465,D-DAT,2
D-DAT-0022v251,sp8k,toke,245,456,D-DAT,2
D-DAT-0022v60,sp8k,toke,277,536,D-DAT,2
D-DAT-0023v104,sp8k,toke,217,408,D-DAT,2
D-DAT-0023v223,sp8k,toke,229,444,D-DAT,2
D-DAT-0023v53,sp8k,toke,235,416,D-DAT,2
D-DAT-0023v66,sp8k,toke,223,401,D-DAT,2
D-DAT-0024v141,sp8k,toke,227,455,D-DAT,2
D-DAT-0024v17,sp8k,toke,104,222,D-DAT,2
D-DAT-0024v220,sp8k,toke,269,543,D-DAT,2
D-DAT-0024v224,sp8k,toke,208,390,D-DAT,2
D-DAT-0024v40,sp8k,toke,101,210,D-DAT,2
D-DAT-0024v72,sp8k,toke,102,227,D-DAT,2
D-DAT-0024v76,sp8k,toke,232,431,D-DAT,2
D-DAT-0025v137,sp8k,toke,234,469,D-DAT,2
D-DAT-0025v199,sp8k,toke,108,237,D-DAT,2
D-DAT-0025v206,sp8k,toke,146,325,D-DAT,2
D-DAT-0025v219,sp8k,toke,234,463,D-DAT,2
D-DAT-0025v237,sp8k,toke,108,220,D-DAT,2
D-DAT-0025v4,sp8k,toke,260,519,D-DAT,2
D-DAT-0025v75,sp8k,toke,250,520,D-DAT,2
D-DAT-0025v82,sp8k,toke,113,256,D-DAT,2
D-DAT-0025v92,sp8k,toke,117,258,D-DAT,2
D-DAT-0026v172,sp8k,toke,264,510,D-DAT,2
D-DAT-0026v236,sp8k,toke,263,510,D-DAT,2
D-DAT-0026v262,sp8k,toke,139,298,D-DAT,2
D-DAT-0026v68,sp8k,toke,268,551,D-DAT,2
D-DAT-0026v99,sp8k,toke,220,434,D-DAT,2
D-FIO-0001v100,sp8k,toke,101,215,D-FIO,2
D-FIO-0001v149,sp8k,toke,114,211,D-FIO,2
D-FIO-0001v155,sp8k,toke,130,267,D-FIO,2
D-FIO-0001v221,sp8k,toke,103,212,D-FIO,2
D-FIO-0001v250,sp8k,toke,102,238,D-FIO,2
D-FIO-0001v262,sp8k,toke,89,208,D-FIO,2
D-FIO-0001v372,sp8k,toke,163,343,D-FIO,2
D-FIO-0001v4,sp8k,toke,136,296,D-FIO,2
D-FIO-0002,sp8k,toke,100,198,D-FIO,2
D-FIO-0002v158,sp8k,toke,107,204,D-FIO,2
D-FIO-0002v171,sp8k,toke,102,230,D-FIO,2
D-FIO-0002v260,sp8k,toke,110,231,D-FIO,2
D-FIO-0002v362,sp8k,toke,103,209,D-FIO,2
D-FIO-0003v106,sp8k,toke,142,316,D-FIO,2
D-FIO-0003v139,sp8k,toke,157,315,D-FIO,2
D-FIO-0003v167,sp8k,toke,165,361,D-FIO,2
D-FIO-0003v250,sp8k,toke,144,306,D-FIO,2
D-FIO-0003v345,sp8k,toke,186,381,D-FIO,2
D-FIO-0003v42,sp8k,toke,148,329,D-FIO,2
D-FIO-0003v97,sp8k,toke,156,339,D-FIO,2
D-FIO-0004v110,sp8k,toke,215,429,D-FIO,2
D-FIO-0004v19,sp8k,toke,153,330,D-FIO,2
D-FIO-0004v252,sp8k,toke,138,284,D-FIO,2
D-FIO-0004v340,sp8k,toke,167,359,D-FIO,2
D-FIO-0004v67,sp8k,toke,197,388,D-FIO,2
D-FIO-0005v134,sp8k,toke,136,304,D-FIO,2
D-FIO-0005v241,sp8k,toke,165,338,D-FIO,2
D-FIO-0005v249,sp8k,toke,142,309,D-FIO,2
D-FIO-0005v257,sp8k,toke,162,315,D-FIO,2
D-FIO-0005v275,sp8k,toke,158,327,D-FIO,2
D-FIO-0005v281,sp8k,toke,166,319,D-FIO,2
D-FIO-0005v284,sp8k,toke,124,286,D-FIO,2
D-FIO-0005v346,sp8k,toke,143,303,D-FIO,2
D-FIO-0005v348,sp8k,toke,137,304,D-FIO,2
D-FIO-0005v8,sp8k,toke,157,350,D-FIO,2
D-FIO-0006v119,sp8k,toke,73,159,D-FIO,2
D-FIO-0006v207,sp8k,toke,115,218,D-FIO,2
D-FIO-0006v312,sp8k,toke,85,175,D-FIO,2
D-FIO-0006v78,sp8k,toke,108,231,D-FIO,2
D-FIO-0007v170,sp8k,toke,150,298,D-FIO,2
D-FIO-0007v190,sp8k,toke,112,244,D-FIO,2
D-FIO-0007v193,sp8k,toke,169,332,D-FIO,2
D-FIO-0007v225,sp8k,toke,150,312,D-FIO,2
D-FIO-0007v258,sp8k,toke,150,314,D-FIO,2
D-FIO-0007v261,sp8k,toke,150,300,D-FIO,2
D-FIO-0007v306,sp8k,toke,169,339,D-FIO,2
D-FIO-0007v309,sp8k,toke,144,288,D-FIO,2
D-FIO-0007v318,sp8k,toke,118,274,D-FIO,2
D-FIO-0007v61,sp8k,toke,150,302,D-FIO,2
D-FIO-0008v109,sp8k,toke,208,387,D-FIO,2
D-FIO-0008v115,sp8k,toke,183,363,D-FIO,2
D-FIO-0008v189,sp8k,toke,147,295,D-FIO,2
D-FIO-0008v202,sp8k,toke,176,376,D-FIO,2
D-FIO-0008v290,sp8k,toke,170,375,D-FIO,2
D-FIO-0008v296,sp8k,toke,132,279,D-FIO,2
D-FIO-0008v325,sp8k,toke,193,390,D-FIO,2
D-FIO-0008v39,sp8k,toke,146,329,D-FIO,2
D-FIO-0008v93,sp8k,toke,181,358,D-FIO,2
D-FIO-0009v265,sp8k,toke,97,195,D-FIO,2
D-FIO-0010v113,sp8k,toke,142,268,D-FIO,2
D-FIO-0010v119,sp8k,toke,190,437,D-FIO,2
D-FIO-0010v196,sp8k,toke,124,269,D-FIO,2
D-FIO-0010v208,sp8k,toke,101,203,D-FIO,2
D-FIO-0010v284,sp8k,toke,102,237,D-FIO,2
D-FIO-0010v292,sp8k,toke,120,269,D-FIO,2
D-FIO-0010v33,sp8k,toke,116,227,D-FIO,2
D-FIO-0010v54,sp8k,toke,131,269,D-FIO,2
D-FIO-0010v94,sp8k,toke,116,253,D-FIO,2
D-FIO-0012v14,sp8k,toke,97,203,D-FIO,2
D-FIO-0012v229,sp8k,toke,98,188,D-FIO,2
D-FIO-0012v241,sp8k,toke,97,205,D-FIO,2
D-FIO-0012v252,sp8k,toke,93,210,D-FIO,2
D-FIO-0012v279,sp8k,toke,95,209,D-FIO,2
D-FIO-0012v74,sp8k,toke,80,174,D-FIO,2
D-FIO-0012v75,sp8k,toke,113,241,D-FIO,2
D-FIO-0013v115,sp8k,toke,117,255,D-FIO,2
D-FIO-0013v298,sp8k,toke,158,330,D-FIO,2
D-FIO-0013v356,sp8k,toke,136,298,D-FIO,2
D-FIO-0013v41,sp8k,toke,126,283,D-FIO,2
D-FIO-0014v185,sp8k,toke,140,286,D-FIO,2
D-FIO-0014v230,sp8k,toke,161,314,D-FIO,2
D-FIO-0014v28,sp8k,toke,115,248,D-FIO,2
D-FIO-0014v297,sp8k,toke,138,279,D-FIO,2
D-FIO-0015v219,sp8k,toke,140,274,D-FIO,2
D-FIO-0015v326,sp8k,toke,139,289,D-FIO,2
D-FIO-0016v125,sp8k,toke,128,233,D-FIO,2
D-FIO-0016v189,sp8k,toke,104,213,D-FIO,2
D-FIO-0016v255,sp8k,toke,134,259,D-FIO,2
D-FIO-0016v284,sp8k,toke,123,241,D-FIO,2
D-FIO-0016v338,sp8k,toke,140,282,D-FIO,2
D-FIO-0016v73,sp8k,toke,74,127,D-FIO,2
D-FIO-0017v111,sp8k,toke,146,280,D-FIO,2
D-FIO-0017v114,sp8k,toke,137,258,D-FIO,2
D-FIO-0017v15,sp8k,toke,111,221,D-FIO,2
D-FIO-0017v204,sp8k,toke,149,304,D-FIO,2
D-FIO-0017v218,sp8k,toke,142,281,D-FIO,2
D-FIO-0017v230,sp8k,toke,137,264,D-FIO,2
D-FIO-0017v252,sp8k,toke,132,261,D-FIO,2
D-FIO-0017v260,sp8k,toke,142,290,D-FIO,2
D-FIO-0017v284,sp8k,toke,93,221,D-FIO,2
D-FIO-0017v287,sp8k,toke,130,238,D-FIO,2
D-FIO-0017v332,sp8k,toke,92,216,D-FIO,2
D-FIO-0017v335,sp8k,toke,114,215,D-FIO,2
D-FIO-0017v347,sp8k,toke,78,190,D-FIO,2
D-FIO-0017v376,sp8k,toke,77,176,D-FIO,2
D-FIO-0017v90,sp8k,toke,82,194,D-FIO,2
D-FIO-0018v100,sp8k,toke,219,452,D-FIO,2
D-FIO-0018v126,sp8k,toke,194,431,D-FIO,2
D-FIO-0018v148,sp8k,toke,173,385,D-FIO,2
D-FIO-0018v151,sp8k,toke,194,389,D-FIO,2
D-FIO-0018v225,sp8k,toke,244,457,D-FIO,2
D-FIO-0018v3,sp8k,toke,118,264,D-FIO,2
D-FIO-0018v6,sp8k,toke,149,308,D-FIO,2
D-FIO-0018v63,sp8k,toke,138,309,D-FIO,2
D-FIO-0018v92,sp8k,toke,153,362,D-FIO,2
D-NET-0001v173,sp8k,toke,94,210,D-NET,2
D-NET-0001v218,sp8k,toke,94,214,D-NET,2
D-NET-0001v259,sp8k,toke,108,203,D-NET,2
D-NET-0001v292,sp8k,toke,109,198,D-NET,2
D-NET-0001v302,sp8k,toke,146,301,D-NET,2
D-NET-0001v306,sp8k,toke,98,226,D-NET,2
D-NET-0001v321,sp8k,toke,114,188,D-NET,2
D-NET-0002v139,sp8k,toke,139,269,D-NET,2
D-NET-0002v215,sp8k,toke,213,417,D-NET,2
D-NET-0003v165,sp8k,toke,179,398,D-NET,2
D-NET-0003v192,sp8k,toke,169,382,D-NET,2
D-NET-0003v213,sp8k,toke,288,529,D-NET,2
D-NET-0003v238,sp8k,toke,340,640,D-NET,2
D-NET-0003v283,sp8k,toke,221,459,D-NET,2
D-NET-0003v340,sp8k,toke,244,509,D-NET,2
D-NET-0003v36,sp8k,toke,190,350,D-NET,2
D-NET-0003v94,sp8k,toke,183,408,D-NET,2
D-NET-0004v150,sp8k,toke,182,387,D-NET,2
D-NET-0004v165,sp8k,toke,177,370,D-NET,2
D-NET-0004v212,sp8k,toke,168,406,D-NET,2
D-NET-0004v233,sp8k,toke,129,258,D-NET,2
D-NET-0004v269,sp8k,toke,141,330,D-NET,2
D-NET-0004v63,sp8k,toke,134,332,D-NET,2
D-NET-0004v73,sp8k,toke,224,456,D-NET,2
D-NET-0005v126,sp8k,toke,137,225,D-NET,2
D-NET-0005v2,sp8k,toke,133,248,D-NET,2
D-NET-0005v27,sp8k,toke,99,229,D-NET,2
D-NET-0005v270,sp8k,toke,124,215,D-NET,2
D-NET-0005v280,sp8k,toke,149,248,D-NET,2
D-NET-0005v289,sp8k,toke,91,203,D-NET,2
D-NET-0005v302,sp8k,toke,116,261,D-NET,2
D-NET-0005v48,sp8k,toke,145,246,D-NET,2
D-NET-0005v96,sp8k,toke,118,214,D-NET,2
D-NET-0006v137,sp8k,toke,125,294,D-NET,2
D-NET-0006v172,sp8k,toke,179,352,D-NET,2
D-NET-0006v176,sp8k,toke,202,402,D-NET,2
D-NET-0007v123,sp8k,toke,148,266,D-NET,2
D-NET-0007v132,sp8k,toke,153,302,D-NET,2
D-NET-0007v156,sp8k,toke,117,285,D-NET,2
D-NET-0007v33,sp8k,toke,115,262,D-NET,2
D-NET-0007v38,sp8k,toke,156,295,D-NET,2
D-NET-0007v43,sp8k,toke,141,324,D-NET,2
D-NET-0007v58,sp8k,toke,127,296,D-NET,2
D-NET-0007v59,sp8k,toke,170,316,D-NET,2
D-NET-0007v69,sp8k,toke,111,260,D-NET,2
D-NET-0008v144,sp8k,toke,219,447,D-NET,2
D-NET-0008v238,sp8k,toke,148,373,D-NET,2
D-NET-0008v253,sp8k,toke,208,426,D-NET,2
D-NET-0008v28,sp8k,toke,138,356,D-NET,2
D-NET-0008v329,sp8k,toke,220,451,D-NET,2
D-NET-0008v330,sp8k,toke,169,337,D-NET,2
D-NET-0008v39,sp8k,toke,147,364,D-NET,2
D-NET-0009v171,sp8k,toke,137,259,D-NET,2
D-NET-0009v224,sp8k,toke,123,248,D-NET,2
D-NET-0009v237,sp8k,toke,87,192,D-NET,2
D-NET-0009v264,sp8k,toke,120,236,D-NET,2
D-NET-0009v285,sp8k,toke,135,270,D-NET,2
D-NET-0009v303,sp8k,toke,125,248,D-NET,2
D-NET-0009v36,sp8k,toke,145,292,D-NET,2
D-NET-0010v240,sp8k,toke,92,206,D-NET,2
D-NET-0010v290,sp8k,toke,101,197,D-NET,2
D-NET-0010v69,sp8k,toke,103,185,D-NET,2
D-NET-0010v73,sp8k,toke,100,216,D-NET,2
D-NET-0011v190,sp8k,toke,94,239,D-NET,2
D-NET-0011v195,sp8k,toke,123,297,D-NET,2
D-NET-0011v200,sp8k,toke,148,305,D-NET,2
D-NET-0011v236,sp8k,toke,97,245,D-NET,2
D-NET-0011v296,sp8k,toke,102,253,D-NET,2
D-NET-0012v139,sp8k,toke,151,316,D-NET,2
D-NET-0012v163,sp8k,toke,135,272,D-NET,2
D-NET-0012v183,sp8k,toke,114,237,D-NET,2
D-NET-0012v211,sp8k,toke,142,274,D-NET,2
D-NET-0012v258,sp8k,toke,152,300,D-NET,2
D-NET-0012v290,sp8k,toke,135,272,D-NET,2
D-NET-0012v297,sp8k,toke,137,257,D-NET,2
D-NET-0012v53,sp8k,toke,164,297,D-NET,2
D-NET-0012v6,sp8k,toke,137,296,D-NET,2
D-NET-0013v10,sp8k,toke,168,327,D-NET,2
D-NET-0013v118,sp8k,toke,143,298,D-NET,2
D-NET-0013v147,sp8k,toke,133,272,D-NET,2
D-NET-0013v156,sp8k,toke,155,293,D-NET,2
D-NET-0013v203,sp8k,toke,153,283,D-NET,2
D-NET-0013v328,sp8k,toke,144,247,D-NET,2
D-NET-0013v340,sp8k,toke,117,242,D-NET,2
D-NET-0013v40,sp8k,toke,102,189,D-NET,2
D-NET-0013v80,sp8k,toke,146,256,D-NET,2
D-NET-0013v9,sp8k,toke,152,268,D-NET,2
D-NET-0014v118,sp8k,toke,163,297,D-NET,2
D-NET-0014v134,sp8k,toke,164,279,D-NET,2
D-NET-0014v229,sp8k,toke,139,248,D-NET,2
D-NET-0014v305,sp8k,toke,143,244,D-NET,2
D-NET-0014v59,sp8k,toke,172,315,D-NET,2
D-NET-0015v160,sp8k,toke,131,242,D-NET,2
D-NET-0015v178,sp8k,toke,90,197,D-NET,2
D-NET-0015v183,sp8k,toke,141,249,D-NET,2
D-NET-0015v195,sp8k,toke,141,277,D-NET,2
D-NET-0015v2,sp8k,toke,85,181,D-NET,2
D-NET-0015v21,sp8k,toke,100,215,D-NET,2
D-NET-0015v303,sp8k,toke,123,228,D-NET,2
D-NET-0015v330,sp8k,toke,123,232,D-NET,2
D-NET-0015v337,sp8k,toke,130,240,D-NET,2
D-NET-0016v192,sp8k,toke,198,427,D-NET,2
D-NET-0016v238,sp8k,toke,287,544,D-NET,2
D-NET-0016v33,sp8k,toke,227,455,D-NET,2
D-NET-0016v49,sp8k,toke,234,476,D-NET,2
D-NET-0016v98,sp8k,toke,306,617,D-NET,2
D-NET-0017v1,sp8k,toke,91,205,D-NET,2
D-NET-0017v119,sp8k,toke,89,175,D-NET,2
D-NET-0017v142,sp8k,toke,122,251,D-NET,2
D-NET-0017v177,sp8k,toke,128,239,D-NET,2
D-NET-0017v55,sp8k,toke,101,193,D-NET,2
D-NET-0018v137,sp8k,toke,111,248,D-NET,2
D-NET-0018v234,sp8k,toke,100,205,D-NET,2
D-NET-0018v27,sp8k,toke,132,308,D-NET,2
D-NET-0018v273,sp8k,toke,144,310,D-NET,2
D-NET-0018v63,sp8k,toke,103,222,D-NET,2
D-NET-0019v115,sp8k,toke,181,357,D-NET,2
D-NET-0019v129,sp8k,toke,110,225,D-NET,2
D-NET-0019v18,sp8k,toke,157,304,D-NET,2
D-NET-0019v218,sp8k,toke,123,286,D-NET,2
D-NET-0019v283,sp8k,toke,129,255,D-NET,2
D-NET-0020v119,sp8k,toke,175,351,D-NET,2
D-NET-0020v125,sp8k,toke,174,372,D-NET,2
D-NET-0020v137,sp8k,toke,217,447,D-NET,2
D-NET-0020v156,sp8k,toke,149,352,D-NET,2
D-NET-0020v211,sp8k,toke,184,374,D-NET,2
D-NET-0020v218,sp8k,toke,219,454,D-NET,2
D-NET-0020v256,sp8k,toke,201,409,D-NET,2
D-NET-0020v260,sp8k,toke,176,356,D-NET,2
D-NET-0020v335,sp8k,toke,176,342,D-NET,2
D-NET-0020v92,sp8k,toke,177,405,D-NET,2
D-TST-0001v259,sp8k,toke,127,242,D-TST,1
D-TST-0001v30,sp8k,toke,134,255,D-TST,1
D-TST-0002v156,sp8k,toke,96,228,D-TST,1
D-TST-0002v188,sp8k,toke,110,247,D-TST,1
D-TST-0002v20,sp8k,toke,87,204,D-TST,1
D-TST-0002v264,sp8k,toke,121,258,D-TST,1
D-TST-0002v37,sp8k,toke,102,213,D-TST,1
D-TST-0003v133,sp8k,toke,109,197,D-TST,1
D-TST-0003v18,sp8k,toke,139,267,D-TST,1
D-TST-0003v247,sp8k,toke,109,211,D-TST,1
D-TST-0003v89,sp8k,toke,132,236,D-TST,1
D-TST-0004v150,sp8k,toke,97,218,D-TST,1
D-TST-0004v237,sp8k,toke,78,166,D-TST,1
D-TST-0005v131,sp8k,toke,131,252,D-TST,1
D-TST-0005v14,sp8k,toke,79,177,D-TST,1
D-TST-0005v242,sp8k,toke,124,245,D-TST,1
D-TST-0005v256,sp8k,toke,84,181,D-TST,1
D-TST-0005v3,sp8k,toke,123,263,D-TST,1
D-TST-0006v144,sp8k,toke,115,246,D-TST,1
D-TST-0006v203,sp8k,toke,138,286,D-TST,1
D-TST-0007v123,sp8k,toke,141,295,D-TST,1
D-TST-0007v228,sp8k,toke,134,266,D-TST,1
D-TST-0007v255,sp8k,toke,79,173,D-TST,1
D-TST-0008v116,sp8k,toke,150,323,D-TST,1
D-TST-0008v200,sp8k,toke,87,192,D-TST,1
D-TST-0008v227,sp8k,toke,88,202,D-TST,1
D-TST-0008v252,sp8k,toke,105,253,D-TST,1
D-TST-0008v265,sp8k,toke,131,294,D-TST,1
D-TST-0008v93,sp8k,toke,118,250,D-TST,1
D-TST-0009v102,sp8k,toke,173,366,D-TST,1
D-TST-0009v147,sp8k,toke,133,268,D-TST,1
D-TST-0010v155,sp8k,toke,145,300,D-TST,1
D-TST-0010v56,sp8k,toke,125,246,D-TST,1
D-TST-0011v183,sp8k,toke,102,230,D-TST,2
D-TST-0011v231,sp8k,toke,112,248,D-TST,2
D-TST-0011v77,sp8k,toke,93,180,D-TST,2
D-TST-0012v141,sp8k,toke,107,215,D-TST,2
D-TST-0012v263,sp8k,toke,211,398,D-TST,2
D-TST-0012v32,sp8k,toke,117,232,D-TST,2
D-TST-0013v143,sp8k,toke,104,229,D-TST,2
D-TST-0013v19,sp8k,toke,106,225,D-TST,2
D-TST-0013v81,sp8k,toke,200,383,D-TST,2
D-TST-0014v19,sp8k,toke,193,392,D-TST,2
D-TST-0014v249,sp8k,toke,208,411,D-TST,2
D-TST-0014v50,sp8k,toke,114,242,D-TST,2
D-TST-0015v14,sp8k,toke,136,277,D-TST,2
D-TST-0015v172,sp8k,toke,235,459,D-TST,2
D-TST-0015v179,sp8k,toke,234,437,D-TST,2
D-TST-0015v206,sp8k,toke,229,457,D-TST,2
D-TST-0015v259,sp8k,toke,219,439,D-TST,2
D-TST-0015v38,sp8k,toke,265,563,D-TST,2
D-TST-0016v114,sp8k,toke,133,265,D-TST,2
D-TST-0016v19,sp8k,toke,231,411,D-TST,2
D-TST-0016v201,sp8k,toke,230,383,D-TST,2
D-TST-0016v30,sp8k,toke,155,306,D-TST,2
D-TST-0016v76,sp8k,toke,240,465,D-TST,2
D-TST-0016v81,sp8k,toke,121,239,D-TST,2
D-TST-0016v91,sp8k,toke,292,565,D-TST,2
D-TST-0017v101,sp8k,toke,143,239,D-TST,2
D-TST-0017v108,sp8k,toke,95,204,D-TST,2
D-TST-0017v148,sp8k,toke,114,216,D-TST,2
D-TST-0017v180,sp8k,toke,91,199,D-TST,2
D-TST-0017v188,sp8k,toke,115,219,D-TST,2
D-TST-0017v243,sp8k,toke,122,224,D-TST,2
D-TST-0017v53,sp8k,toke,124,212,D-TST,2
D-TST-0018v111,sp8k,toke,96,228,D-TST,2
D-TST-0018v261,sp8k,toke,137,295,D-TST,2
D-TST-0018v81,sp8k,toke,109,251,D-TST,2
D-TST-0018v94,sp8k,toke,97,228,D-TST,2
D-TST-0019v169,sp8k,toke,129,300,D-TST,2
D-TST-0019v221,sp8k,toke,122,274,D-TST,2
D-TST-0019v4,sp8k,toke,107,255,D-TST,2
D-TST-0020v11,sp8k,toke,103,237,D-TST,2
D-TST-0020v132,sp8k,toke,141,302,D-TST,2
D-TST-0020v15,sp8k,toke,89,205,D-TST,2
D-TST-0020v161,sp8k,toke,134,281,D-TST,2
D-TST-0020v18,sp8k,toke,129,301,D-TST,2
D-TST-0020v190,sp8k,toke,140,289,D-TST,2
D-TST-0020v21,sp8k,toke,98,215,D-TST,2
D-TST-0020v6,sp8k,toke,138,312,D-TST,2
D-TST-0021,sp8k,toke,133,298,D-TST,2
D-TST-0021v10,sp8k,toke,133,300,D-TST,2
D-TST-0021v124,sp8k,toke,147,307,D-TST,2
D-TST-0021v14,sp8k,toke,185,417,D-TST,2
D-TST-0021v157,sp8k,toke,144,307,D-TST,2
D-TST-0021v163,sp8k,toke,145,334,D-TST,2
D-TST-0021v170,sp8k,toke,138,296,D-TST,2
D-TST-0021v180,sp8k,toke,131,282,D-TST,2
D-TST-0021v219,sp8k,toke,99,230,D-TST,2
D-TST-0021v221,sp8k,toke,129,275,D-TST,2
D-TST-0021v240,sp8k,toke,104,233,D-TST,2
D-TST-0021v255,sp8k,toke,90,206,D-TST,2
D-TST-0021v260,sp8k,toke,105,251,D-TST,2
D-TST-0022v116,sp8k,toke,85,175,D-TST,2
D-TST-0022v14,sp8k,toke,80,172,D-TST,2
D-TST-0022v193,sp8k,toke,98,171,D-TST,2
D-TST-0022v28,sp8k,toke,87,176,D-TST,2
D-TST-0022v52,sp8k,toke,87,175,D-TST,2
D-TST-0022v69,sp8k,toke,86,158,D-TST,2
D-TST-0022v81,sp8k,toke,116,196,D-TST,2
D-TST-0022v9,sp8k,toke,93,185,D-TST,2
D-TST-0023v102,sp8k,toke,117,223,D-TST,3
D-TST-0023v146,sp8k,toke,109,210,D-TST,3
D-TST-0023v176,sp8k,toke,97,212,D-TST,3
D-TST-0023v185,sp8k,toke,101,177,D-TST,3
D-TST-0023v198,sp8k,toke,103,226,D-TST,3
D-TST-0023v236,sp8k,toke,118,275,D-TST,3
D-TST-0023v237,sp8k,toke,96,179,D-TST,3
D-TST-0023v238,sp8k,toke,91,168,D-TST,3
D-TST-0023v247,sp8k,toke,92,169,D-TST,3
D-TST-0023v259,sp8k,toke,128,279,D-TST,3
D-TST-0024v130,sp8k,toke,135,250,D-TST,3
D-TST-0024v136,sp8k,toke,135,221,D-TST,3
D-TST-0024v154,sp8k,toke,124,261,D-TST,3
D-TST-0024v161,sp8k,toke,112,229,D-TST,3
D-TST-0024v170,sp8k,toke,125,244,D-TST,3
D-TST-0024v185,sp8k,toke,139,234,D-TST,3
D-TST-0024v31,sp8k,toke,124,230,D-TST,3
D-TST-0024v48,sp8k,toke,121,207,D-TST,3
D-TST-0024v5,sp8k,toke,120,191,D-TST,3
D-TST-0024v52,sp8k,toke,102,234,D-TST,3
D-TST-0024v55,sp8k,toke,116,225,D-TST,3
D-TST-0024v65,sp8k,toke,116,247,D-TST,3
D-TST-0025v162,sp8k,toke,249,518,D-TST,3
D-TST-0025v202,sp8k,toke,231,523,D-TST,3
D-TST-0025v207,sp8k,toke,200,389,D-TST,3
D-TST-0025v215,sp8k,toke,257,563,D-TST,3
D-TST-0025v22,sp8k,toke,99,228,D-TST,3
D-TST-0025v241,sp8k,toke,173,352,D-TST,3
D-TST-0025v248,sp8k,toke,236,462,D-TST,3
D-TST-0025v256,sp8k,toke,313,643,D-TST,3
D-TST-0025v73,sp8k,toke,136,243,D-TST,3
D-TST-0025v85,sp8k,toke,216,461,D-TST,3
D-TST-0025v95,sp8k,toke,270,593,D-TST,3
D-WEB-0001v116,sp8k,toke,146,323,D-WEB,2
D-WEB-0001v172,sp8k,toke,144,328,D-WEB,2
D-WEB-0001v230,sp8k,toke,154,336,D-WEB,2
D-WEB-0001v236,sp8k,toke,139,315,D-WEB,2
D-WEB-0001v58,sp8k,toke,167,355,D-WEB,2
D-WEB-0001v71,sp8k,toke,139,304,D-WEB,2
D-WEB-0003v114,sp8k,toke,83,179,D-WEB,2
D-WEB-0003v128,sp8k,toke,159,322,D-WEB,2
D-WEB-0003v137,sp8k,toke,120,229,D-WEB,2
D-WEB-0003v141,sp8k,toke,127,292,D-WEB,2
D-WEB-0004v10,sp8k,toke,200,425,D-WEB,2
D-WEB-0004v143,sp8k,toke,131,305,D-WEB,2
D-WEB-0004v2,sp8k,toke,121,281,D-WEB,2
D-WEB-0004v252,sp8k,toke,140,329,D-WEB,2
D-WEB-0005v24,sp8k,toke,239,447,D-WEB,3
D-WEB-0005v248,sp8k,toke,213,435,D-WEB,3
D-WEB-0005v5,sp8k,toke,268,563,D-WEB,3
D-WEB-0005v63,sp8k,toke,158,350,D-WEB,3
D-WEB-0005v65,sp8k,toke,246,475,D-WEB,3
D-WEB-0006v128,sp8k,toke,105,205,D-WEB,3
D-WEB-0006v148,sp8k,toke,136,309,D-WEB,3
D-WEB-0006v16,sp8k,toke,195,365,D-WEB,3
D-WEB-0006v177,sp8k,toke,155,312,D-WEB,3
D-WEB-0006v179,sp8k,toke,131,281,D-WEB,3
D-WEB-0006v190,sp8k,toke,122,247,D-WEB,3
D-WEB-0006v222,sp8k,toke,117,241,D-WEB,3
D-WEB-0006v224,sp8k,toke,166,341,D-WEB,3
D-WEB-0006v6,sp8k,toke,194,368,D-WEB,3
D-WEB-0007v12,sp8k,toke,113,272,D-WEB,3
D-WEB-0007v177,sp8k,toke,166,338,D-WEB,3
D-WEB-0007v193,sp8k,toke,118,260,D-WEB,3
D-WEB-0007v207,sp8k,toke,104,232,D-WEB,3
D-WEB-0007v70,sp8k,toke,111,246,D-WEB,3
D-WEB-0008v102,sp8k,toke,199,386,D-WEB,3
D-WEB-0008v139,sp8k,toke,199,354,D-WEB,3
D-WEB-0008v147,sp8k,toke,293,552,D-WEB,3
D-WEB-0008v15,sp8k,toke,97,196,D-WEB,3
D-WEB-0008v172,sp8k,toke,130,279,D-WEB,3
D-WEB-0008v209,sp8k,toke,226,443,D-WEB,3
D-WEB-0008v75,sp8k,toke,105,212,D-WEB,3
D-WEB-0008v93,sp8k,toke,208,390,D-WEB,3
D-WEB-0009v1,sp8k,toke,130,230,D-WEB,2
D-WEB-0009v107,sp8k,toke,137,258,D-WEB,2
D-WEB-0009v138,sp8k,toke,191,404,D-WEB,2
D-WEB-0009v198,sp8k,toke,103,207,D-WEB,2
D-WEB-0010v178,sp8k,toke,106,208,D-WEB,2
D-WEB-0010v208,sp8k,toke,81,154,D-WEB,2
D-WEB-0010v217,sp8k,toke,85,158,D-WEB,2
D-WEB-0010v29,sp8k,toke,136,259,D-WEB,2
D-WEB-0010v84,sp8k,toke,117,248,D-WEB,2
D-WEB-0010v87,sp8k,toke,100,193,D-WEB,2
D-WEB-0011v170,sp8k,toke,138,249,D-WEB,2
D-WEB-0012v125,sp8k,toke,76,145,D-WEB,2
D-WEB-0012v178,sp8k,toke,119,276,D-WEB,2
D-WEB-0013v242,sp8k,toke,275,539,D-WEB,2
D-WEB-0013v35,sp8k,toke,190,358,D-WEB,2
D-WEB-0013v41,sp8k,toke,171,323,D-WEB,2
D-WEB-0013v47,sp8k,toke,152,296,D-WEB,2
D-WEB-0013v6,sp8k,toke,110,209,D-WEB,2
D-WEB-0013v63,sp8k,toke,157,319,D-WEB,2
D-WEB-0013v74,sp8k,toke,159,302,D-WEB,2
D-WEB-0013v76,sp8k,toke,115,220,D-WEB,2
D-WEB-0013v97,sp8k,toke,156,283,D-WEB,2
D-WEB-0014v139,sp8k,toke,109,229,D-WEB,2
D-WEB-0014v181,sp8k,toke,83,182,D-WEB,2
D-WEB-0014v222,sp8k,toke,103,240,D-WEB,2
D-WEB-0014v228,sp8k,toke,89,188,D-WEB,2
D-WEB-0014v232,sp8k,toke,82,192,D-WEB,2
D-WEB-0014v62,sp8k,toke,136,299,D-WEB,2
D-WEB-0014v85,sp8k,toke,89,180,D-WEB,2
D-WEB-0015v183,sp8k,toke,106,217,D-WEB,2
D-WEB-0015v230,sp8k,toke,178,384,D-WEB,2
D-WEB-0015v236,sp8k,toke,116,243,D-WEB,2
D-WEB-0015v38,sp8k,toke,104,223,D-WEB,2
D-WEB-0015v94,sp8k,toke,77,178,D-WEB,2
D-WEB-0016v120,sp8k,toke,85,199,D-WEB,2
D-WEB-0016v194,sp8k,toke,76,182,D-WEB,2
D-WEB-0016v253,sp8k,toke,70,149,D-WEB,2
D-WEB-0016v4,sp8k,toke,79,189,D-WEB,2
D-WEB-0016v46,sp8k,toke,81,187,D-WEB,2
D-WEB-0016v87,sp8k,toke,82,197,D-WEB,2
D-WEB-0017v25,sp8k,toke,152,296,D-WEB,2
D-WEB-0017v44,sp8k,toke,120,244,D-WEB,2
D-WEB-0017v73,sp8k,toke,93,210,D-WEB,2
D-WEB-0018v10,sp8k,toke,84,171,D-WEB,2
D-WEB-0018v119,sp8k,toke,132,226,D-WEB,2
D-WEB-0018v142,sp8k,toke,121,223,D-WEB,2
D-WEB-0018v145,sp8k,toke,143,263,D-WEB,2
D-WEB-0018v247,sp8k,toke,83,189,D-WEB,2
D-WEB-0018v65,sp8k,toke,138,234,D-WEB,2
D-WEB-0018v68,sp8k,toke,152,306,D-WEB,2
D-WEB-0019v133,sp8k,toke,63,132,D-WEB,2
D-WEB-0019v182,sp8k,toke,61,140,D-WEB,2
D-WEB-0019v67,sp8k,toke,68,152,D-WEB,2
D-WEB-0020v105,sp8k,toke,99,205,D-WEB,2
D-WEB-0020v109,sp8k,toke,119,211,D-WEB,2
D-WEB-0020v177,sp8k,toke,60,112,D-WEB,2
D-WEB-0021v12,sp8k,toke,98,227,D-WEB,2
D-WEB-0021v123,sp8k,toke,107,222,D-WEB,2
D-WEB-0021v125,sp8k,toke,75,159,D-WEB,2
D-WEB-0021v180,sp8k,toke,97,224,D-WEB,2
D-WEB-0021v29,sp8k,toke,93,168,D-WEB,2
D-WEB-0021v4,sp8k,toke,91,197,D-WEB,2
D-WEB-0021v70,sp8k,toke,121,296,D-WEB,2
D-WEB-0021v92,sp8k,toke,87,199,D-WEB,2
D-WEB-0022v119,sp8k,toke,105,197,D-WEB,2
D-WEB-0022v183,sp8k,toke,129,237,D-WEB,2
D-WEB-0022v222,sp8k,toke,107,203,D-WEB,2
D-WEB-0023v91,sp8k,toke,124,284,D-WEB,2
D-WEB-0023v97,sp8k,toke,99,186,D-WEB,2
D-WEB-0024v108,sp8k,toke,90,209,D-WEB,2
D-WEB-0024v220,sp8k,toke,119,211,D-WEB,2
D-WEB-0024v27,sp8k,toke,175,316,D-WEB,2
D-WEB-0025v139,sp8k,toke,175,347,D-WEB,3
D-WEB-0025v192,sp8k,toke,155,302,D-WEB,3
D-WEB-0025v199,sp8k,toke,168,353,D-WEB,3
D-WEB-0025v30,sp8k,toke,150,351,D-WEB,3
D-WEB-0025v89,sp8k,toke,196,383,D-WEB,3
D-WEB-0026v187,sp8k,toke,157,340,D-WEB,3
D-WEB-0026v205,sp8k,toke,113,223,D-WEB,3
D-WEB-0026v217,sp8k,toke,104,199,D-WEB,3
D-WEB-0026v238,sp8k,toke,187,410,D-WEB,3
D-WEB-0026v28,sp8k,toke,175,402,D-WEB,3
D-WEB-0026v96,sp8k,toke,71,156,D-WEB,3
D-WEB-0027v173,sp8k,toke,152,254,D-WEB,3
D-WEB-0027v182,sp8k,toke,107,221,D-WEB,3
D-WEB-0027v241,sp8k,toke,131,216,D-WEB,3
MIG-B-D-CFG-0013v334-2f9e09c6,sp8k,toke,208,478,D-CFG,2
MIG-B-D-CFG-0015v338-0c7d6653,sp8k,toke,169,390,D-CFG,2
MIG-B-D-CLI-0013v279-c2e9fb64,sp8k,toke,132,271,D-CLI,2
MIG-B-D-CRY-0009v250-d8b6ddd9,sp8k,toke,42,122,D-CRY,2
MIG-B-D-CRY-0020v230-784b9394,sp8k,toke,107,233,D-CRY,2
MIG-B-D-DAT-0011v241-abe6727f,sp8k,toke,85,185,D-DAT,2
MIG-B-D-NET-0019v330-7a853f80,sp8k,toke,210,519,D-NET,2
MIG-B-D-WEB-0004v237-bfa34332,sp8k,toke,370,747,D-WEB,2
MIG-B-D-WEB-0015v234-dc2f99e3,sp8k,toke,48,103,D-WEB,2
MIG-B-D-WEB-0026v228-b74d7296,sp8k,toke,90,213,D-WEB,2
MIG-P2-A-A-ARR-0008v23-ae88119c,sp8k,toke,56,150,A-ARR,2
MIG-P2-A-A-ARR-0019v13-3d367c21,sp8k,toke,53,133,A-ARR,2
MIG-P2-A-A-ARR-0019v4-5e28336f,sp8k,toke,50,149,A-ARR,2
MIG-P2-A-A-ARR-0019v8-2eaaa735,sp8k,toke,53,140,A-ARR,2
MIG-P2-A-A-ARR-0021v30-c15769ff,sp8k,toke,56,148,A-ARR,2
MIG-P2-A-A-ARR-0022v37-de4fbe4a,sp8k,toke,55,134,A-ARR,2
MIG-P2-A-A-ARR-0023v23-e8274f00,sp8k,toke,47,122,A-ARR,2
MIG-P2-A-A-ARR-0023v3-3c505ac3,sp8k,toke,43,105,A-ARR,2
MIG-P2-A-A-ARR-0030v36-e678a533,sp8k,toke,64,186,A-ARR,2
MIG-P2-A-A-ARR-0037v3-9abdcbad,sp8k,toke,50,133,A-ARR,2
MIG-P2-A-A-ARR-0043v12-154fffbd,sp8k,toke,70,191,A-ARR,2
MIG-P2-A-A-ARR-0045v32-9af55752,sp8k,toke,58,144,A-ARR,2
MIG-P2-A-A-ARR-0046v19-13f13762,sp8k,toke,150,349,A-ARR,2
MIG-P2-A-A-ARR-0046v24-dc98b531,sp8k,toke,64,160,A-ARR,2
MIG-P2-A-A-ARR-0053v13-e347d91b,sp8k,toke,88,231,A-ARR,2
MIG-P2-A-A-ARR-0088v34-cb00cec3,sp8k,toke,165,433,A-ARR,2
MIG-P2-A-A-ARR-0096v20-1f0ac9b4,sp8k,toke,99,257,A-ARR,2
MIG-P2-A-A-ARR-0110v26-252adcd9,sp8k,toke,88,207,A-ARR,2
MIG-P2-A-A-ARR-0118v25-0c4bf30d,sp8k,toke,58,134,A-ARR,2
MIG-P2-A-A-CND-0019v52-f1a11ceb,sp8k,toke,58,173,A-CND,2
MIG-P2-A-A-CND-0021v8-0d4d7403,sp8k,toke,21,45,A-CND,2
MIG-P2-A-A-CND-0021v9-241e94a7,sp8k,toke,36,82,A-CND,2
MIG-P2-A-A-CND-0032v19-15802cc1,sp8k,toke,23,65,A-CND,2
MIG-P2-A-A-CND-0032v58-07ed9fc4,sp8k,toke,41,113,A-CND,2
MIG-P2-A-A-CND-0034v59-07537151,sp8k,toke,29,71,A-CND,2
MIG-P2-A-A-CND-0035v52-d4847f10,sp8k,toke,82,267,A-CND,2
MIG-P2-A-A-CND-0039v18-7b71273a,sp8k,toke,65,148,A-CND,2
MIG-P2-A-A-CND-0044v13-2380a8e3,sp8k,toke,130,247,A-CND,2
MIG-P2-A-A-CND-0051v1-5c505ede,sp8k,toke,63,156,A-CND,2
MIG-P2-A-A-CND-0051v38-9ea196b9,sp8k,toke,73,178,A-CND,2
MIG-P2-A-A-CND-0078v23-18671631,sp8k,toke,69,193,A-CND,2
MIG-P2-A-A-CND-0097v24-25d4955c,sp8k,toke,44,114,A-CND,2
MIG-P2-A-A-MTH-0004v39-49269e9b,sp8k,toke,41,116,A-MTH,2
MIG-P2-A-A-MTH-0037v23-24c04434,sp8k,toke,44,128,A-MTH,2
MIG-P2-A-A-MTH-0039v21-19d018a1,sp8k,toke,15,37,A-MTH,2
MIG-P2-A-A-MTH-0039v4-404e4422,sp8k,toke,27,70,A-MTH,2
MIG-P2-A-A-MTH-0040v26-08958192,sp8k,toke,49,135,A-MTH,2
MIG-P2-A-A-MTH-0042v42-b246a5bd,sp8k,toke,43,129,A-MTH,2
MIG-P2-A-A-MTH-0047v46-410872d5,sp8k,toke,76,156,A-MTH,2
MIG-P2-A-A-MTH-0048v28-b6993bae,sp8k,toke,152,286,A-MTH,2
MIG-P2-A-A-MTH-0050v45-a689613c,sp8k,toke,76,172,A-MTH,2
MIG-P2-A-A-MTH-0063v45-aeefdf19,sp8k,toke,71,239,A-MTH,2
MIG-P2-A-A-MTH-0068v20-6618397e,sp8k,toke,118,396,A-MTH,2
MIG-P2-A-A-MTH-0069v19-695e76dc,sp8k,toke,67,175,A-MTH,2
MIG-P2-A-A-MTH-0072v42-c8d759e2,sp8k,toke,58,146,A-MTH,2
MIG-P2-A-A-MTH-0083v2-627dd976,sp8k,toke,87,171,A-MTH,2
MIG-P2-A-A-MTH-0085v18-2cfb7d84,sp8k,toke,94,202,A-MTH,2
MIG-P2-A-A-MTH-0086v7-8f36e7b8,sp8k,toke,37,96,A-MTH,2
MIG-P2-A-A-MTH-0108v13-3cb3cc13,sp8k,toke,108,223,A-MTH,2
MIG-P2-A-A-MTH-0108v16-9047b806,sp8k,toke,94,195,A-MTH,2
MIG-P2-A-A-MTH-0116v26-1fd6fb1a,sp8k,toke,43,102,A-MTH,2
MIG-P2-A-A-SRT-0003v19-3b9be894,sp8k,toke,117,321,A-SRT,2
MIG-P2-A-A-SRT-0006v56-e6aa959b,sp8k,toke,136,357,A-SRT,2
MIG-P2-A-A-SRT-0007v39-4ba3035e,sp8k,toke,97,249,A-SRT,2
MIG-P2-A-A-SRT-0020v53-ec8dd469,sp8k,toke,162,365,A-SRT,2
MIG-P2-A-A-SRT-0023v4-0062cf5a,sp8k,toke,46,122,A-SRT,2
MIG-P2-A-A-SRT-0023v60-c30f8c00,sp8k,toke,49,144,A-SRT,2
MIG-P2-A-A-SRT-0024v49-af6234f8,sp8k,toke,42,101,A-SRT,2
MIG-P2-A-A-SRT-0024v58-20099721,sp8k,toke,44,117,A-SRT,2
MIG-P2-A-A-SRT-0025v16-1d3bf000,sp8k,toke,70,181,A-SRT,2
MIG-P2-A-A-SRT-0029v48-7d3bc71a,sp8k,toke,94,242,A-SRT,2
MIG-P2-A-A-SRT-0040v18-70357253,sp8k,toke,140,372,A-SRT,2
MIG-P2-A-A-SRT-0065v2-1a9f9974,sp8k,toke,85,201,A-SRT,2
MIG-P2-A-A-SRT-0066v19-eb81fcb7,sp8k,toke,139,365,A-SRT,2
MIG-P2-A-A-SRT-0084v17-44ea7a4a,sp8k,toke,188,416,A-SRT,2
MIG-P2-A-A-SRT-0098v27-f911f1fc,sp8k,toke,126,273,A-SRT,2
MIG-P2-A-A-STR-0003v11-d23bf18e,sp8k,toke,134,331,A-STR,2
MIG-P2-A-A-STR-0027v82-517bed3c,sp8k,toke,25,66,A-STR,2
MIG-P2-A-A-STR-0028v78-0e07a50c,sp8k,toke,151,374,A-STR,2
MIG-P2-A-A-STR-0030v56-e095c21a,sp8k,toke,124,329,A-STR,2
MIG-P2-A-A-STR-0032v34-1c7e052f,sp8k,toke,29,76,A-STR,2
MIG-P2-A-A-STR-0033v32-244d6ffc,sp8k,toke,100,242,A-STR,2
MIG-P2-A-A-STR-0046v37-5a720218,sp8k,toke,121,295,A-STR,2
MIG-P2-A-A-STR-0052v35-8e4b0988,sp8k,toke,118,247,A-STR,2
MIG-P2-A-A-STR-0056v1-0c1b6949,sp8k,toke,100,222,A-STR,2
MIG-P2-A-A-STR-0066v11-2b170eef,sp8k,toke,308,635,A-STR,2
MIG-P2-A-A-STR-0070v15-2feca867,sp8k,toke,158,404,A-STR,2
MIG-P2-A-A-STR-0074v7-4696e45d,sp8k,toke,138,306,A-STR,2
MIG-P2-A-A-STR-0077v20-cbaead5a,sp8k,toke,117,308,A-STR,2
MIG-P2-A-A-STR-0089v30-08ec95b3,sp8k,toke,92,222,A-STR,2
MIG-P2-B-D-CFG-0003v306-8f80e8fb,sp8k,toke,131,286,D-CFG,2
MIG-P2-B-D-CFG-0004v303-01e53bc8,sp8k,toke,61,135,D-CFG,2
MIG-P2-B-D-CFG-0004v305-76249577,sp8k,toke,76,136,D-CFG,2
MIG-P2-B-D-CFG-0004v359-b5e6239f,sp8k,toke,85,170,D-CFG,2
MIG-P2-B-D-CFG-0005v353-e1a5e3c3,sp8k,toke,86,161,D-CFG,2
MIG-P2-B-D-CFG-0006v309-dbfc914d,sp8k,toke,123,246,D-CFG,2
MIG-P2-B-D-CFG-0006v321-78fa5c0b,sp8k,toke,78,196,D-CFG,2
MIG-P2-B-D-CFG-0007v352-0f6e22a3,sp8k,toke,134,259,D-CFG,2
MIG-P2-B-D-CFG-0009v325-467d8fd6,sp8k,toke,34,57,D-CFG,2
MIG-P2-B-D-CFG-0009v355-d2eb8205,sp8k,toke,68,139,D-CFG,2
MIG-P2-B-D-CFG-0014v360-17471713,sp8k,toke,125,234,D-CFG,2
MIG-P2-B-D-CFG-0015v293-32e2b410,sp8k,toke,114,230,D-CFG,2
MIG-P2-B-D-CFG-0015v326-4bbca610,sp8k,toke,56,136,D-CFG,2
MIG-P2-B-D-CFG-0015v358-137b329a,sp8k,toke,121,259,D-CFG,2
MIG-P2-B-D-CFG-0016v322-52d734a6,sp8k,toke,63,138,D-CFG,2
MIG-P2-B-D-CFG-0016v331-1cb9caf9,sp8k,toke,81,152,D-CFG,2
MIG-P2-B-D-CFG-0017v317-a2d78110,sp8k,toke,99,197,D-CFG,2
MIG-P2-B-D-CFG-0017v354-af88686b,sp8k,toke,67,149,D-CFG,2
MIG-P2-B-D-CFG-0017v361-09adc8ec,sp8k,toke,76,160,D-CFG,2
MIG-P2-B-D-CFG-0018v339-9d0216cd,sp8k,toke,74,136,D-CFG,2
MIG-P2-B-D-CFG-0018v347-4a6e4aba,sp8k,toke,125,251,D-CFG,2
MIG-P2-B-D-CLI-0005v238-79c32f52,sp8k,toke,132,275,D-CLI,2
MIG-P2-B-D-CLI-0006v234-0bce5989,sp8k,toke,50,129,D-CLI,2
MIG-P2-B-D-CLI-0007v283-d0929b7c,sp8k,toke,119,250,D-CLI,2
MIG-P2-B-D-CLI-0008v234-e295ddbc,sp8k,toke,217,448,D-CLI,2
MIG-P2-B-D-CLI-0009v255-57d2b57e,sp8k,toke,81,189,D-CLI,2
MIG-P2-B-D-CLI-0010v265-0089a60a,sp8k,toke,94,234,D-CLI,2
MIG-P2-B-D-CLI-0013v238-81d3a3f8,sp8k,toke,132,292,D-CLI,2
MIG-P2-B-D-CLI-0013v280-21f5adca,sp8k,toke,169,307,D-CLI,2
MIG-P2-B-D-CLI-0014v274-592e1717,sp8k,toke,199,374,D-CLI,2
MIG-P2-B-D-CLI-0016v270-3025e72b,sp8k,toke,40,88,D-CLI,2
MIG-P2-B-D-CLI-0016v278-ae52b8ba,sp8k,toke,58,116,D-CLI,2
MIG-P2-B-D-CLI-0016v282-bdf817f1,sp8k,toke,47,104,D-CLI,2
MIG-P2-B-D-CLI-0017v274-ed94674e,sp8k,toke,53,117,D-CLI,2
MIG-P2-B-D-CLI-0018v270-e718052b,sp8k,toke,255,482,D-CLI,2
MIG-P2-B-D-CLI-0022v265-5cbbd599,sp8k,toke,68,108,D-CLI,2
MIG-P2-B-D-CLI-0024v241-103fab47,sp8k,toke,33,61,D-CLI,2
MIG-P2-B-D-CRY-0003v261-698bf164,sp8k,toke,143,284,D-CRY,2
MIG-P2-B-D-CRY-0006v232-990b7eb9,sp8k,toke,91,183,D-CRY,2
MIG-P2-B-D-CRY-0006v249-cc82b861,sp8k,toke,73,179,D-CRY,2
MIG-P2-B-D-CRY-0006v280-f8103207,sp8k,toke,122,282,D-CRY,2
MIG-P2-B-D-CRY-0008v232-1c78e288,sp8k,toke,74,152,D-CRY,2
MIG-P2-B-D-CRY-0008v235-64734bfb,sp8k,toke,110,257,D-CRY,2
MIG-P2-B-D-CRY-0008v266-500af4a7,sp8k,toke,89,251,D-CRY,2
MIG-P2-B-D-CRY-0008v284-3c28ddd2,sp8k,toke,133,305,D-CRY,2
MIG-P2-B-D-CRY-0011v261-0ef0fb1b,sp8k,toke,66,151,D-CRY,2
MIG-P2-B-D-CRY-0011v265-5aab77e7,sp8k,toke,37,81,D-CRY,2
MIG-P2-B-D-CRY-0012v248-a45f9e25,sp8k,toke,48,98,D-CRY,2
MIG-P2-B-D-CRY-0015v233-7b8394f7,sp8k,toke,85,186,D-CRY,2
MIG-P2-B-D-CRY-0018v267-ec102dd0,sp8k,toke,85,206,D-CRY,2
MIG-P2-B-D-CRY-0023v273-be7b4a51,sp8k,toke,57,146,D-CRY,2
MIG-P2-B-D-CRY-0024v231-ef799997,sp8k,toke,77,195,D-CRY,2
MIG-P2-B-D-CRY-0024v250-de2d5cc8,sp8k,toke,75,209,D-CRY,2
MIG-P2-B-D-DAT-0002v215-795c142a,sp8k,toke,149,374,D-DAT,2
MIG-P2-B-D-DAT-0002v226-bdc6ac15,sp8k,toke,57,134,D-DAT,2
MIG-P2-B-D-DAT-0002v233-6953d039,sp8k,toke,127,261,D-DAT,2
MIG-P2-B-D-DAT-0008v219-afca7ba9,sp8k,toke,74,194,D-DAT,2
MIG-P2-B-D-DAT-0011v260-4218a520,sp8k,toke,82,187,D-DAT,2
MIG-P2-B-D-DAT-0012v260-40d6e501,sp8k,toke,46,110,D-DAT,2
MIG-P2-B-D-DAT-0016v231-9c55c629,sp8k,toke,90,228,D-DAT,2
MIG-P2-B-D-DAT-0016v249-a406dfc4,sp8k,toke,42,82,D-DAT,2
MIG-P2-B-D-DAT-0022v214-5129e0d9,sp8k,toke,197,414,D-DAT,2
MIG-P2-B-D-DAT-0024v225-21f80817,sp8k,toke,74,161,D-DAT,2
MIG-P2-B-D-FIO-0002v379-199aa5a0,sp8k,toke,107,220,D-FIO,2
MIG-P2-B-D-FIO-0005v352-8fabc9a6,sp8k,toke,83,154,D-FIO,2
MIG-P2-B-D-FIO-0006v376-09e089e5,sp8k,toke,64,123,D-FIO,2
MIG-P2-B-D-FIO-0007v319-7305c7e8,sp8k,toke,106,269,D-FIO,2
MIG-P2-B-D-FIO-0007v379-20b5f9c7,sp8k,toke,61,138,D-FIO,2
MIG-P2-B-D-FIO-0010v320-88acb6f9,sp8k,toke,53,105,D-FIO,2
MIG-P2-B-D-FIO-0010v374-f2afddb2,sp8k,toke,134,327,D-FIO,2
MIG-P2-B-D-FIO-0011v355-7b964ad5,sp8k,toke,144,255,D-FIO,2
MIG-P2-B-D-FIO-0012v318-8e9820e8,sp8k,toke,140,319,D-FIO,2
MIG-P2-B-D-FIO-0013v310-85110f2e,sp8k,toke,170,399,D-FIO,2
MIG-P2-B-D-FIO-0013v313-5e9cf1fb,sp8k,toke,121,262,D-FIO,2
MIG-P2-B-D-FIO-0013v374-e5b44242,sp8k,toke,71,160,D-FIO,2
MIG-P2-B-D-FIO-0014v336-72972580,sp8k,toke,112,218,D-FIO,2
MIG-P2-B-D-FIO-0014v362-e89d5150,sp8k,toke,141,334,D-FIO,2
MIG-P2-B-D-FIO-0016v371-ba28ac96,sp8k,toke,89,169,D-FIO,2
MIG-P2-B-D-FIO-0018v312-63f385af,sp8k,toke,64,142,D-FIO,2
MIG-P2-B-D-FIO-0018v331-bd4e61c9,sp8k,toke,240,530,D-FIO,2
MIG-P2-B-D-NET-0001v310-54f88a7b,sp8k,toke,128,253,D-NET,2
MIG-P2-B-D-NET-0003v281-faca71e6,sp8k,toke,150,278,D-NET,2
MIG-P2-B-D-NET-0004v342-8aadac55,sp8k,toke,231,522,D-NET,2
MIG-P2-B-D-NET-0006v301-8935d440,sp8k,toke,180,390,D-NET,2
MIG-P2-B-D-NET-0006v328-3e70884f,sp8k,toke,173,384,D-NET,2
MIG-P2-B-D-NET-0011v282-f9c0c6a9,sp8k,toke,198,440,D-NET,2
MIG-P2-B-D-NET-0011v320-804c83b1,sp8k,toke,98,185,D-NET,2
MIG-P2-B-D-NET-0013v313-1073206f,sp8k,toke,94,167,D-NET,2
MIG-P2-B-D-NET-0013v322-c854f5f5,sp8k,toke,85,197,D-NET,2
MIG-P2-B-D-NET-0013v329-939624dc,sp8k,toke,175,345,D-NET,2
MIG-P2-B-D-NET-0015v325-843708ad,sp8k,toke,26,46,D-NET,2
MIG-P2-B-D-NET-0017v319-2eece785,sp8k,toke,36,66,D-NET,2
MIG-P2-B-D-NET-0018v322-ae4d934a,sp8k,toke,132,279,D-NET,2
MIG-P2-B-D-NET-0020v316-7d750f1c,sp8k,toke,110,235,D-NET,2
MIG-P2-B-D-NET-0020v342-34df5d4e,sp8k,toke,186,379,D-NET,2
MIG-P2-B-D-TST-0002v250-cbd4628c,sp8k,toke,43,109,D-TST,2
MIG-P2-B-D-TST-0002v265-acfe291b,sp8k,toke,25,44,D-TST,2
MIG-P2-B-D-TST-0002v270-db71ba13,sp8k,toke,89,193,D-TST,2
MIG-P2-B-D-TST-0003v245-622ce171,sp8k,toke,179,351,D-TST,2
MIG-P2-B-D-TST-0004v242-2e8154bf,sp8k,toke,37,94,D-TST,2
MIG-P2-B-D-TST-0007v272-bb002a3e,sp8k,toke,42,82,D-TST,2
MIG-P2-B-D-TST-0015v268-801bc724,sp8k,toke,98,234,D-TST,2
MIG-P2-B-D-TST-0019v245-0707d0f2,sp8k,toke,58,134,D-TST,2
MIG-P2-B-D-TST-0019v257-16c417b7,sp8k,toke,67,143,D-TST,2
MIG-P2-B-D-TST-0021v268-b52bd1bc,sp8k,toke,75,172,D-TST,2
MIG-P2-B-D-TST-0022v254-6bee1db8,sp8k,toke,31,60,D-TST,2
MIG-P2-B-D-TST-0023v242-fa54d782,sp8k,toke,45,98,D-TST,2
MIG-P2-B-D-WEB-0002v213-797460ee,sp8k,toke,181,395,D-WEB,2
MIG-P2-B-D-WEB-0007v243-5e0cbdbf,sp8k,toke,150,301,D-WEB,2
MIG-P2-B-D-WEB-0008v232-da6994f4,sp8k,toke,123,236,D-WEB,2
MIG-P2-B-D-WEB-0008v246-78fe17d1,sp8k,toke,105,235,D-WEB,2
MIG-P2-B-D-WEB-0010v251-0751b4cc,sp8k,toke,63,140,D-WEB,2
MIG-P2-B-D-WEB-0011v214-77df7b1e,sp8k,toke,109,259,D-WEB,2
MIG-P2-B-D-WEB-0014v206-9dd1dd17,sp8k,toke,190,393,D-WEB,2
MIG-P2-B-D-WEB-0015v227-65b0fef3,sp8k,toke,107,245,D-WEB,2
MIG-P2-B-D-WEB-0020v249-b7da0e52,sp8k,toke,99,209,D-WEB,2
MIG-P2-B-D-WEB-0022v232-55baa0ea,sp8k,toke,93,181,D-WEB,2
MIG-P2-B-D-WEB-0024v212-8082c866,sp8k,toke,107,233,D-WEB,2
MIG-P2-B-D-WEB-0027v235-e7acc931,sp8k,toke,43,75,D-WEB,2
A-ARR-0001v7,sp32k,toke,117,245,A-ARR,1
A-ARR-0003v63,sp32k,toke,78,165,A-ARR,1
A-ARR-0005v10,sp32k,toke,137,288,A-ARR,1
A-ARR-0006v23,sp32k,toke,114,253,A-ARR,1
A-ARR-0007v18,sp32k,toke,47,93,A-ARR,1
A-ARR-0008v69,sp32k,toke,60,125,A-ARR,1
A-ARR-0009v4,sp32k,toke,96,196,A-ARR,1
A-ARR-0010v41,sp32k,toke,60,109,A-ARR,1
A-ARR-0011v61,sp32k,toke,110,218,A-ARR,1
A-ARR-0011v63,sp32k,toke,92,192,A-ARR,1
A-ARR-0014v66,sp32k,toke,98,205,A-ARR,1
A-ARR-0015v55,sp32k,toke,57,112,A-ARR,1
A-ARR-0017v1,sp32k,toke,74,144,A-ARR,1
A-ARR-0018v28,sp32k,toke,98,197,A-ARR,1
A-ARR-0018v54,sp32k,toke,145,295,A-ARR,1
A-ARR-0018v68,sp32k,toke,91,197,A-ARR,1
A-ARR-0021v1,sp32k,toke,68,126,A-ARR,1
A-ARR-0021v29,sp32k,toke,137,299,A-ARR,1
A-ARR-0022v58,sp32k,toke,164,358,A-ARR,1
A-ARR-0024v21,sp32k,toke,131,304,A-ARR,1
A-ARR-0025v57,sp32k,toke,132,268,A-ARR,1
A-ARR-0026v17,sp32k,toke,110,234,A-ARR,1
A-ARR-0027v10,sp32k,toke,86,168,A-ARR,1
A-ARR-0028v31,sp32k,toke,129,271,A-ARR,1
A-ARR-0028v38,sp32k,toke,78,155,A-ARR,1
A-ARR-0031v64,sp32k,toke,49,90,A-ARR,1
A-ARR-0032v15,sp32k,toke,66,140,A-ARR,1
A-ARR-0032v21,sp32k,toke,126,255,A-ARR,1
A-ARR-0032v46,sp32k,toke,223,451,A-ARR,1
A-ARR-0033,sp32k,toke,131,244,A-ARR,1
A-ARR-0033v2,sp32k,toke,97,201,A-ARR,1
A-ARR-0033v26,sp32k,toke,136,281,A-ARR,1
A-ARR-0034v28,sp32k,toke,94,201,A-ARR,1
A-ARR-0035v20,sp32k,toke,127,267,A-ARR,2
A-ARR-0035v41,sp32k,toke,190,399,A-ARR,2
A-ARR-0035v54,sp32k,toke,92,186,A-ARR,2
A-ARR-0037v61,sp32k,toke,209,451,A-ARR,2
A-ARR-0041v65,sp32k,toke,82,157,A-ARR,2
A-ARR-0041v69,sp32k,toke,80,155,A-ARR,2
A-ARR-0042v45,sp32k,toke,165,363,A-ARR,2
A-ARR-0042v57,sp32k,toke,81,162,A-ARR,2
A-ARR-0042v63,sp32k,toke,137,316,A-ARR,2
A-ARR-0043v6,sp32k,toke,126,285,A-ARR,2
A-ARR-0044v11,sp32k,toke,81,164,A-ARR,2
A-ARR-0045v8,sp32k,toke,215,452,A-ARR,2
A-ARR-0046v39,sp32k,toke,229,490,A-ARR,2
A-ARR-0047v22,sp32k,toke,118,253,A-ARR,2
A-ARR-0047v68,sp32k,toke,72,138,A-ARR,2
A-ARR-0048v3,sp32k,toke,120,263,A-ARR,2
A-ARR-0048v44,sp32k,toke,151,349,A-ARR,2
A-ARR-0049v13,sp32k,toke,88,189,A-ARR,2
A-ARR-0049v40,sp32k,toke,77,150,A-ARR,2
A-ARR-0049v66,sp32k,toke,81,160,A-ARR,2
A-ARR-0051v63,sp32k,toke,121,250,A-ARR,2
A-ARR-0052v53,sp32k,toke,203,406,A-ARR,2
A-ARR-0052v63,sp32k,toke,121,243,A-ARR,2
A-ARR-0056v65,sp32k,toke,204,408,A-ARR,2
A-ARR-0057v15,sp32k,toke,250,518,A-ARR,2
A-ARR-0058v13,sp32k,toke,124,250,A-ARR,2
A-ARR-0058v24,sp32k,toke,134,261,A-ARR,2
A-ARR-0063v46,sp32k,toke,133,278,A-ARR,2
A-ARR-0066v24,sp32k,toke,140,298,A-ARR,2
A-ARR-0066v53,sp32k,toke,75,137,A-ARR,2
A-ARR-0066v9,sp32k,toke,75,129,A-ARR,2
A-ARR-0067v66,sp32k,toke,75,156,A-ARR,2
A-ARR-0068v30,sp32k,toke,212,414,A-ARR,2
A-ARR-0069v8,sp32k,toke,194,393,A-ARR,2
A-ARR-0071v8,sp32k,toke,270,538,A-ARR,2
A-ARR-0072v13,sp32k,toke,97,203,A-ARR,2
A-ARR-0072v19,sp32k,toke,221,435,A-ARR,2
A-ARR-0072v2,sp32k,toke,150,303,A-ARR,2
A-ARR-0073v68,sp32k,toke,237,493,A-ARR,2
A-ARR-0074v36,sp32k,toke,179,381,A-ARR,2
A-ARR-0076v10,sp32k,toke,72,135,A-ARR,3
A-ARR-0076v30,sp32k,toke,167,318,A-ARR,3
A-ARR-0076v62,sp32k,toke,99,199,A-ARR,3
A-ARR-0076v8,sp32k,toke,135,292,A-ARR,3
A-ARR-0077v34,sp32k,toke,99,197,A-ARR,3
A-ARR-0077v36,sp32k,toke,99,199,A-ARR,3
A-ARR-0078v35,sp32k,toke,146,288,A-ARR,3
A-ARR-0078v57,sp32k,toke,185,359,A-ARR,3
A-ARR-0079v20,sp32k,toke,278,541,A-ARR,3
A-ARR-0079v49,sp32k,toke,108,192,A-ARR,3
A-ARR-0080v55,sp32k,toke,310,679,A-ARR,3
A-ARR-0080v58,sp32k,toke,203,440,A-ARR,3
A-ARR-0081v16,sp32k,toke,141,291,A-ARR,3
A-ARR-0081v23,sp32k,toke,245,509,A-ARR,3
A-ARR-0081v30,sp32k,toke,105,223,A-ARR,3
A-ARR-0081v64,sp32k,toke,105,198,A-ARR,3
A-ARR-0081v66,sp32k,toke,231,471,A-ARR,3
A-ARR-0082v45,sp32k,toke,155,359,A-ARR,3
A-ARR-0084v35,sp32k,toke,170,335,A-ARR,3
A-ARR-0084v55,sp32k,toke,302,626,A-ARR,3
A-ARR-0084v62,sp32k,toke,227,443,A-ARR,3
A-ARR-0086,sp32k,toke,142,297,A-ARR,3
A-ARR-0086v45,sp32k,toke,306,613,A-ARR,3
A-ARR-0086v57,sp32k,toke,210,417,A-ARR,3
A-ARR-0087v1,sp32k,toke,165,335,A-ARR,3
A-ARR-0087v12,sp32k,toke,265,599,A-ARR,3
A-ARR-0088v12,sp32k,toke,124,270,A-ARR,3
A-ARR-0088v13,sp32k,toke,124,239,A-ARR,3
A-ARR-0088v33,sp32k,toke,184,364,A-ARR,3
A-ARR-0090v13,sp32k,toke,180,349,A-ARR,3
A-ARR-0091v64,sp32k,toke,147,307,A-ARR,2
A-ARR-0092v1,sp32k,toke,142,315,A-ARR,2
A-ARR-0092v19,sp32k,toke,192,439,A-ARR,2
A-ARR-0094v16,sp32k,toke,144,335,A-ARR,2
A-ARR-0094v17,sp32k,toke,183,419,A-ARR,2
A-ARR-0096v36,sp32k,toke,182,450,A-ARR,2
A-ARR-0096v66,sp32k,toke,145,335,A-ARR,2
A-ARR-0099v32,sp32k,toke,119,294,A-ARR,2
A-ARR-0103,sp32k,toke,127,238,A-ARR,2
A-ARR-0105v25,sp32k,toke,95,186,A-ARR,2
A-ARR-0105v37,sp32k,toke,153,315,A-ARR,2
A-ARR-0105v67,sp32k,toke,86,171,A-ARR,2
A-ARR-0107v49,sp32k,toke,99,179,A-ARR,2
A-ARR-0108v11,sp32k,toke,224,444,A-ARR,2
A-ARR-0112v42,sp32k,toke,219,469,A-ARR,2
A-ARR-0112v52,sp32k,toke,222,442,A-ARR,2
A-ARR-0113v39,sp32k,toke,88,213,A-ARR,3
A-ARR-0114v12,sp32k,toke,140,358,A-ARR,3
A-ARR-0116v40,sp32k,toke,123,264,A-ARR,2
A-ARR-0116v59,sp32k,toke,74,169,A-ARR,2
A-ARR-0117v38,sp32k,toke,122,291,A-ARR,2
A-ARR-0117v40,sp32k,toke,107,257,A-ARR,2
A-ARR-0117v9,sp32k,toke,74,147,A-ARR,2
A-ARR-0118v9,sp32k,toke,66,137,A-ARR,2
A-ARR-0119v6,sp32k,toke,126,262,A-ARR,3
A-CND-0005v22,sp32k,toke,102,205,A-CND,1
A-CND-0008v82,sp32k,toke,155,290,A-CND,1
A-CND-0012v42,sp32k,toke,82,156,A-CND,1
A-CND-0013v51,sp32k,toke,138,326,A-CND,1
A-CND-0014v38,sp32k,toke,43,82,A-CND,1
A-CND-0015v75,sp32k,toke,81,187,A-CND,1
A-CND-0017v20,sp32k,toke,98,233,A-CND,1
A-CND-0020v70,sp32k,toke,106,242,A-CND,1
A-CND-0024v9,sp32k,toke,92,204,A-CND,1
A-CND-0029v44,sp32k,toke,121,285,A-CND,1
A-CND-0029v48,sp32k,toke,59,117,A-CND,1
A-CND-0032v49,sp32k,toke,83,185,A-CND,1
A-CND-0034v67,sp32k,toke,128,315,A-CND,1
A-CND-0038v23,sp32k,toke,123,291,A-CND,1
A-CND-0040v16,sp32k,toke,78,156,A-CND,2
A-CND-0040v83,sp32k,toke,92,184,A-CND,2
A-CND-0041v48,sp32k,toke,152,348,A-CND,2
A-CND-0041v66,sp32k,toke,121,288,A-CND,2
A-CND-0042v25,sp32k,toke,106,225,A-CND,2
A-CND-0042v37,sp32k,toke,78,153,A-CND,2
A-CND-0042v41,sp32k,toke,70,121,A-CND,2
A-CND-0043v16,sp32k,toke,129,266,A-CND,2
A-CND-0043v45,sp32k,toke,149,309,A-CND,2
A-CND-0043v48,sp32k,toke,128,256,A-CND,2
A-CND-0043v72,sp32k,toke,137,271,A-CND,2
A-CND-0044,sp32k,toke,105,159,A-CND,2
A-CND-0044v21,sp32k,toke,176,344,A-CND,2
A-CND-0044v36,sp32k,toke,187,374,A-CND,2
A-CND-0044v47,sp32k,toke,144,215,A-CND,2
A-CND-0044v55,sp32k,toke,167,331,A-CND,2
A-CND-0044v8,sp32k,toke,161,335,A-CND,2
A-CND-0046v72,sp32k,toke,109,256,A-CND,2
A-CND-0047v49,sp32k,toke,176,323,A-CND,2
A-CND-0047v71,sp32k,toke,147,276,A-CND,2
A-CND-0048v38,sp32k,toke,159,323,A-CND,2
A-CND-0049v27,sp32k,toke,121,183,A-CND,2
A-CND-0050v18,sp32k,toke,206,448,A-CND,3
A-CND-0050v4,sp32k,toke,292,621,A-CND,3
A-CND-0050v43,sp32k,toke,263,612,A-CND,3
A-CND-0050v44,sp32k,toke,123,267,A-CND,3
A-CND-0050v46,sp32k,toke,137,257,A-CND,3
A-CND-0050v47,sp32k,toke,225,487,A-CND,3
A-CND-0050v58,sp32k,toke,225,478,A-CND,3
A-CND-0050v74,sp32k,toke,334,693,A-CND,3
A-CND-0050v8,sp32k,toke,126,225,A-CND,3
A-CND-0051v24,sp32k,toke,116,221,A-CND,3
A-CND-0051v28,sp32k,toke,98,246,A-CND,3
A-CND-0051v35,sp32k,toke,203,466,A-CND,3
A-CND-0051v42,sp32k,toke,98,200,A-CND,3
A-CND-0051v47,sp32k,toke,88,211,A-CND,3
A-CND-0051v48,sp32k,toke,211,478,A-CND,3
A-CND-0051v69,sp32k,toke,187,455,A-CND,3
A-CND-0051v72,sp32k,toke,188,441,A-CND,3
A-CND-0051v81,sp32k,toke,171,419,A-CND,3
A-CND-0052v15,sp32k,toke,172,378,A-CND,3
A-CND-0052v35,sp32k,toke,199,435,A-CND,3
A-CND-0052v41,sp32k,toke,220,477,A-CND,3
A-CND-0052v80,sp32k,toke,201,456,A-CND,3
A-CND-0053v60,sp32k,toke,90,207,A-CND,2
A-CND-0053v77,sp32k,toke,120,231,A-CND,2
A-CND-0054v17,sp32k,toke,127,292,A-CND,3
A-CND-0054v18,sp32k,toke,120,278,A-CND,3
A-CND-0054v26,sp32k,toke,120,278,A-CND,3
A-CND-0054v36,sp32k,toke,205,540,A-CND,3
A-CND-0054v5,sp32k,toke,181,502,A-CND,3
A-CND-0054v75,sp32k,toke,138,312,A-CND,3
A-CND-0054v9,sp32k,toke,108,260,A-CND,3
A-CND-0056v64,sp32k,toke,85,150,A-CND,1
A-CND-0058v19,sp32k,toke,126,278,A-CND,1
A-CND-0059v20,sp32k,toke,151,326,A-CND,1
A-CND-0059v6,sp32k,toke,198,442,A-CND,1
A-CND-0064v12,sp32k,toke,105,227,A-CND,2
A-CND-0064v5,sp32k,toke,155,350,A-CND,2
A-CND-0065v17,sp32k,toke,144,344,A-CND,2
A-CND-0065v45,sp32k,toke,89,183,A-CND,2
A-CND-0065v55,sp32k,toke,140,333,A-CND,2
A-CND-0065v58,sp32k,toke,144,344,A-CND,2
A-CND-0065v59,sp32k,toke,87,182,A-CND,2
A-CND-0066v15,sp32k,toke,92,195,A-CND,2
A-CND-0067v4,sp32k,toke,66,167,A-CND,2
A-CND-0067v43,sp32k,toke,95,212,A-CND,2
A-CND-0068v44,sp32k,toke,117,299,A-CND,2
A-CND-0069v11,sp32k,toke,150,403,A-CND,2
A-CND-0069v16,sp32k,toke,68,156,A-CND,2
A-CND-0069v35,sp32k,toke,154,394,A-CND,2
A-CND-0070v19,sp32k,toke,176,404,A-CND,1
A-CND-0070v27,sp32k,toke,154,346,A-CND,1
A-CND-0070v58,sp32k,toke,144,337,A-CND,1
A-CND-0071v16,sp32k,toke,46,91,A-CND,1
A-CND-0072v17,sp32k,toke,98,233,A-CND,2
A-CND-0072v24,sp32k,toke,181,401,A-CND,2
A-CND-0072v75,sp32k,toke,104,215,A-CND,2
A-CND-0073v21,sp32k,toke,70,147,A-CND,1
A-CND-0073v48,sp32k,toke,102,233,A-CND,1
A-CND-0073v66,sp32k,toke,69,148,A-CND,1
A-CND-0074v11,sp32k,toke,122,253,A-CND,2
A-CND-0075v32,sp32k,toke,86,155,A-CND,2
A-CND-0075v38,sp32k,toke,177,426,A-CND,2
A-CND-0075v50,sp32k,toke,176,420,A-CND,2
A-CND-0077v44,sp32k,toke,136,278,A-CND,2
A-CND-0078v54,sp32k,toke,211,497,A-CND,2
A-CND-0078v56,sp32k,toke,73,149,A-CND,2
A-CND-0078v7,sp32k,toke,84,180,A-CND,2
A-CND-0080v79,sp32k,toke,111,269,A-CND,1
A-CND-0082v55,sp32k,toke,94,194,A-CND,1
A-CND-0083v17,sp32k,toke,51,88,A-CND,1
A-CND-0083v74,sp32k,toke,104,244,A-CND,1
A-CND-0084v83,sp32k,toke,69,136,A-CND,1
A-CND-0085v71,sp32k,toke,84,190,A-CND,1
A-CND-0087v75,sp32k,toke,132,315,A-CND,1
A-CND-0088v7,sp32k,toke,108,261,A-CND,1
A-CND-0088v70,sp32k,toke,51,92,A-CND,1
A-CND-0089v2,sp32k,toke,105,174,A-CND,2
A-CND-0090v14,sp32k,toke,71,113,A-CND,1
A-CND-0090v65,sp32k,toke,121,246,A-CND,1
A-CND-0091v1,sp32k,toke,108,204,A-CND,2
A-CND-0091v30,sp32k,toke,87,188,A-CND,2
A-CND-0091v68,sp32k,toke,66,168,A-CND,2
A-CND-0091v81,sp32k,toke,131,311,A-CND,2
A-CND-0092v10,sp32k,toke,101,213,A-CND,2
A-CND-0092v31,sp32k,toke,103,229,A-CND,2
A-CND-0092v50,sp32k,toke,126,288,A-CND,2
A-CND-0092v56,sp32k,toke,126,287,A-CND,2
A-CND-0093v40,sp32k,toke,76,150,A-CND,2
A-CND-0094v29,sp32k,toke,84,197,A-CND,2
A-CND-0094v58,sp32k,toke,35,75,A-CND,2
A-CND-0095v27,sp32k,toke,87,178,A-CND,2
A-CND-0095v46,sp32k,toke,116,268,A-CND,2
A-CND-0096v25,sp32k,toke,60,151,A-CND,2
A-CND-0096v63,sp32k,toke,59,160,A-CND,2
A-CND-0097v34,sp32k,toke,54,123,A-CND,2
A-CND-0097v37,sp32k,toke,62,113,A-CND,2
A-CND-0098v60,sp32k,toke,197,453,A-CND,2
A-CND-0098v76,sp32k,toke,183,442,A-CND,2
A-ERR-0003v19,sp32k,toke,159,332,A-ERR,1
A-ERR-0003v85,sp32k,toke,107,211,A-ERR,1
A-ERR-0004v57,sp32k,toke,211,450,A-ERR,1
A-ERR-0005v24,sp32k,toke,112,256,A-ERR,1
A-ERR-0007v72,sp32k,toke,180,408,A-ERR,1
A-ERR-0009v55,sp32k,toke,78,191,A-ERR,1
A-ERR-0009v64,sp32k,toke,154,355,A-ERR,1
A-ERR-0010v24,sp32k,toke,146,338,A-ERR,1
A-ERR-0010v25,sp32k,toke,76,179,A-ERR,1
A-ERR-0011v18,sp32k,toke,76,185,A-ERR,1
A-ERR-0011v35,sp32k,toke,139,313,A-ERR,1
A-ERR-0012v52,sp32k,toke,79,192,A-ERR,1
A-ERR-0013v77,sp32k,toke,169,377,A-ERR,1
A-ERR-0014v15,sp32k,toke,151,335,A-ERR,1
A-ERR-0014v55,sp32k,toke,82,195,A-ERR,1
A-ERR-0015v74,sp32k,toke,79,192,A-ERR,1
A-ERR-0018v10,sp32k,toke,126,256,A-ERR,2
A-ERR-0018v29,sp32k,toke,265,604,A-ERR,2
A-ERR-0018v59,sp32k,toke,388,791,A-ERR,2
A-ERR-0018v77,sp32k,toke,198,392,A-ERR,2
A-ERR-0019v37,sp32k,toke,168,356,A-ERR,2
A-ERR-0020v67,sp32k,toke,113,228,A-ERR,2
A-ERR-0020v86,sp32k,toke,113,220,A-ERR,2
A-ERR-0021v48,sp32k,toke,91,203,A-ERR,2
A-ERR-0022v50,sp32k,toke,145,351,A-ERR,2
A-ERR-0022v62,sp32k,toke,145,333,A-ERR,2
A-ERR-0022v65,sp32k,toke,208,439,A-ERR,2
A-ERR-0023v71,sp32k,toke,166,382,A-ERR,2
A-ERR-0024v57,sp32k,toke,201,487,A-ERR,2
A-ERR-0024v63,sp32k,toke,233,595,A-ERR,2
A-ERR-0025v29,sp32k,toke,309,644,A-ERR,3
A-ERR-0025v68,sp32k,toke,269,582,A-ERR,3
A-ERR-0026v83,sp32k,toke,264,548,A-ERR,3
A-ERR-0028v31,sp32k,toke,280,597,A-ERR,3
A-ERR-0028v62,sp32k,toke,214,513,A-ERR,3
A-ERR-0028v76,sp32k,toke,268,564,A-ERR,3
A-ERR-0030v55,sp32k,toke,235,548,A-ERR,3
A-ERR-0030v64,sp32k,toke,270,623,A-ERR,3
A-ERR-0030v83,sp32k,toke,266,636,A-ERR,3
A-ERR-0031v44,sp32k,toke,263,583,A-ERR,3
A-ERR-0033v23,sp32k,toke,176,409,A-ERR,1
A-ERR-0034v81,sp32k,toke,142,290,A-ERR,1
A-ERR-0036v44,sp32k,toke,102,229,A-ERR,2
A-ERR-0036v48,sp32k,toke,178,419,A-ERR,2
A-ERR-0036v76,sp32k,toke,224,475,A-ERR,2
A-ERR-0038v13,sp32k,toke,109,230,A-ERR,2
A-ERR-0038v66,sp32k,toke,109,231,A-ERR,2
A-ERR-0039v39,sp32k,toke,201,436,A-ERR,2
A-ERR-0039v44,sp32k,toke,216,479,A-ERR,2
A-ERR-0041v13,sp32k,toke,108,222,A-ERR,2
A-ERR-0041v27,sp32k,toke,212,455,A-ERR,2
A-ERR-0041v28,sp32k,toke,103,225,A-ERR,2
A-ERR-0041v62,sp32k,toke,103,217,A-ERR,2
A-ERR-0041v7,sp32k,toke,195,428,A-ERR,2
A-ERR-0041v81,sp32k,toke,103,222,A-ERR,2
A-ERR-0041v83,sp32k,toke,165,362,A-ERR,2
A-ERR-0042v25,sp32k,toke,172,352,A-ERR,2
A-ERR-0042v68,sp32k,toke,156,342,A-ERR,2
A-ERR-0042v83,sp32k,toke,99,210,A-ERR,2
A-ERR-0043v15,sp32k,toke,83,193,A-ERR,2
A-ERR-0043v57,sp32k,toke,158,335,A-ERR,2
A-ERR-0044v5,sp32k,toke,291,644,A-ERR,2
A-ERR-0044v65,sp32k,toke,160,371,A-ERR,2
A-ERR-0045v30,sp32k,toke,183,418,A-ERR,2
A-ERR-0045v41,sp32k,toke,221,476,A-ERR,2
A-ERR-0045v58,sp32k,toke,111,267,A-ERR,2
A-ERR-0045v7,sp32k,toke,182,428,A-ERR,2
A-ERR-0046v33,sp32k,toke,195,405,A-ERR,1
A-ERR-0046v51,sp32k,toke,177,381,A-ERR,1
A-ERR-0046v72,sp32k,toke,173,378,A-ERR,1
A-ERR-0047v1,sp32k,toke,142,316,A-ERR,2
A-ERR-0047v86,sp32k,toke,108,232,A-ERR,2
A-ERR-0048v11,sp32k,toke,244,515,A-ERR,2
A-ERR-0048v22,sp32k,toke,150,303,A-ERR,2
A-ERR-0049v15,sp32k,toke,164,349,A-ERR,2
A-ERR-0049v39,sp32k,toke,144,287,A-ERR,2
A-ERR-0050v3,sp32k,toke,86,192,A-ERR,1
A-ERR-0050v9,sp32k,toke,132,309,A-ERR,1
A-ERR-0052v69,sp32k,toke,198,465,A-ERR,1
A-ERR-0053v50,sp32k,toke,141,320,A-ERR,1
A-ERR-0053v72,sp32k,toke,159,349,A-ERR,1
A-ERR-0053v87,sp32k,toke,150,335,A-ERR,1
A-ERR-0054v35,sp32k,toke,96,223,A-ERR,1
A-ERR-0054v46,sp32k,toke,176,400,A-ERR,1
A-ERR-0055v48,sp32k,toke,78,163,A-ERR,1
A-ERR-0055v53,sp32k,toke,76,163,A-ERR,1
A-ERR-0056v44,sp32k,toke,188,427,A-ERR,1
A-ERR-0057v27,sp32k,toke,164,393,A-ERR,1
A-ERR-0059v14,sp32k,toke,236,491,A-ERR,2
A-ERR-0059v20,sp32k,toke,223,424,A-ERR,2
A-ERR-0059v55,sp32k,toke,188,390,A-ERR,2
A-ERR-0060v18,sp32k,toke,164,395,A-ERR,2
A-ERR-0061v48,sp32k,toke,189,374,A-ERR,2
A-ERR-0062v22,sp32k,toke,193,454,A-ERR,2
A-ERR-0062v52,sp32k,toke,193,437,A-ERR,2
A-ERR-0064v3,sp32k,toke,205,437,A-ERR,3
A-ERR-0065v18,sp32k,toke,187,405,A-ERR,3
A-ERR-0065v3,sp32k,toke,248,512,A-ERR,3
A-ERR-0066v31,sp32k,toke,85,191,A-ERR,3
A-ERR-0067v62,sp32k,toke,193,452,A-ERR,2
A-ERR-0069v49,sp32k,toke,68,146,A-ERR,2
A-ERR-0071v56,sp32k,toke,264,601,A-ERR,2
A-ERR-0074v22,sp32k,toke,196,415,A-ERR,3
A-ERR-0074v23,sp32k,toke,205,434,A-ERR,3
A-ERR-0074v36,sp32k,toke,247,503,A-ERR,3
A-ERR-0074v49,sp32k,toke,126,246,A-ERR,3
A-ERR-0076v10,sp32k,toke,228,527,A-ERR,2
A-ERR-0076v45,sp32k,toke,223,505,A-ERR,2
A-ERR-0076v86,sp32k,toke,115,264,A-ERR,2
A-ERR-0077,sp32k,toke,235,527,A-ERR,2
A-ERR-0077v30,sp32k,toke,281,615,A-ERR,2
A-ERR-0078v10,sp32k,toke,160,369,A-ERR,2
A-ERR-0078v11,sp32k,toke,139,282,A-ERR,2
A-ERR-0078v33,sp32k,toke,141,313,A-ERR,2
A-ERR-0079v81,sp32k,toke,213,478,A-ERR,2
A-ERR-0080v37,sp32k,toke,224,446,A-ERR,3
A-ERR-0081,sp32k,toke,168,342,A-ERR,3
A-ERR-0081v17,sp32k,toke,215,461,A-ERR,3
A-ERR-0082v61,sp32k,toke,238,535,A-ERR,3
A-ERR-0083v25,sp32k,toke,208,483,A-ERR,3
A-ERR-0084v15,sp32k,toke,151,359,A-ERR,3
A-ERR-0085v2,sp32k,toke,204,420,A-ERR,3
A-ERR-0086v55,sp32k,toke,251,557,A-ERR,3
A-ERR-0088v75,sp32k,toke,246,544,A-ERR,3
A-ERR-0089v26,sp32k,toke,104,231,A-ERR,3
A-ERR-0089v40,sp32k,toke,247,562,A-ERR,3
A-ERR-0091v33,sp32k,toke,108,226,A-ERR,3
A-ERR-0092v26,sp32k,toke,297,636,A-ERR,2
A-ERR-0092v4,sp32k,toke,295,630,A-ERR,2
A-ERR-0093v7,sp32k,toke,177,425,A-ERR,3
A-ERR-0094v31,sp32k,toke,128,291,A-ERR,3
A-ERR-0095v19,sp32k,toke,160,364,A-ERR,3
A-MTH-0001v3,sp32k,toke,90,194,A-MTH,1
A-MTH-0002v3,sp32k,toke,63,126,A-MTH,1
A-MTH-0005v54,sp32k,toke,74,173,A-MTH,1
A-MTH-0005v69,sp32k,toke,124,274,A-MTH,1
A-MTH-0010v43,sp32k,toke,82,168,A-MTH,1
A-MTH-0010v60,sp32k,toke,153,368,A-MTH,1
A-MTH-0011v8,sp32k,toke,89,184,A-MTH,1
A-MTH-0017v11,sp32k,toke,73,133,A-MTH,1
A-MTH-0019v4,sp32k,toke,78,173,A-MTH,1
A-MTH-0019v7,sp32k,toke,80,161,A-MTH,1
A-MTH-0020,sp32k,toke,86,159,A-MTH,1
A-MTH-0023v36,sp32k,toke,106,246,A-MTH,1
A-MTH-0024v26,sp32k,toke,112,213,A-MTH,1
A-MTH-0024v44,sp32k,toke,115,251,A-MTH,1
A-MTH-0025v43,sp32k,toke,151,298,A-MTH,1
A-MTH-0025v67,sp32k,toke,67,131,A-MTH,1
A-MTH-0026v48,sp32k,toke,76,164,A-MTH,1
A-MTH-0027v65,sp32k,toke,71,143,A-MTH,1
A-MTH-0029v28,sp32k,toke,40,73,A-MTH,1
A-MTH-0032v15,sp32k,toke,104,205,A-MTH,1
A-MTH-0032v35,sp32k,toke,123,237,A-MTH,1
A-MTH-0036v17,sp32k,toke,152,290,A-MTH,1
A-MTH-0037v44,sp32k,toke,41,93,A-MTH,1
A-MTH-0038v7,sp32k,toke,52,114,A-MTH,1
A-MTH-0039v35,sp32k,toke,36,62,A-MTH,1
A-MTH-0040v23,sp32k,toke,67,127,A-MTH,2
A-MTH-0041v24,sp32k,toke,126,309,A-MTH,2
A-MTH-0042v15,sp32k,toke,101,252,A-MTH,2
A-MTH-0043v24,sp32k,toke,117,250,A-MTH,2
A-MTH-0043v65,sp32k,toke,84,159,A-MTH,2
A-MTH-0044v57,sp32k,toke,73,126,A-MTH,2
A-MTH-0045v25,sp32k,toke,100,248,A-MTH,2
A-MTH-0045v29,sp32k,toke,86,214,A-MTH,2
A-MTH-0046v2,sp32k,toke,100,214,A-MTH,2
A-MTH-0046v35,sp32k,toke,138,259,A-MTH,2
A-MTH-0047v12,sp32k,toke,130,272,A-MTH,2
A-MTH-0047v44,sp32k,toke,157,326,A-MTH,2
A-MTH-0047v51,sp32k,toke,106,191,A-MTH,2
A-MTH-0048v65,sp32k,toke,148,256,A-MTH,2
A-MTH-0050v55,sp32k,toke,80,176,A-MTH,2
A-MTH-0051v15,sp32k,toke,101,202,A-MTH,2
A-MTH-0054v59,sp32k,toke,127,291,A-MTH,2
A-MTH-0055v1,sp32k,toke,104,194,A-MTH,2
A-MTH-0055v14,sp32k,toke,130,291,A-MTH,2
A-MTH-0055v56,sp32k,toke,136,313,A-MTH,2
A-MTH-0055v65,sp32k,toke,85,185,A-MTH,2
A-MTH-0056v7,sp32k,toke,156,374,A-MTH,2
A-MTH-0058v24,sp32k,toke,143,310,A-MTH,3
A-MTH-0058v36,sp32k,toke,87,197,A-MTH,3
A-MTH-0058v47,sp32k,toke,149,297,A-MTH,3
A-MTH-0058v61,sp32k,toke,91,185,A-MTH,3
A-MTH-0059v15,sp32k,toke,115,260,A-MTH,3
A-MTH-0059v43,sp32k,toke,153,293,A-MTH,3
A-MTH-0060v48,sp32k,toke,200,455,A-MTH,3
A-MTH-0060v49,sp32k,toke,190,430,A-MTH,3
A-MTH-0061v1,sp32k,toke,211,387,A-MTH,3
A-MTH-0063v25,sp32k,toke,112,278,A-MTH,3
A-MTH-0063v67,sp32k,toke,77,165,A-MTH,3
A-MTH-0063v9,sp32k,toke,126,314,A-MTH,3
A-MTH-0064v4,sp32k,toke,125,276,A-MTH,2
A-MTH-0065v26,sp32k,toke,149,347,A-MTH,2
A-MTH-0065v38,sp32k,toke,144,323,A-MTH,2
A-MTH-0065v9,sp32k,toke,114,246,A-MTH,2
A-MTH-0066v21,sp32k,toke,112,251,A-MTH,2
A-MTH-0066v40,sp32k,toke,131,292,A-MTH,2
A-MTH-0067v15,sp32k,toke,169,372,A-MTH,2
A-MTH-0067v41,sp32k,toke,186,397,A-MTH,2
A-MTH-0068v54,sp32k,toke,115,264,A-MTH,3
A-MTH-0069v17,sp32k,toke,72,131,A-MTH,3
A-MTH-0069v64,sp32k,toke,89,180,A-MTH,3
A-MTH-0071v44,sp32k,toke,79,168,A-MTH,1
A-MTH-0072v25,sp32k,toke,108,235,A-MTH,2
A-MTH-0074,sp32k,toke,95,186,A-MTH,3
A-MTH-0074v27,sp32k,toke,132,282,A-MTH,3
A-MTH-0074v32,sp32k,toke,194,425,A-MTH,3
A-MTH-0074v42,sp32k,toke,146,348,A-MTH,3
A-MTH-0074v63,sp32k,toke,110,254,A-MTH,3
A-MTH-0077v25,sp32k,toke,72,148,A-MTH,1
A-MTH-0077v41,sp32k,toke,72,140,A-MTH,1
A-MTH-0078v58,sp32k,toke,103,253,A-MTH,1
A-MTH-0079v45,sp32k,toke,97,244,A-MTH,1
A-MTH-0080v10,sp32k,toke,99,225,A-MTH,1
A-MTH-0081v17,sp32k,toke,80,152,A-MTH,2
A-MTH-0084v13,sp32k,toke,88,160,A-MTH,2
A-MTH-0085v14,sp32k,toke,55,91,A-MTH,2
A-MTH-0085v35,sp32k,toke,131,277,A-MTH,2
A-MTH-0087v37,sp32k,toke,46,94,A-MTH,2
A-MTH-0088v41,sp32k,toke,144,353,A-MTH,2
A-MTH-0089v34,sp32k,toke,80,166,A-MTH,2
A-MTH-0089v4,sp32k,toke,112,265,A-MTH,2
A-MTH-0090v45,sp32k,toke,73,140,A-MTH,2
A-MTH-0091,sp32k,toke,118,264,A-MTH,2
A-MTH-0091v23,sp32k,toke,119,263,A-MTH,2
A-MTH-0091v46,sp32k,toke,107,240,A-MTH,2
A-MTH-0094v29,sp32k,toke,76,156,A-MTH,2
A-MTH-0094v39,sp32k,toke,88,190,A-MTH,2
A-MTH-0095v9,sp32k,toke,146,321,A-MTH,2
A-MTH-0097v38,sp32k,toke,109,257,A-MTH,2
A-MTH-0097v56,sp32k,toke,104,248,A-MTH,2
A-MTH-0097v9,sp32k,toke,212,464,A-MTH,2
A-MTH-0098v31,sp32k,toke,148,317,A-MTH,2
A-MTH-0099,sp32k,toke,112,239,A-MTH,3
A-MTH-0101v4,sp32k,toke,152,319,A-MTH,2
A-MTH-0102v68,sp32k,toke,78,195,A-MTH,2
A-MTH-0103v13,sp32k,toke,194,404,A-MTH,3
A-MTH-0103v54,sp32k,toke,177,378,A-MTH,3
A-MTH-0103v59,sp32k,toke,113,243,A-MTH,3
A-MTH-0103v6,sp32k,toke,176,365,A-MTH,3
A-MTH-0103v67,sp32k,toke,105,195,A-MTH,3
A-MTH-0104v37,sp32k,toke,105,216,A-MTH,2
A-MTH-0104v49,sp32k,toke,66,118,A-MTH,2
A-MTH-0104v9,sp32k,toke,85,169,A-MTH,2
A-MTH-0105v14,sp32k,toke,87,155,A-MTH,2
A-MTH-0106v33,sp32k,toke,101,208,A-MTH,2
A-MTH-0108,sp32k,toke,124,211,A-MTH,3
A-MTH-0108v22,sp32k,toke,157,322,A-MTH,3
A-MTH-0108v23,sp32k,toke,144,308,A-MTH,3
A-MTH-0108v29,sp32k,toke,159,319,A-MTH,3
A-MTH-0108v34,sp32k,toke,147,316,A-MTH,3
A-MTH-0109v43,sp32k,toke,141,273,A-MTH,2
A-MTH-0110v35,sp32k,toke,194,422,A-MTH,3
A-MTH-0110v62,sp32k,toke,192,406,A-MTH,3
A-MTH-0115v42,sp32k,toke,167,443,A-MTH,2
A-MTH-0115v49,sp32k,toke,162,375,A-MTH,2
A-MTH-0115v61,sp32k,toke,158,407,A-MTH,2
A-MTH-0116v26,sp32k,toke,48,84,A-MTH,1
A-MTH-0116v44,sp32k,toke,85,169,A-MTH,1
A-MTH-0119v8,sp32k,toke,68,120,A-MTH,2
A-SRT-0001v10,sp32k,toke,143,275,A-SRT,1
A-SRT-0001v24,sp32k,toke,149,308,A-SRT,1
A-SRT-0001v44,sp32k,toke,250,480,A-SRT,1
A-SRT-0001v51,sp32k,toke,273,568,A-SRT,1
A-SRT-0001v66,sp32k,toke,252,494,A-SRT,1
A-SRT-0002v62,sp32k,toke,388,825,A-SRT,1
A-SRT-0002v78,sp32k,toke,167,313,A-SRT,1
A-SRT-0003v7,sp32k,toke,211,415,A-SRT,1
A-SRT-0004v10,sp32k,toke,144,274,A-SRT,1
A-SRT-0007v38,sp32k,toke,199,379,A-SRT,1
A-SRT-0007v39,sp32k,toke,152,325,A-SRT,1
A-SRT-0007v41,sp32k,toke,238,466,A-SRT,1
A-SRT-0008v25,sp32k,toke,389,799,A-SRT,1
A-SRT-0008v72,sp32k,toke,174,340,A-SRT,1
A-SRT-0009v20,sp32k,toke,172,314,A-SRT,1
A-SRT-0009v35,sp32k,toke,176,325,A-SRT,1
A-SRT-0009v68,sp32k,toke,271,551,A-SRT,1
A-SRT-0010v17,sp32k,toke,307,640,A-SRT,2
A-SRT-0010v43,sp32k,toke,340,716,A-SRT,2
A-SRT-0010v65,sp32k,toke,247,491,A-SRT,2
A-SRT-0011v24,sp32k,toke,321,716,A-SRT,2
A-SRT-0013v52,sp32k,toke,209,475,A-SRT,2
A-SRT-0014v82,sp32k,toke,328,741,A-SRT,2
A-SRT-0015v21,sp32k,toke,312,649,A-SRT,2
A-SRT-0015v56,sp32k,toke,370,830,A-SRT,2
A-SRT-0017v20,sp32k,toke,387,850,A-SRT,2
A-SRT-0017v25,sp32k,toke,192,421,A-SRT,2
A-SRT-0017v36,sp32k,toke,331,725,A-SRT,2
A-SRT-0017v52,sp32k,toke,270,579,A-SRT,2
A-SRT-0017v62,sp32k,toke,321,695,A-SRT,2
A-SRT-0018v29,sp32k,toke,371,801,A-SRT,2
A-SRT-0019v76,sp32k,toke,172,334,A-SRT,2
A-SRT-0020v26,sp32k,toke,124,222,A-SRT,2
A-SRT-0021v48,sp32k,toke,183,362,A-SRT,2
A-SRT-0022v31,sp32k,toke,168,316,A-SRT,2
A-SRT-0022v37,sp32k,toke,167,317,A-SRT,2
A-SRT-0022v60,sp32k,toke,197,402,A-SRT,2
A-SRT-0024v26,sp32k,toke,66,129,A-SRT,1
A-SRT-0024v56,sp32k,toke,71,131,A-SRT,1
A-SRT-0025v34,sp32k,toke,108,238,A-SRT,1
A-SRT-0026,sp32k,toke,113,252,A-SRT,1
A-SRT-0026v34,sp32k,toke,124,266,A-SRT,1
A-SRT-0026v35,sp32k,toke,68,131,A-SRT,1
A-SRT-0026v50,sp32k,toke,66,129,A-SRT,1
A-SRT-0026v63,sp32k,toke,145,321,A-SRT,1
A-SRT-0027v28,sp32k,toke,163,375,A-SRT,2
A-SRT-0027v46,sp32k,toke,179,405,A-SRT,2
A-SRT-0029v34,sp32k,toke,168,399,A-SRT,2
A-SRT-0030v35,sp32k,toke,131,290,A-SRT,2
A-SRT-0032v31,sp32k,toke,128,276,A-SRT,2
A-SRT-0032v56,sp32k,toke,131,282,A-SRT,2
A-SRT-0035v49,sp32k,toke,135,312,A-SRT,2
A-SRT-0035v69,sp32k,toke,74,131,A-SRT,2
A-SRT-0038v47,sp32k,toke,90,186,A-SRT,2
A-SRT-0038v64,sp32k,toke,81,171,A-SRT,2
A-SRT-0039v16,sp32k,toke,187,385,A-SRT,2
A-SRT-0039v53,sp32k,toke,154,283,A-SRT,2
A-SRT-0040v25,sp32k,toke,243,515,A-SRT,2
A-SRT-0041v25,sp32k,toke,133,241,A-SRT,2
A-SRT-0041v82,sp32k,toke,302,616,A-SRT,2
A-SRT-0042v70,sp32k,toke,320,675,A-SRT,3
A-SRT-0043v30,sp32k,toke,184,315,A-SRT,3
A-SRT-0043v46,sp32k,toke,238,524,A-SRT,3
A-SRT-0044v35,sp32k,toke,191,363,A-SRT,3
A-SRT-0044v50,sp32k,toke,323,633,A-SRT,3
A-SRT-0044v78,sp32k,toke,177,342,A-SRT,3
A-SRT-0045,sp32k,toke,157,348,A-SRT,3
A-SRT-0047v60,sp32k,toke,156,344,A-SRT,3
A-SRT-0049v76,sp32k,toke,173,394,A-SRT,3
A-SRT-0050v19,sp32k,toke,95,192,A-SRT,3
A-SRT-0050v28,sp32k,toke,96,193,A-SRT,3
A-SRT-0050v63,sp32k,toke,153,365,A-SRT,3
A-SRT-0051v53,sp32k,toke,151,263,A-SRT,3
A-SRT-0053v21,sp32k,toke,76,154,A-SRT,1
A-SRT-0053v75,sp32k,toke,116,261,A-SRT,1
A-SRT-0054v30,sp32k,toke,134,313,A-SRT,1
A-SRT-0054v67,sp32k,toke,131,291,A-SRT,1
A-SRT-0055v66,sp32k,toke,76,159,A-SRT,1
A-SRT-0056v19,sp32k,toke,229,411,A-SRT,2
A-SRT-0056v53,sp32k,toke,231,516,A-SRT,2
A-SRT-0056v63,sp32k,toke,233,463,A-SRT,2
A-SRT-0056v72,sp32k,toke,219,447,A-SRT,2
A-SRT-0058v42,sp32k,toke,241,523,A-SRT,2
A-SRT-0058v58,sp32k,toke,120,223,A-SRT,2
A-SRT-0060v9,sp32k,toke,200,442,A-SRT,2
A-SRT-0061v63,sp32k,toke,176,391,A-SRT,2
A-SRT-0062v32,sp32k,toke,78,156,A-SRT,1
A-SRT-0062v66,sp32k,toke,122,286,A-SRT,1
A-SRT-0062v7,sp32k,toke,156,371,A-SRT,1
A-SRT-0063v61,sp32k,toke,180,419,A-SRT,2
A-SRT-0063v75,sp32k,toke,129,273,A-SRT,2
A-SRT-0064v5,sp32k,toke,177,411,A-SRT,2
A-SRT-0065v13,sp32k,toke,144,266,A-SRT,2
A-SRT-0065v8,sp32k,toke,249,487,A-SRT,2
A-SRT-0066,sp32k,toke,211,420,A-SRT,2
A-SRT-0066v30,sp32k,toke,190,370,A-SRT,2
A-SRT-0067v63,sp32k,toke,207,430,A-SRT,2
A-SRT-0068v81,sp32k,toke,280,561,A-SRT,2
A-SRT-0069v74,sp32k,toke,139,250,A-SRT,2
A-SRT-0070v24,sp32k,toke,89,180,A-SRT,2
A-SRT-0071v54,sp32k,toke,142,341,A-SRT,3
A-SRT-0072v16,sp32k,toke,169,336,A-SRT,3
A-SRT-0075v2,sp32k,toke,222,468,A-SRT,3
A-SRT-0075v40,sp32k,toke,168,324,A-SRT,3
A-SRT-0076v63,sp32k,toke,235,485,A-SRT,3
A-SRT-0077v24,sp32k,toke,168,327,A-SRT,2
A-SRT-0077v4,sp32k,toke,227,483,A-SRT,2
A-SRT-0079v4,sp32k,toke,416,836,A-SRT,3
A-SRT-0079v50,sp32k,toke,192,369,A-SRT,3
A-SRT-0079v51,sp32k,toke,341,701,A-SRT,3
A-SRT-0080v9,sp32k,toke,320,616,A-SRT,3
A-SRT-0081v35,sp32k,toke,294,575,A-SRT,3
A-SRT-0082v40,sp32k,toke,399,824,A-SRT,3
A-SRT-0083v16,sp32k,toke,344,678,A-SRT,2
A-SRT-0083v31,sp32k,toke,166,369,A-SRT,2
A-SRT-0085v14,sp32k,toke,225,529,A-SRT,3
A-SRT-0086v38,sp32k,toke,143,341,A-SRT,3
A-SRT-0089v11,sp32k,toke,308,616,A-SRT,3
A-SRT-0089v54,sp32k,toke,163,319,A-SRT,3
A-SRT-0091v37,sp32k,toke,399,782,A-SRT,3
A-SRT-0091v5,sp32k,toke,447,817,A-SRT,3
A-SRT-0094v13,sp32k,toke,318,634,A-SRT,2
A-SRT-0094v14,sp32k,toke,218,445,A-SRT,2
A-SRT-0096v17,sp32k,toke,288,541,A-SRT,2
A-SRT-0096v32,sp32k,toke,275,496,A-SRT,2
A-SRT-0096v73,sp32k,toke,259,517,A-SRT,2
A-SRT-0097v20,sp32k,toke,235,487,A-SRT,3
A-SRT-0098v16,sp32k,toke,148,288,A-SRT,3
A-SRT-0098v76,sp32k,toke,184,406,A-SRT,3
A-SRT-0099v51,sp32k,toke,292,612,A-SRT,2
A-SRT-0099v80,sp32k,toke,362,770,A-SRT,2
A-SRT-0100v57,sp32k,toke,363,717,A-SRT,2
A-STR-0001,sp32k,toke,84,151,A-STR,1
A-STR-0001v62,sp32k,toke,136,259,A-STR,1
A-STR-0001v65,sp32k,toke,39,70,A-STR,1
A-STR-0004v19,sp32k,toke,61,110,A-STR,1
A-STR-0004v5,sp32k,toke,39,65,A-STR,1
A-STR-0006v30,sp32k,toke,72,148,A-STR,1
A-STR-0007v38,sp32k,toke,116,234,A-STR,1
A-STR-0007v74,sp32k,toke,120,252,A-STR,1
A-STR-0007v80,sp32k,toke,66,123,A-STR,1
A-STR-0008v36,sp32k,toke,62,148,A-STR,1
A-STR-0008v39,sp32k,toke,130,258,A-STR,1
A-STR-0009v19,sp32k,toke,96,199,A-STR,1
A-STR-0009v32,sp32k,toke,109,240,A-STR,1
A-STR-0009v80,sp32k,toke,50,97,A-STR,1
A-STR-0010v18,sp32k,toke,98,220,A-STR,1
A-STR-0010v55,sp32k,toke,192,393,A-STR,1
A-STR-0011v27,sp32k,toke,169,344,A-STR,1
A-STR-0011v80,sp32k,toke,91,208,A-STR,1
A-STR-0012v46,sp32k,toke,39,70,A-STR,1
A-STR-0013v28,sp32k,toke,112,218,A-STR,1
A-STR-0014v26,sp32k,toke,198,426,A-STR,1
A-STR-0014v40,sp32k,toke,123,249,A-STR,1
A-STR-0014v67,sp32k,toke,211,442,A-STR,1
A-STR-0014v74,sp32k,toke,180,356,A-STR,1
A-STR-0014v9,sp32k,toke,152,287,A-STR,1
A-STR-0015v43,sp32k,toke,127,277,A-STR,2
A-STR-0016v4,sp32k,toke,173,400,A-STR,2
A-STR-0016v55,sp32k,toke,198,469,A-STR,2
A-STR-0016v74,sp32k,toke,148,273,A-STR,2
A-STR-0019v2,sp32k,toke,111,217,A-STR,2
A-STR-0019v7,sp32k,toke,181,356,A-STR,2
A-STR-0020v45,sp32k,toke,100,178,A-STR,2
A-STR-0022v44,sp32k,toke,201,465,A-STR,2
A-STR-0022v81,sp32k,toke,118,286,A-STR,2
A-STR-0023v22,sp32k,toke,179,377,A-STR,2
A-STR-0025v54,sp32k,toke,72,152,A-STR,2
A-STR-0026v30,sp32k,toke,164,373,A-STR,2
A-STR-0026v75,sp32k,toke,133,276,A-STR,2
A-STR-0027v17,sp32k,toke,157,355,A-STR,2
A-STR-0028v19,sp32k,toke,185,385,A-STR,2
A-STR-0028v39,sp32k,toke,149,322,A-STR,2
A-STR-0029v57,sp32k,toke,80,159,A-STR,2
A-STR-0029v68,sp32k,toke,101,230,A-STR,2
A-STR-0030v44,sp32k,toke,101,243,A-STR,2
A-STR-0031v26,sp32k,toke,205,427,A-STR,2
A-STR-0033v17,sp32k,toke,69,148,A-STR,3
A-STR-0033v21,sp32k,toke,155,355,A-STR,3
A-STR-0033v23,sp32k,toke,67,160,A-STR,3
A-STR-0033v34,sp32k,toke,109,252,A-STR,3
A-STR-0034v23,sp32k,toke,215,431,A-STR,3
A-STR-0034v39,sp32k,toke,264,480,A-STR,3
A-STR-0034v5,sp32k,toke,337,739,A-STR,3
A-STR-0035v25,sp32k,toke,179,402,A-STR,3
A-STR-0035v26,sp32k,toke,202,460,A-STR,3
A-STR-0035v75,sp32k,toke,191,413,A-STR,3
A-STR-0035v80,sp32k,toke,162,383,A-STR,3
A-STR-0035v9,sp32k,toke,115,276,A-STR,3
A-STR-0036v72,sp32k,toke,176,357,A-STR,3
A-STR-0037v14,sp32k,toke,235,494,A-STR,3
A-STR-0037v22,sp32k,toke,183,354,A-STR,3
A-STR-0037v38,sp32k,toke,268,552,A-STR,3
A-STR-0039v67,sp32k,toke,97,214,A-STR,1
A-STR-0042v36,sp32k,toke,54,115,A-STR,1
A-STR-0042v5,sp32k,toke,115,261,A-STR,1
A-STR-0045v34,sp32k,toke,130,234,A-STR,2
A-STR-0046v74,sp32k,toke,192,457,A-STR,2
A-STR-0049v22,sp32k,toke,177,378,A-STR,2
A-STR-0051v76,sp32k,toke,145,301,A-STR,2
A-STR-0052v52,sp32k,toke,118,245,A-STR,2
A-STR-0054v28,sp32k,toke,102,219,A-STR,1
A-STR-0055v18,sp32k,toke,100,210,A-STR,1
A-STR-0055v3,sp32k,toke,106,198,A-STR,1
A-STR-0055v70,sp32k,toke,179,379,A-STR,1
A-STR-0056v68,sp32k,toke,177,421,A-STR,1
A-STR-0057v18,sp32k,toke,153,318,A-STR,2
A-STR-0059v53,sp32k,toke,131,279,A-STR,2
A-STR-0060v5,sp32k,toke,130,301,A-STR,2
A-STR-0061v17,sp32k,toke,142,323,A-STR,2
A-STR-0062v69,sp32k,toke,161,379,A-STR,2
A-STR-0064v19,sp32k,toke,88,187,A-STR,2
A-STR-0064v80,sp32k,toke,88,177,A-STR,2
A-STR-0065v42,sp32k,toke,141,329,A-STR,2
A-STR-0065v43,sp32k,toke,135,355,A-STR,2
A-STR-0065v45,sp32k,toke,112,265,A-STR,2
A-STR-0066v23,sp32k,toke,213,448,A-STR,2
A-STR-0067v62,sp32k,toke,149,308,A-STR,2
A-STR-0067v64,sp32k,toke,144,310,A-STR,2
A-STR-0069v24,sp32k,toke,163,350,A-STR,2
A-STR-0069v30,sp32k,toke,215,418,A-STR,2
A-STR-0070v15,sp32k,toke,269,552,A-STR,3
A-STR-0070v9,sp32k,toke,345,688,A-STR,3
A-STR-0071v49,sp32k,toke,154,299,A-STR,2
A-STR-0071v63,sp32k,toke,123,260,A-STR,2
A-STR-0073v30,sp32k,toke,139,286,A-STR,2
A-STR-0075v16,sp32k,toke,162,365,A-STR,2
A-STR-0075v69,sp32k,toke,112,212,A-STR,2
A-STR-0075v9,sp32k,toke,156,365,A-STR,2
A-STR-0076v18,sp32k,toke,150,292,A-STR,2
A-STR-0076v25,sp32k,toke,225,502,A-STR,2
A-STR-0076v36,sp32k,toke,143,298,A-STR,2
A-STR-0076v54,sp32k,toke,213,497,A-STR,2
A-STR-0077v26,sp32k,toke,189,405,A-STR,2
A-STR-0077v30,sp32k,toke,172,373,A-STR,2
A-STR-0078v42,sp32k,toke,171,355,A-STR,2
A-STR-0078v77,sp32k,toke,183,372,A-STR,2
A-STR-0079v11,sp32k,toke,105,221,A-STR,2
A-STR-0081v15,sp32k,toke,143,350,A-STR,2
A-STR-0081v71,sp32k,toke,154,339,A-STR,2
A-STR-0082v39,sp32k,toke,142,326,A-STR,2
A-STR-0083v18,sp32k,toke,151,329,A-STR,2
A-STR-0083v39,sp32k,toke,161,337,A-STR,2
A-STR-0084v2,sp32k,toke,186,448,A-STR,3
A-STR-0084v33,sp32k,toke,145,331,A-STR,3
A-STR-0084v71,sp32k,toke,173,390,A-STR,3
A-STR-0086v14,sp32k,toke,111,279,A-STR,3
A-STR-0086v78,sp32k,toke,168,384,A-STR,3
A-STR-0086v80,sp32k,toke,115,264,A-STR,3
A-STR-0087v2,sp32k,toke,194,468,A-STR,3
A-STR-0088v25,sp32k,toke,276,647,A-STR,3
A-STR-0088v68,sp32k,toke,259,603,A-STR,3
A-STR-0089v49,sp32k,toke,66,142,A-STR,2
A-STR-0090v15,sp32k,toke,163,353,A-STR,3
A-STR-0090v66,sp32k,toke,217,467,A-STR,3
A-STR-0090v78,sp32k,toke,173,350,A-STR,3
A-STR-0091v31,sp32k,toke,374,663,A-STR,2
A-STR-0093v13,sp32k,toke,420,758,A-STR,3
A-STR-0093v32,sp32k,toke,325,621,A-STR,3
A-STR-0093v39,sp32k,toke,373,758,A-STR,3
A-STR-0095v11,sp32k,toke,142,304,A-STR,2
A-STR-0096v56,sp32k,toke,136,321,A-STR,2
A-STR-0098v68,sp32k,toke,85,190,A-STR,2
A-STR-0099v24,sp32k,toke,51,90,A-STR,2
A-STR-0099v60,sp32k,toke,55,115,A-STR,2
D-CFG-0001v21,sp32k,toke,99,206,D-CFG,2
D-CFG-0001v224,sp32k,toke,89,203,D-CFG,2
D-CFG-0001v315,sp32k,toke,117,256,D-CFG,2
D-CFG-0001v327,sp32k,toke,122,269,D-CFG,2
D-CFG-0002v111,sp32k,toke,78,167,D-CFG,2
D-CFG-0002v171,sp32k,toke,110,256,D-CFG,2
D-CFG-0002v60,sp32k,toke,106,238,D-CFG,2
D-CFG-0003v13,sp32k,toke,112,227,D-CFG,2
D-CFG-0003v183,sp32k,toke,107,243,D-CFG,2
D-CFG-0003v185,sp32k,toke,148,292,D-CFG,2
D-CFG-0003v191,sp32k,toke,138,299,D-CFG,2
D-CFG-0003v200,sp32k,toke,134,268,D-CFG,2
D-CFG-0003v217,sp32k,toke,134,280,D-CFG,2
D-CFG-0003v243,sp32k,toke,130,263,D-CFG,2
D-CFG-0003v47,sp32k,toke,88,193,D-CFG,2
D-CFG-0004v130,sp32k,toke,130,289,D-CFG,2
D-CFG-0004v150,sp32k,toke,145,296,D-CFG,2
D-CFG-0004v189,sp32k,toke,105,227,D-CFG,2
D-CFG-0004v35,sp32k,toke,87,180,D-CFG,2
D-CFG-0004v351,sp32k,toke,113,234,D-CFG,2
D-CFG-0004v40,sp32k,toke,111,227,D-CFG,2
D-CFG-0004v74,sp32k,toke,149,313,D-CFG,2
D-CFG-0005v126,sp32k,toke,107,242,D-CFG,2
D-CFG-0005v139,sp32k,toke,115,258,D-CFG,2
D-CFG-0005v145,sp32k,toke,127,268,D-CFG,2
D-CFG-0005v170,sp32k,toke,68,144,D-CFG,2
D-CFG-0005v295,sp32k,toke,116,244,D-CFG,2
D-CFG-0005v306,sp32k,toke,138,310,D-CFG,2
D-CFG-0005v324,sp32k,toke,126,296,D-CFG,2
D-CFG-0006v14,sp32k,toke,87,184,D-CFG,2
D-CFG-0007v17,sp32k,toke,161,331,D-CFG,2
D-CFG-0007v317,sp32k,toke,161,340,D-CFG,2
D-CFG-0007v341,sp32k,toke,185,395,D-CFG,2
D-CFG-0007v49,sp32k,toke,149,317,D-CFG,2
D-CFG-0007v56,sp32k,toke,180,359,D-CFG,2
D-CFG-0007v99,sp32k,toke,143,298,D-CFG,2
D-CFG-0008v132,sp32k,toke,105,237,D-CFG,2
D-CFG-0008v229,sp32k,toke,91,165,D-CFG,2
D-CFG-0008v239,sp32k,toke,98,209,D-CFG,2
D-CFG-0008v242,sp32k,toke,115,223,D-CFG,2
D-CFG-0008v275,sp32k,toke,105,220,D-CFG,2
D-CFG-0008v342,sp32k,toke,91,184,D-CFG,2
D-CFG-0008v85,sp32k,toke,104,202,D-CFG,2
D-CFG-0008v96,sp32k,toke,120,238,D-CFG,2
D-CFG-0009v127,sp32k,toke,125,242,D-CFG,2
D-CFG-0009v163,sp32k,toke,132,262,D-CFG,2
D-CFG-0009v19,sp32k,toke,103,199,D-CFG,2
D-CFG-0009v207,sp32k,toke,144,299,D-CFG,2
D-CFG-0009v235,sp32k,toke,128,252,D-CFG,2
D-CFG-0009v257,sp32k,toke,115,214,D-CFG,2
D-CFG-0009v278,sp32k,toke,131,244,D-CFG,2
D-CFG-0009v305,sp32k,toke,135,265,D-CFG,2
D-CFG-0009v60,sp32k,toke,141,285,D-CFG,2
D-CFG-0010v107,sp32k,toke,128,278,D-CFG,2
D-CFG-0010v165,sp32k,toke,158,281,D-CFG,2
D-CFG-0010v180,sp32k,toke,130,268,D-CFG,2
D-CFG-0010v252,sp32k,toke,130,268,D-CFG,2
D-CFG-0010v264,sp32k,toke,124,227,D-CFG,2
D-CFG-0010v32,sp32k,toke,124,239,D-CFG,2
D-CFG-0010v342,sp32k,toke,175,377,D-CFG,2
D-CFG-0010v79,sp32k,toke,144,296,D-CFG,2
D-CFG-0011v228,sp32k,toke,153,343,D-CFG,2
D-CFG-0011v243,sp32k,toke,148,317,D-CFG,2
D-CFG-0011v341,sp32k,toke,111,219,D-CFG,2
D-CFG-0012v18,sp32k,toke,283,557,D-CFG,3
D-CFG-0012v212,sp32k,toke,259,522,D-CFG,3
D-CFG-0012v243,sp32k,toke,276,547,D-CFG,3
D-CFG-0013,sp32k,toke,171,358,D-CFG,3
D-CFG-0013v135,sp32k,toke,208,407,D-CFG,3
D-CFG-0013v14,sp32k,toke,187,383,D-CFG,3
D-CFG-0013v155,sp32k,toke,171,321,D-CFG,3
D-CFG-0013v157,sp32k,toke,130,232,D-CFG,3
D-CFG-0013v235,sp32k,toke,170,363,D-CFG,3
D-CFG-0013v237,sp32k,toke,110,217,D-CFG,3
D-CFG-0013v283,sp32k,toke,161,338,D-CFG,3
D-CFG-0013v296,sp32k,toke,168,320,D-CFG,3
D-CFG-0013v348,sp32k,toke,198,396,D-CFG,3
D-CFG-0013v350,sp32k,toke,168,333,D-CFG,3
D-CFG-0013v69,sp32k,toke,158,316,D-CFG,3
D-CFG-0014v127,sp32k,toke,219,448,D-CFG,3
D-CFG-0014v145,sp32k,toke,229,451,D-CFG,3
D-CFG-0014v195,sp32k,toke,118,238,D-CFG,3
D-CFG-0014v203,sp32k,toke,324,718,D-CFG,3
D-CFG-0014v86,sp32k,toke,300,671,D-CFG,3
D-CFG-0015v118,sp32k,toke,152,329,D-CFG,3
D-CFG-0015v202,sp32k,toke,64,134,D-CFG,3
D-CFG-0015v214,sp32k,toke,123,270,D-CFG,3
D-CFG-0015v224,sp32k,toke,111,220,D-CFG,3
D-CFG-0015v233,sp32k,toke,121,260,D-CFG,3
D-CFG-0015v248,sp32k,toke,132,261,D-CFG,3
D-CFG-0015v275,sp32k,toke,137,286,D-CFG,3
D-CFG-0015v298,sp32k,toke,144,323,D-CFG,3
D-CFG-0015v324,sp32k,toke,138,284,D-CFG,3
D-CFG-0016v137,sp32k,toke,147,274,D-CFG,2
D-CFG-0016v176,sp32k,toke,97,170,D-CFG,2
D-CFG-0016v215,sp32k,toke,191,356,D-CFG,2
D-CFG-0016v232,sp32k,toke,130,235,D-CFG,2
D-CFG-0016v313,sp32k,toke,104,195,D-CFG,2
D-CFG-0016v349,sp32k,toke,112,213,D-CFG,2
D-CFG-0017v166,sp32k,toke,93,201,D-CFG,2
D-CFG-0017v201,sp32k,toke,82,158,D-CFG,2
D-CFG-0017v324,sp32k,toke,97,214,D-CFG,2
D-CFG-0017v35,sp32k,toke,94,201,D-CFG,2
D-CFG-0017v47,sp32k,toke,101,219,D-CFG,2
D-CFG-0018v113,sp32k,toke,90,183,D-CFG,2
D-CFG-0018v129,sp32k,toke,121,256,D-CFG,2
D-CFG-0018v200,sp32k,toke,82,169,D-CFG,2
D-CFG-0019v120,sp32k,toke,174,315,D-CFG,2
D-CFG-0019v150,sp32k,toke,157,316,D-CFG,2
D-CFG-0019v153,sp32k,toke,133,267,D-CFG,2
D-CFG-0019v260,sp32k,toke,157,324,D-CFG,2
D-CFG-0019v305,sp32k,toke,145,288,D-CFG,2
D-CFG-0019v7,sp32k,toke,153,310,D-CFG,2
D-CLI-0001v178,sp32k,toke,167,336,D-CLI,2
D-CLI-0001v225,sp32k,toke,177,361,D-CLI,2
D-CLI-0001v264,sp32k,toke,164,324,D-CLI,2
D-CLI-0001v30,sp32k,toke,164,340,D-CLI,2
D-CLI-0001v37,sp32k,toke,162,316,D-CLI,2
D-CLI-0001v89,sp32k,toke,159,305,D-CLI,2
D-CLI-0002v10,sp32k,toke,131,285,D-CLI,2
D-CLI-0002v175,sp32k,toke,145,297,D-CLI,2
D-CLI-0002v46,sp32k,toke,163,377,D-CLI,2
D-CLI-0002v49,sp32k,toke,144,283,D-CLI,2
D-CLI-0002v64,sp32k,toke,146,273,D-CLI,2
D-CLI-0002v88,sp32k,toke,136,278,D-CLI,2
D-CLI-0003v153,sp32k,toke,141,299,D-CLI,2
D-CLI-0003v161,sp32k,toke,143,297,D-CLI,2
D-CLI-0003v216,sp32k,toke,156,333,D-CLI,2
D-CLI-0003v46,sp32k,toke,171,365,D-CLI,2
D-CLI-0003v6,sp32k,toke,193,383,D-CLI,2
D-CLI-0003v65,sp32k,toke,133,275,D-CLI,2
D-CLI-0004v171,sp32k,toke,198,393,D-CLI,2
D-CLI-0004v244,sp32k,toke,274,545,D-CLI,2
D-CLI-0004v93,sp32k,toke,231,452,D-CLI,2
D-CLI-0005v210,sp32k,toke,138,310,D-CLI,2
D-CLI-0005v224,sp32k,toke,125,293,D-CLI,2
D-CLI-0005v260,sp32k,toke,135,295,D-CLI,2
D-CLI-0005v285,sp32k,toke,115,262,D-CLI,2
D-CLI-0006v1,sp32k,toke,125,254,D-CLI,2
D-CLI-0006v106,sp32k,toke,125,258,D-CLI,2
D-CLI-0006v224,sp32k,toke,97,209,D-CLI,2
D-CLI-0006v285,sp32k,toke,91,201,D-CLI,2
D-CLI-0006v62,sp32k,toke,144,320,D-CLI,2
D-CLI-0006v83,sp32k,toke,91,205,D-CLI,2
D-CLI-0007v133,sp32k,toke,88,191,D-CLI,2
D-CLI-0007v180,sp32k,toke,113,268,D-CLI,2
D-CLI-0007v192,sp32k,toke,96,221,D-CLI,2
D-CLI-0007v246,sp32k,toke,111,260,D-CLI,2
D-CLI-0007v266,sp32k,toke,87,189,D-CLI,2
D-CLI-0007v276,sp32k,toke,115,266,D-CLI,2
D-CLI-0007v43,sp32k,toke,106,242,D-CLI,2
D-CLI-0007v8,sp32k,toke,115,246,D-CLI,2
D-CLI-0008v246,sp32k,toke,131,260,D-CLI,2
D-CLI-0008v62,sp32k,toke,141,280,D-CLI,2
D-CLI-0009v135,sp32k,toke,118,253,D-CLI,3
D-CLI-0009v157,sp32k,toke,155,311,D-CLI,3
D-CLI-0009v227,sp32k,toke,128,254,D-CLI,3
D-CLI-0009v31,sp32k,toke,144,302,D-CLI,3
D-CLI-0009v92,sp32k,toke,117,243,D-CLI,3
D-CLI-0010v127,sp32k,toke,127,265,D-CLI,3
D-CLI-0010v153,sp32k,toke,156,320,D-CLI,3
D-CLI-0010v209,sp32k,toke,161,323,D-CLI,3
D-CLI-0010v24,sp32k,toke,111,238,D-CLI,3
D-CLI-0011v217,sp32k,toke,104,191,D-CLI,3
D-CLI-0011v74,sp32k,toke,185,380,D-CLI,3
D-CLI-0012v190,sp32k,toke,346,744,D-CLI,3
D-CLI-0012v203,sp32k,toke,205,459,D-CLI,3
D-CLI-0012v24,sp32k,toke,167,386,D-CLI,3
D-CLI-0013v253,sp32k,toke,145,295,D-CLI,3
D-CLI-0013v267,sp32k,toke,191,383,D-CLI,3
D-CLI-0013v38,sp32k,toke,154,341,D-CLI,3
D-CLI-0013v68,sp32k,toke,179,397,D-CLI,3
D-CLI-0014v22,sp32k,toke,115,222,D-CLI,3
D-CLI-0014v223,sp32k,toke,116,213,D-CLI,3
D-CLI-0015v116,sp32k,toke,105,244,D-CLI,3
D-CLI-0015v135,sp32k,toke,116,237,D-CLI,3
D-CLI-0015v206,sp32k,toke,97,224,D-CLI,3
D-CLI-0015v41,sp32k,toke,123,232,D-CLI,3
D-CLI-0015v47,sp32k,toke,97,221,D-CLI,3
D-CLI-0015v84,sp32k,toke,97,231,D-CLI,3
D-CLI-0016v117,sp32k,toke,156,278,D-CLI,2
D-CLI-0016v145,sp32k,toke,86,159,D-CLI,2
D-CLI-0016v162,sp32k,toke,85,167,D-CLI,2
D-CLI-0016v243,sp32k,toke,64,111,D-CLI,2
D-CLI-0016v264,sp32k,toke,85,166,D-CLI,2
D-CLI-0017v105,sp32k,toke,106,211,D-CLI,2
D-CLI-0017v172,sp32k,toke,89,171,D-CLI,2
D-CLI-0017v5,sp32k,toke,41,64,D-CLI,2
D-CLI-0018,sp32k,toke,75,135,D-CLI,2
D-CLI-0018v242,sp32k,toke,82,161,D-CLI,2
D-CLI-0018v25,sp32k,toke,104,191,D-CLI,2
D-CLI-0018v74,sp32k,toke,92,172,D-CLI,2
D-CLI-0018v96,sp32k,toke,87,165,D-CLI,2
D-CLI-0019v182,sp32k,toke,162,309,D-CLI,2
D-CLI-0019v193,sp32k,toke,173,327,D-CLI,2
D-CLI-0019v241,sp32k,toke,227,441,D-CLI,2
D-CLI-0019v261,sp32k,toke,165,338,D-CLI,2
D-CLI-0019v72,sp32k,toke,196,368,D-CLI,2
D-CLI-0019v85,sp32k,toke,240,474,D-CLI,2
D-CLI-0019v86,sp32k,toke,163,313,D-CLI,2
D-CLI-0019v9,sp32k,toke,175,330,D-CLI,2
D-CLI-0019v93,sp32k,toke,191,382,D-CLI,2
D-CLI-0020v115,sp32k,toke,92,174,D-CLI,1
D-CLI-0021v119,sp32k,toke,92,182,D-CLI,1
D-CLI-0021v129,sp32k,toke,99,191,D-CLI,1
D-CLI-0021v148,sp32k,toke,97,208,D-CLI,1
D-CLI-0021v151,sp32k,toke,92,186,D-CLI,1
D-CLI-0021v178,sp32k,toke,86,171,D-CLI,1
D-CLI-0021v182,sp32k,toke,86,174,D-CLI,1
D-CLI-0021v200,sp32k,toke,80,149,D-CLI,1
D-CLI-0021v264,sp32k,toke,97,202,D-CLI,1
D-CLI-0021v285,sp32k,toke,103,204,D-CLI,1
D-CLI-0021v72,sp32k,toke,57,100,D-CLI,1
D-CLI-0021v77,sp32k,toke,100,188,D-CLI,1
D-CLI-0022v1,sp32k,toke,105,211,D-CLI,1
D-CLI-0022v140,sp32k,toke,144,320,D-CLI,1
D-CLI-0022v188,sp32k,toke,134,301,D-CLI,1
D-CLI-0022v195,sp32k,toke,125,268,D-CLI,1
D-CLI-0022v241,sp32k,toke,129,269,D-CLI,1
D-CLI-0022v261,sp32k,toke,125,269,D-CLI,1
D-CLI-0022v66,sp32k,toke,104,209,D-CLI,1
D-CLI-0022v91,sp32k,toke,139,317,D-CLI,1
D-CLI-0023v13,sp32k,toke,99,196,D-CLI,1
D-CLI-0023v171,sp32k,toke,106,209,D-CLI,1
D-CLI-0023v210,sp32k,toke,106,201,D-CLI,1
D-CLI-0023v27,sp32k,toke,81,161,D-CLI,1
D-CLI-0023v272,sp32k,toke,89,177,D-CLI,1
D-CLI-0023v45,sp32k,toke,91,176,D-CLI,1
D-CLI-0023v49,sp32k,toke,90,171,D-CLI,1
D-CLI-0024v104,sp32k,toke,76,141,D-CLI,1
D-CLI-0024v127,sp32k,toke,71,135,D-CLI,1
D-CLI-0024v128,sp32k,toke,73,131,D-CLI,1
D-CLI-0024v170,sp32k,toke,77,151,D-CLI,1
D-CLI-0024v198,sp32k,toke,86,151,D-CLI,1
D-CLI-0024v228,sp32k,toke,92,173,D-CLI,1
D-CRY-0001v103,sp32k,toke,114,273,D-CRY,2
D-CRY-0001v149,sp32k,toke,110,237,D-CRY,2
D-CRY-0001v181,sp32k,toke,232,458,D-CRY,2
D-CRY-0001v184,sp32k,toke,257,491,D-CRY,2
D-CRY-0001v225,sp32k,toke,237,469,D-CRY,2
D-CRY-0001v231,sp32k,toke,156,340,D-CRY,2
D-CRY-0001v71,sp32k,toke,157,326,D-CRY,2
D-CRY-0002v249,sp32k,toke,161,318,D-CRY,2
D-CRY-0002v95,sp32k,toke,105,223,D-CRY,2
D-CRY-0003v104,sp32k,toke,170,378,D-CRY,2
D-CRY-0003v22,sp32k,toke,130,278,D-CRY,2
D-CRY-0003v243,sp32k,toke,126,274,D-CRY,2
D-CRY-0003v261,sp32k,toke,160,347,D-CRY,2
D-CRY-0003v35,sp32k,toke,144,305,D-CRY,2
D-CRY-0003v79,sp32k,toke,118,240,D-CRY,2
D-CRY-0003v87,sp32k,toke,107,209,D-CRY,2
D-CRY-0003v95,sp32k,toke,130,272,D-CRY,2
D-CRY-0004v128,sp32k,toke,86,197,D-CRY,2
D-CRY-0004v139,sp32k,toke,191,418,D-CRY,2
D-CRY-0004v187,sp32k,toke,176,379,D-CRY,2
D-CRY-0004v196,sp32k,toke,101,237,D-CRY,2
D-CRY-0004v61,sp32k,toke,190,381,D-CRY,2
D-CRY-0004v62,sp32k,toke,85,189,D-CRY,2
D-CRY-0004v65,sp32k,toke,110,233,D-CRY,2
D-CRY-0005v101,sp32k,toke,147,309,D-CRY,2
D-CRY-0005v181,sp32k,toke,83,186,D-CRY,2
D-CRY-0005v227,sp32k,toke,126,276,D-CRY,2
D-CRY-0005v239,sp32k,toke,92,224,D-CRY,2
D-CRY-0005v261,sp32k,toke,77,161,D-CRY,2
D-CRY-0005v88,sp32k,toke,80,177,D-CRY,2
D-CRY-0005v99,sp32k,toke,162,394,D-CRY,2
D-CRY-0006v176,sp32k,toke,166,366,D-CRY,2
D-CRY-0006v223,sp32k,toke,230,522,D-CRY,2
D-CRY-0006v233,sp32k,toke,160,346,D-CRY,2
D-CRY-0006v258,sp32k,toke,133,261,D-CRY,2
D-CRY-0006v276,sp32k,toke,133,294,D-CRY,2
D-CRY-0006v39,sp32k,toke,92,205,D-CRY,2
D-CRY-0006v76,sp32k,toke,113,253,D-CRY,2
D-CRY-0007v108,sp32k,toke,120,291,D-CRY,2
D-CRY-0007v279,sp32k,toke,131,295,D-CRY,2
D-CRY-0008v115,sp32k,toke,170,361,D-CRY,2
D-CRY-0008v147,sp32k,toke,174,367,D-CRY,2
D-CRY-0008v241,sp32k,toke,104,224,D-CRY,2
D-CRY-0008v250,sp32k,toke,171,355,D-CRY,2
D-CRY-0009v111,sp32k,toke,96,211,D-CRY,2
D-CRY-0009v129,sp32k,toke,112,207,D-CRY,2
D-CRY-0009v145,sp32k,toke,96,190,D-CRY,2
D-CRY-0009v18,sp32k,toke,96,207,D-CRY,2
D-CRY-0009v275,sp32k,toke,122,236,D-CRY,2
D-CRY-0009v89,sp32k,toke,96,183,D-CRY,2
D-CRY-0009v90,sp32k,toke,102,226,D-CRY,2
D-CRY-0010v126,sp32k,toke,100,205,D-CRY,2
D-CRY-0010v157,sp32k,toke,75,161,D-CRY,2
D-CRY-0010v182,sp32k,toke,96,255,D-CRY,2
D-CRY-0010v189,sp32k,toke,74,154,D-CRY,2
D-CRY-0010v229,sp32k,toke,80,175,D-CRY,2
D-CRY-0010v64,sp32k,toke,80,179,D-CRY,2
D-CRY-0011v101,sp32k,toke,114,255,D-CRY,2
D-CRY-0011v155,sp32k,toke,99,235,D-CRY,2
D-CRY-0011v176,sp32k,toke,162,340,D-CRY,2
D-CRY-0011v255,sp32k,toke,121,284,D-CRY,2
D-CRY-0011v52,sp32k,toke,139,338,D-CRY,2
D-CRY-0011v79,sp32k,toke,112,243,D-CRY,2
D-CRY-0012v189,sp32k,toke,85,177,D-CRY,2
D-CRY-0012v20,sp32k,toke,148,329,D-CRY,2
D-CRY-0012v209,sp32k,toke,131,300,D-CRY,2
D-CRY-0012v211,sp32k,toke,162,367,D-CRY,2
D-CRY-0012v234,sp32k,toke,117,232,D-CRY,2
D-CRY-0012v269,sp32k,toke,84,182,D-CRY,2
D-CRY-0012v282,sp32k,toke,96,220,D-CRY,2
D-CRY-0012v45,sp32k,toke,84,167,D-CRY,2
D-CRY-0012v98,sp32k,toke,94,206,D-CRY,2
D-CRY-0013v101,sp32k,toke,113,232,D-CRY,2
D-CRY-0013v116,sp32k,toke,150,339,D-CRY,2
D-CRY-0013v128,sp32k,toke,98,213,D-CRY,2
D-CRY-0013v190,sp32k,toke,113,253,D-CRY,2
D-CRY-0013v248,sp32k,toke,113,266,D-CRY,2
D-CRY-0013v265,sp32k,toke,94,195,D-CRY,2
D-CRY-0013v59,sp32k,toke,117,248,D-CRY,2
D-CRY-0013v85,sp32k,toke,83,173,D-CRY,2
D-CRY-0014v105,sp32k,toke,131,273,D-CRY,3
D-CRY-0014v117,sp32k,toke,119,251,D-CRY,3
D-CRY-0014v146,sp32k,toke,136,279,D-CRY,3
D-CRY-0014v187,sp32k,toke,128,279,D-CRY,3
D-CRY-0014v47,sp32k,toke,141,307,D-CRY,3
D-CRY-0014v60,sp32k,toke,119,261,D-CRY,3
D-CRY-0014v94,sp32k,toke,124,263,D-CRY,3
D-CRY-0015v108,sp32k,toke,133,281,D-CRY,3
D-CRY-0015v202,sp32k,toke,129,273,D-CRY,3
D-CRY-0015v213,sp32k,toke,155,323,D-CRY,3
D-CRY-0015v243,sp32k,toke,129,273,D-CRY,3
D-CRY-0015v245,sp32k,toke,132,270,D-CRY,3
D-CRY-0015v35,sp32k,toke,126,262,D-CRY,3
D-CRY-0015v62,sp32k,toke,164,356,D-CRY,3
D-CRY-0016v16,sp32k,toke,109,199,D-CRY,3
D-CRY-0016v183,sp32k,toke,106,209,D-CRY,3
D-CRY-0016v200,sp32k,toke,108,205,D-CRY,3
D-CRY-0016v212,sp32k,toke,115,248,D-CRY,3
D-CRY-0016v264,sp32k,toke,98,187,D-CRY,3
D-CRY-0016v278,sp32k,toke,93,181,D-CRY,3
D-CRY-0016v53,sp32k,toke,115,216,D-CRY,3
D-CRY-0016v6,sp32k,toke,102,190,D-CRY,3
D-CRY-0017v104,sp32k,toke,100,194,D-CRY,3
D-CRY-0017v135,sp32k,toke,95,204,D-CRY,3
D-CRY-0017v78,sp32k,toke,105,214,D-CRY,3
D-CRY-0017v95,sp32k,toke,114,234,D-CRY,3
D-CRY-0018v112,sp32k,toke,97,195,D-CRY,3
D-CRY-0018v197,sp32k,toke,106,209,D-CRY,3
D-CRY-0018v249,sp32k,toke,130,260,D-CRY,3
D-CRY-0018v42,sp32k,toke,134,264,D-CRY,3
D-CRY-0019v10,sp32k,toke,123,243,D-CRY,3
D-CRY-0019v121,sp32k,toke,124,220,D-CRY,3
D-CRY-0019v246,sp32k,toke,131,267,D-CRY,3
D-CRY-0020v180,sp32k,toke,100,196,D-CRY,3
D-CRY-0020v214,sp32k,toke,141,294,D-CRY,3
D-CRY-0021v116,sp32k,toke,109,245,D-CRY,3
D-CRY-0021v51,sp32k,toke,100,198,D-CRY,3
D-CRY-0021v86,sp32k,toke,93,188,D-CRY,3
D-CRY-0022v105,sp32k,toke,103,187,D-CRY,3
D-CRY-0022v138,sp32k,toke,120,247,D-CRY,3
D-CRY-0022v244,sp32k,toke,108,222,D-CRY,3
D-CRY-0022v99,sp32k,toke,110,221,D-CRY,3
D-CRY-0023v39,sp32k,toke,109,252,D-CRY,3
D-CRY-0023v76,sp32k,toke,120,294,D-CRY,3
D-CRY-0023v99,sp32k,toke,112,266,D-CRY,3
D-CRY-0024v180,sp32k,toke,105,272,D-CRY,3
D-CRY-0024v250,sp32k,toke,136,315,D-CRY,3
D-CRY-0024v283,sp32k,toke,100,201,D-CRY,3
D-DAT-0001v181,sp32k,toke,114,225,D-DAT,2
D-DAT-0001v204,sp32k,toke,85,182,D-DAT,2
D-DAT-0001v231,sp32k,toke,80,164,D-DAT,2
D-DAT-0001v99,sp32k,toke,97,212,D-DAT,2
D-DAT-0002v113,sp32k,toke,116,235,D-DAT,2
D-DAT-0002v139,sp32k,toke,131,284,D-DAT,2
D-DAT-0002v149,sp32k,toke,80,162,D-DAT,2
D-DAT-0002v220,sp32k,toke,101,228,D-DAT,2
D-DAT-0002v239,sp32k,toke,88,188,D-DAT,2
D-DAT-0002v260,sp32k,toke,130,309,D-DAT,2
D-DAT-0002v57,sp32k,toke,100,200,D-DAT,2
D-DAT-0002v68,sp32k,toke,107,259,D-DAT,2
D-DAT-0003v116,sp32k,toke,132,281,D-DAT,2
D-DAT-0003v120,sp32k,toke,157,313,D-DAT,2
D-DAT-0003v132,sp32k,toke,120,249,D-DAT,2
D-DAT-0003v166,sp32k,toke,204,432,D-DAT,2
D-DAT-0003v260,sp32k,toke,158,353,D-DAT,2
D-DAT-0003v44,sp32k,toke,131,281,D-DAT,2
D-DAT-0003v91,sp32k,toke,126,260,D-DAT,2
D-DAT-0004v1,sp32k,toke,148,290,D-DAT,2
D-DAT-0004v110,sp32k,toke,242,484,D-DAT,2
D-DAT-0004v192,sp32k,toke,250,531,D-DAT,2
D-DAT-0004v211,sp32k,toke,137,288,D-DAT,2
D-DAT-0004v217,sp32k,toke,132,266,D-DAT,2
D-DAT-0004v227,sp32k,toke,280,545,D-DAT,2
D-DAT-0004v88,sp32k,toke,278,550,D-DAT,2
D-DAT-0005v117,sp32k,toke,108,231,D-DAT,2
D-DAT-0005v146,sp32k,toke,124,254,D-DAT,2
D-DAT-0005v155,sp32k,toke,93,186,D-DAT,2
D-DAT-0005v184,sp32k,toke,123,265,D-DAT,2
D-DAT-0005v228,sp32k,toke,101,217,D-DAT,2
D-DAT-0005v237,sp32k,toke,97,188,D-DAT,2
D-DAT-0005v44,sp32k,toke,101,206,D-DAT,2
D-DAT-0005v53,sp32k,toke,93,180,D-DAT,2
D-DAT-0006v103,sp32k,toke,105,231,D-DAT,2
D-DAT-0006v225,sp32k,toke,105,208,D-DAT,2
D-DAT-0006v242,sp32k,toke,133,264,D-DAT,2
D-DAT-0006v255,sp32k,toke,123,271,D-DAT,2
D-DAT-0007v175,sp32k,toke,210,450,D-DAT,2
D-DAT-0007v232,sp32k,toke,135,301,D-DAT,2
D-DAT-0007v233,sp32k,toke,117,236,D-DAT,2
D-DAT-0007v37,sp32k,toke,141,312,D-DAT,2
D-DAT-0008v127,sp32k,toke,135,290,D-DAT,2
D-DAT-0008v14,sp32k,toke,116,266,D-DAT,2
D-DAT-0008v243,sp32k,toke,137,317,D-DAT,2
D-DAT-0008v258,sp32k,toke,138,308,D-DAT,2
D-DAT-0008v39,sp32k,toke,115,250,D-DAT,2
D-DAT-0009v175,sp32k,toke,137,302,D-DAT,2
D-DAT-0009v221,sp32k,toke,138,299,D-DAT,2
D-DAT-0009v235,sp32k,toke,103,189,D-DAT,2
D-DAT-0009v263,sp32k,toke,102,200,D-DAT,2
D-DAT-0009v52,sp32k,toke,180,401,D-DAT,2
D-DAT-0009v62,sp32k,toke,189,405,D-DAT,2
D-DAT-0010v170,sp32k,toke,241,475,D-DAT,3
D-DAT-0010v223,sp32k,toke,205,433,D-DAT,3
D-DAT-0010v43,sp32k,toke,108,211,D-DAT,3
D-DAT-0011v131,sp32k,toke,116,219,D-DAT,3
D-DAT-0011v160,sp32k,toke,112,219,D-DAT,3
D-DAT-0011v177,sp32k,toke,238,498,D-DAT,3
D-DAT-0011v3,sp32k,toke,236,469,D-DAT,3
D-DAT-0011v37,sp32k,toke,222,444,D-DAT,3
D-DAT-0012v134,sp32k,toke,215,395,D-DAT,3
D-DAT-0012v3,sp32k,toke,108,203,D-DAT,3
D-DAT-0012v80,sp32k,toke,110,192,D-DAT,3
D-DAT-0013v129,sp32k,toke,111,218,D-DAT,3
D-DAT-0013v143,sp32k,toke,207,414,D-DAT,3
D-DAT-0013v264,sp32k,toke,105,209,D-DAT,3
D-DAT-0013v48,sp32k,toke,192,377,D-DAT,3
D-DAT-0014v116,sp32k,toke,136,279,D-DAT,3
D-DAT-0014v175,sp32k,toke,276,536,D-DAT,3
D-DAT-0014v245,sp32k,toke,251,461,D-DAT,3
D-DAT-0014v261,sp32k,toke,127,246,D-DAT,3
D-DAT-0014v46,sp32k,toke,119,233,D-DAT,3
D-DAT-0015v100,sp32k,toke,263,558,D-DAT,3
D-DAT-0015v127,sp32k,toke,147,311,D-DAT,3
D-DAT-0015v81,sp32k,toke,157,308,D-DAT,3
D-DAT-0016v201,sp32k,toke,118,217,D-DAT,3
D-DAT-0016v21,sp32k,toke,126,231,D-DAT,3
D-DAT-0016v65,sp32k,toke,112,212,D-DAT,3
D-DAT-0017v109,sp32k,toke,118,198,D-DAT,3
D-DAT-0017v26,sp32k,toke,133,261,D-DAT,3
D-DAT-0018v149,sp32k,toke,110,199,D-DAT,3
D-DAT-0018v212,sp32k,toke,107,213,D-DAT,3
D-DAT-0018v236,sp32k,toke,112,209,D-DAT,3
D-DAT-0018v253,sp32k,toke,115,215,D-DAT,3
D-DAT-0019v148,sp32k,toke,261,506,D-DAT,3
D-DAT-0019v151,sp32k,toke,254,489,D-DAT,3
D-DAT-0019v217,sp32k,toke,230,480,D-DAT,3
D-DAT-0019v76,sp32k,toke,258,564,D-DAT,3
D-DAT-0020v170,sp32k,toke,119,236,D-DAT,3
D-DAT-0020v59,sp32k,toke,117,223,D-DAT,3
D-DAT-0020v83,sp32k,toke,251,509,D-DAT,3
D-DAT-0020v91,sp32k,toke,205,388,D-DAT,3
D-DAT-0021v125,sp32k,toke,163,383,D-DAT,3
D-DAT-0021v155,sp32k,toke,164,332,D-DAT,3
D-DAT-0021v162,sp32k,toke,173,381,D-DAT,3
D-DAT-0021v172,sp32k,toke,190,391,D-DAT,3
D-DAT-0021v226,sp32k,toke,158,341,D-DAT,3
D-DAT-0021v60,sp32k,toke,211,469,D-DAT,3
D-DAT-0022v123,sp32k,toke,227,449,D-DAT,2
D-DAT-0022v125,sp32k,toke,114,222,D-DAT,2
D-DAT-0022v173,sp32k,toke,233,456,D-DAT,2
D-DAT-0022v186,sp32k,toke,246,467,D-DAT,2
D-DAT-0022v204,sp32k,toke,215,432,D-DAT,2
D-DAT-0022v205,sp32k,toke,220,438,D-DAT,2
D-DAT-0022v206,sp32k,toke,225,444,D-DAT,2
D-DAT-0022v250,sp32k,toke,244,465,D-DAT,2
D-DAT-0022v251,sp32k,toke,242,456,D-DAT,2
D-DAT-0022v60,sp32k,toke,273,536,D-DAT,2
D-DAT-0023v104,sp32k,toke,217,408,D-DAT,2
D-DAT-0023v223,sp32k,toke,231,444,D-DAT,2
D-DAT-0023v53,sp32k,toke,229,416,D-DAT,2
D-DAT-0023v66,sp32k,toke,217,401,D-DAT,2
D-DAT-0024v141,sp32k,toke,228,455,D-DAT,2
D-DAT-0024v17,sp32k,toke,117,222,D-DAT,2
D-DAT-0024v220,sp32k,toke,264,543,D-DAT,2
D-DAT-0024v224,sp32k,toke,213,390,D-DAT,2
D-DAT-0024v40,sp32k,toke,112,210,D-DAT,2
D-DAT-0024v72,sp32k,toke,113,227,D-DAT,2
D-DAT-0024v76,sp32k,toke,229,431,D-DAT,2
D-DAT-0025v137,sp32k,toke,237,469,D-DAT,2
D-DAT-0025v199,sp32k,toke,118,237,D-DAT,2
D-DAT-0025v206,sp32k,toke,161,325,D-DAT,2
D-DAT-0025v219,sp32k,toke,232,463,D-DAT,2
D-DAT-0025v237,sp32k,toke,118,220,D-DAT,2
D-DAT-0025v4,sp32k,toke,262,519,D-DAT,2
D-DAT-0025v75,sp32k,toke,256,520,D-DAT,2
D-DAT-0025v82,sp32k,toke,124,256,D-DAT,2
D-DAT-0025v92,sp32k,toke,125,258,D-DAT,2
D-DAT-0026v172,sp32k,toke,258,510,D-DAT,2
D-DAT-0026v236,sp32k,toke,256,510,D-DAT,2
D-DAT-0026v262,sp32k,toke,151,298,D-DAT,2
D-DAT-0026v68,sp32k,toke,264,551,D-DAT,2
D-DAT-0026v99,sp32k,toke,223,434,D-DAT,2
D-FIO-0001v100,sp32k,toke,99,215,D-FIO,2
D-FIO-0001v149,sp32k,toke,111,211,D-FIO,2
D-FIO-0001v155,sp32k,toke,130,267,D-FIO,2
D-FIO-0001v221,sp32k,toke,101,212,D-FIO,2
D-FIO-0001v250,sp32k,toke,109,238,D-FIO,2
D-FIO-0001v262,sp32k,toke,96,208,D-FIO,2
D-FIO-0001v372,sp32k,toke,162,343,D-FIO,2
D-FIO-0001v4,sp32k,toke,142,296,D-FIO,2
D-FIO-0002,sp32k,toke,90,198,D-FIO,2
D-FIO-0002v158,sp32k,toke,104,204,D-FIO,2
D-FIO-0002v171,sp32k,toke,107,230,D-FIO,2
D-FIO-0002v260,sp32k,toke,99,231,D-FIO,2
D-FIO-0002v362,sp32k,toke,94,209,D-FIO,2
D-FIO-0003v106,sp32k,toke,143,316,D-FIO,2
D-FIO-0003v139,sp32k,toke,157,315,D-FIO,2
D-FIO-0003v167,sp32k,toke,172,361,D-FIO,2
D-FIO-0003v250,sp32k,toke,144,306,D-FIO,2
D-FIO-0003v345,sp32k,toke,182,381,D-FIO,2
D-FIO-0003v42,sp32k,toke,153,329,D-FIO,2
D-FIO-0003v97,sp32k,toke,157,339,D-FIO,2
D-FIO-0004v110,sp32k,toke,226,429,D-FIO,2
D-FIO-0004v19,sp32k,toke,154,330,D-FIO,2
D-FIO-0004v252,sp32k,toke,138,284,D-FIO,2
D-FIO-0004v340,sp32k,toke,167,359,D-FIO,2
D-FIO-0004v67,sp32k,toke,194,388,D-FIO,2
D-FIO-0005v134,sp32k,toke,143,304,D-FIO,2
D-FIO-0005v241,sp32k,toke,161,338,D-FIO,2
D-FIO-0005v249,sp32k,toke,150,309,D-FIO,2
D-FIO-0005v257,sp32k,toke,163,315,D-FIO,2
D-FIO-0005v275,sp32k,toke,150,327,D-FIO,2
D-FIO-0005v281,sp32k,toke,159,319,D-FIO,2
D-FIO-0005v284,sp32k,toke,130,286,D-FIO,2
D-FIO-0005v346,sp32k,toke,139,303,D-FIO,2
D-FIO-0005v348,sp32k,toke,137,304,D-FIO,2
D-FIO-0005v8,sp32k,toke,166,350,D-FIO,2
D-FIO-0006v119,sp32k,toke,76,159,D-FIO,2
D-FIO-0006v207,sp32k,toke,113,218,D-FIO,2
D-FIO-0006v312,sp32k,toke,88,175,D-FIO,2
D-FIO-0006v78,sp32k,toke,113,231,D-FIO,2
D-FIO-0007v170,sp32k,toke,145,298,D-FIO,2
D-FIO-0007v190,sp32k,toke,119,244,D-FIO,2
D-FIO-0007v193,sp32k,toke,160,332,D-FIO,2
D-FIO-0007v225,sp32k,toke,147,312,D-FIO,2
D-FIO-0007v258,sp32k,toke,143,314,D-FIO,2
D-FIO-0007v261,sp32k,toke,142,300,D-FIO,2
D-FIO-0007v306,sp32k,toke,160,339,D-FIO,2
D-FIO-0007v309,sp32k,toke,136,288,D-FIO,2
D-FIO-0007v318,sp32k,toke,124,274,D-FIO,2
D-FIO-0007v61,sp32k,toke,142,302,D-FIO,2
D-FIO-0008v109,sp32k,toke,198,387,D-FIO,2
D-FIO-0008v115,sp32k,toke,175,363,D-FIO,2
D-FIO-0008v189,sp32k,toke,138,295,D-FIO,2
D-FIO-0008v202,sp32k,toke,166,376,D-FIO,2
D-FIO-0008v290,sp32k,toke,163,375,D-FIO,2
D-FIO-0008v296,sp32k,toke,135,279,D-FIO,2
D-FIO-0008v325,sp32k,toke,181,390,D-FIO,2
D-FIO-0008v39,sp32k,toke,153,329,D-FIO,2
D-FIO-0008v93,sp32k,toke,176,358,D-FIO,2
D-FIO-0009v265,sp32k,toke,91,195,D-FIO,2
D-FIO-0010v113,sp32k,toke,135,268,D-FIO,2
D-FIO-0010v119,sp32k,toke,190,437,D-FIO,2
D-FIO-0010v196,sp32k,toke,121,269,D-FIO,2
D-FIO-0010v208,sp32k,toke,95,203,D-FIO,2
D-FIO-0010v284,sp32k,toke,110,237,D-FIO,2
D-FIO-0010v292,sp32k,toke,115,269,D-FIO,2
D-FIO-0010v33,sp32k,toke,112,227,D-FIO,2
D-FIO-0010v54,sp32k,toke,122,269,D-FIO,2
D-FIO-0010v94,sp32k,toke,112,253,D-FIO,2
D-FIO-0012v14,sp32k,toke,96,203,D-FIO,2
D-FIO-0012v229,sp32k,toke,93,188,D-FIO,2
D-FIO-0012v241,sp32k,toke,105,205,D-FIO,2
D-FIO-0012v252,sp32k,toke,89,210,D-FIO,2
D-FIO-0012v279,sp32k,toke,93,209,D-FIO,2
D-FIO-0012v74,sp32k,toke,87,174,D-FIO,2
D-FIO-0012v75,sp32k,toke,111,241,D-FIO,2
D-FIO-0013v115,sp32k,toke,123,255,D-FIO,2
D-FIO-0013v298,sp32k,toke,159,330,D-FIO,2
D-FIO-0013v356,sp32k,toke,136,298,D-FIO,2
D-FIO-0013v41,sp32k,toke,135,283,D-FIO,2
D-FIO-0014v185,sp32k,toke,145,286,D-FIO,2
D-FIO-0014v230,sp32k,toke,159,314,D-FIO,2
D-FIO-0014v28,sp32k,toke,117,248,D-FIO,2
D-FIO-0014v297,sp32k,toke,142,279,D-FIO,2
D-FIO-0015v219,sp32k,toke,146,274,D-FIO,2
D-FIO-0015v326,sp32k,toke,143,289,D-FIO,2
D-FIO-0016v125,sp32k,toke,123,233,D-FIO,2
D-FIO-0016v189,sp32k,toke,108,213,D-FIO,2
D-FIO-0016v255,sp32k,toke,126,259,D-FIO,2
D-FIO-0016v284,sp32k,toke,113,241,D-FIO,2
D-FIO-0016v338,sp32k,toke,136,282,D-FIO,2
D-FIO-0016v73,sp32k,toke,76,127,D-FIO,2
D-FIO-0017v111,sp32k,toke,137,280,D-FIO,2
D-FIO-0017v114,sp32k,toke,131,258,D-FIO,2
D-FIO-0017v15,sp32k,toke,102,221,D-FIO,2
D-FIO-0017v204,sp32k,toke,144,304,D-FIO,2
D-FIO-0017v218,sp32k,toke,139,281,D-FIO,2
D-FIO-0017v230,sp32k,toke,131,264,D-FIO,2
D-FIO-0017v252,sp32k,toke,126,261,D-FIO,2
D-FIO-0017v260,sp32k,toke,137,290,D-FIO,2
D-FIO-0017v284,sp32k,toke,97,221,D-FIO,2
D-FIO-0017v287,sp32k,toke,120,238,D-FIO,2
D-FIO-0017v332,sp32k,toke,94,216,D-FIO,2
D-FIO-0017v335,sp32k,toke,108,215,D-FIO,2
D-FIO-0017v347,sp32k,toke,80,190,D-FIO,2
D-FIO-0017v376,sp32k,toke,80,176,D-FIO,2
D-FIO-0017v90,sp32k,toke,83,194,D-FIO,2
D-FIO-0018v100,sp32k,toke,216,452,D-FIO,2
D-FIO-0018v126,sp32k,toke,189,431,D-FIO,2
D-FIO-0018v148,sp32k,toke,171,385,D-FIO,2
D-FIO-0018v151,sp32k,toke,184,389,D-FIO,2
D-FIO-0018v225,sp32k,toke,233,457,D-FIO,2
D-FIO-0018v3,sp32k,toke,123,264,D-FIO,2
D-FIO-0018v6,sp32k,toke,154,308,D-FIO,2
D-FIO-0018v63,sp32k,toke,143,309,D-FIO,2
D-FIO-0018v92,sp32k,toke,156,362,D-FIO,2
D-NET-0001v173,sp32k,toke,101,210,D-NET,2
D-NET-0001v218,sp32k,toke,100,214,D-NET,2
D-NET-0001v259,sp32k,toke,107,203,D-NET,2
D-NET-0001v292,sp32k,toke,105,198,D-NET,2
D-NET-0001v302,sp32k,toke,152,301,D-NET,2
D-NET-0001v306,sp32k,toke,105,226,D-NET,2
D-NET-0001v321,sp32k,toke,109,188,D-NET,2
D-NET-0002v139,sp32k,toke,139,269,D-NET,2
D-NET-0002v215,sp32k,toke,202,417,D-NET,2
D-NET-0003v165,sp32k,toke,194,398,D-NET,2
D-NET-0003v192,sp32k,toke,182,382,D-NET,2
D-NET-0003v213,sp32k,toke,294,529,D-NET,2
D-NET-0003v238,sp32k,toke,341,640,D-NET,2
D-NET-0003v283,sp32k,toke,217,459,D-NET,2
D-NET-0003v340,sp32k,toke,240,509,D-NET,2
D-NET-0003v36,sp32k,toke,187,350,D-NET,2
D-NET-0003v94,sp32k,toke,188,408,D-NET,2
D-NET-0004v150,sp32k,toke,192,387,D-NET,2
D-NET-0004v165,sp32k,toke,177,370,D-NET,2
D-NET-0004v212,sp32k,toke,178,406,D-NET,2
D-NET-0004v233,sp32k,toke,134,258,D-NET,2
D-NET-0004v269,sp32k,toke,150,330,D-NET,2
D-NET-0004v63,sp32k,toke,144,332,D-NET,2
D-NET-0004v73,sp32k,toke,218,456,D-NET,2
D-NET-0005v126,sp32k,toke,121,225,D-NET,2
D-NET-0005v2,sp32k,toke,122,248,D-NET,2
D-NET-0005v27,sp32k,toke,102,229,D-NET,2
D-NET-0005v270,sp32k,toke,113,215,D-NET,2
D-NET-0005v280,sp32k,toke,138,248,D-NET,2
D-NET-0005v289,sp32k,toke,94,203,D-NET,2
D-NET-0005v302,sp32k,toke,123,261,D-NET,2
D-NET-0005v48,sp32k,toke,132,246,D-NET,2
D-NET-0005v96,sp32k,toke,111,214,D-NET,2
D-NET-0006v137,sp32k,toke,134,294,D-NET,2
D-NET-0006v172,sp32k,toke,174,352,D-NET,2
D-NET-0006v176,sp32k,toke,199,402,D-NET,2
D-NET-0007v123,sp32k,toke,143,266,D-NET,2
D-NET-0007v132,sp32k,toke,146,302,D-NET,2
D-NET-0007v156,sp32k,toke,123,285,D-NET,2
D-NET-0007v33,sp32k,toke,122,262,D-NET,2
D-NET-0007v38,sp32k,toke,150,295,D-NET,2
D-NET-0007v43,sp32k,toke,149,324,D-NET,2
D-NET-0007v58,sp32k,toke,132,296,D-NET,2
D-NET-0007v59,sp32k,toke,167,316,D-NET,2
D-NET-0007v69,sp32k,toke,117,260,D-NET,2
D-NET-0008v144,sp32k,toke,218,447,D-NET,2
D-NET-0008v238,sp32k,toke,148,373,D-NET,2
D-NET-0008v253,sp32k,toke,198,426,D-NET,2
D-NET-0008v28,sp32k,toke,143,356,D-NET,2
D-NET-0008v329,sp32k,toke,223,451,D-NET,2
D-NET-0008v330,sp32k,toke,156,337,D-NET,2
D-NET-0008v39,sp32k,toke,148,364,D-NET,2
D-NET-0009v171,sp32k,toke,132,259,D-NET,2
D-NET-0009v224,sp32k,toke,118,248,D-NET,2
D-NET-0009v237,sp32k,toke,92,192,D-NET,2
D-NET-0009v264,sp32k,toke,114,236,D-NET,2
D-NET-0009v285,sp32k,toke,129,270,D-NET,2
D-NET-0009v303,sp32k,toke,118,248,D-NET,2
D-NET-0009v36,sp32k,toke,139,292,D-NET,2
D-NET-0010v240,sp32k,toke,98,206,D-NET,2
D-NET-0010v290,sp32k,toke,97,197,D-NET,2
D-NET-0010v69,sp32k,toke,98,185,D-NET,2
D-NET-0010v73,sp32k,toke,104,216,D-NET,2
D-NET-0011v190,sp32k,toke,102,239,D-NET,2
D-NET-0011v195,sp32k,toke,130,297,D-NET,2
D-NET-0011v200,sp32k,toke,141,305,D-NET,2
D-NET-0011v236,sp32k,toke,103,245,D-NET,2
D-NET-0011v296,sp32k,toke,108,253,D-NET,2
D-NET-0012v139,sp32k,toke,139,316,D-NET,2
D-NET-0012v163,sp32k,toke,128,272,D-NET,2
D-NET-0012v183,sp32k,toke,120,237,D-NET,2
D-NET-0012v211,sp32k,toke,135,274,D-NET,2
D-NET-0012v258,sp32k,toke,145,300,D-NET,2
D-NET-0012v290,sp32k,toke,128,272,D-NET,2
D-NET-0012v297,sp32k,toke,130,257,D-NET,2
D-NET-0012v53,sp32k,toke,153,297,D-NET,2
D-NET-0012v6,sp32k,toke,139,296,D-NET,2
D-NET-0013v10,sp32k,toke,158,327,D-NET,2
D-NET-0013v118,sp32k,toke,159,298,D-NET,2
D-NET-0013v147,sp32k,toke,134,272,D-NET,2
D-NET-0013v156,sp32k,toke,139,293,D-NET,2
D-NET-0013v203,sp32k,toke,141,283,D-NET,2
D-NET-0013v328,sp32k,toke,136,247,D-NET,2
D-NET-0013v340,sp32k,toke,116,242,D-NET,2
D-NET-0013v40,sp32k,toke,105,189,D-NET,2
D-NET-0013v80,sp32k,toke,131,256,D-NET,2
D-NET-0013v9,sp32k,toke,142,268,D-NET,2
D-NET-0014v118,sp32k,toke,157,297,D-NET,2
D-NET-0014v134,sp32k,toke,154,279,D-NET,2
D-NET-0014v229,sp32k,toke,134,248,D-NET,2
D-NET-0014v305,sp32k,toke,139,244,D-NET,2
D-NET-0014v59,sp32k,toke,162,315,D-NET,2
D-NET-0015v160,sp32k,toke,135,242,D-NET,2
D-NET-0015v178,sp32k,toke,99,197,D-NET,2
D-NET-0015v183,sp32k,toke,142,249,D-NET,2
D-NET-0015v195,sp32k,toke,148,277,D-NET,2
D-NET-0015v2,sp32k,toke,94,181,D-NET,2
D-NET-0015v21,sp32k,toke,107,215,D-NET,2
D-NET-0015v303,sp32k,toke,132,228,D-NET,2
D-NET-0015v330,sp32k,toke,129,232,D-NET,2
D-NET-0015v337,sp32k,toke,138,240,D-NET,2
D-NET-0016v192,sp32k,toke,202,427,D-NET,2
D-NET-0016v238,sp32k,toke,273,544,D-NET,2
D-NET-0016v33,sp32k,toke,210,455,D-NET,2
D-NET-0016v49,sp32k,toke,231,476,D-NET,2
D-NET-0016v98,sp32k,toke,302,617,D-NET,2
D-NET-0017v1,sp32k,toke,98,205,D-NET,2
D-NET-0017v119,sp32k,toke,82,175,D-NET,2
D-NET-0017v142,sp32k,toke,114,251,D-NET,2
D-NET-0017v177,sp32k,toke,118,239,D-NET,2
D-NET-0017v55,sp32k,toke,91,193,D-NET,2
D-NET-0018v137,sp32k,toke,104,248,D-NET,2
D-NET-0018v234,sp32k,toke,92,205,D-NET,2
D-NET-0018v27,sp32k,toke,138,308,D-NET,2
D-NET-0018v273,sp32k,toke,150,310,D-NET,2
D-NET-0018v63,sp32k,toke,96,222,D-NET,2
D-NET-0019v115,sp32k,toke,170,357,D-NET,2
D-NET-0019v129,sp32k,toke,104,225,D-NET,2
D-NET-0019v18,sp32k,toke,145,304,D-NET,2
D-NET-0019v218,sp32k,toke,126,286,D-NET,2
D-NET-0019v283,sp32k,toke,120,255,D-NET,2
D-NET-0020v119,sp32k,toke,163,351,D-NET,2
D-NET-0020v125,sp32k,toke,183,372,D-NET,2
D-NET-0020v137,sp32k,toke,201,447,D-NET,2
D-NET-0020v156,sp32k,toke,159,352,D-NET,2
D-NET-0020v211,sp32k,toke,172,374,D-NET,2
D-NET-0020v218,sp32k,toke,204,454,D-NET,2
D-NET-0020v256,sp32k,toke,200,409,D-NET,2
D-NET-0020v260,sp32k,toke,164,356,D-NET,2
D-NET-0020v335,sp32k,toke,164,342,D-NET,2
D-NET-0020v92,sp32k,toke,185,405,D-NET,2
D-TST-0001v259,sp32k,toke,120,242,D-TST,1
D-TST-0001v30,sp32k,toke,122,255,D-TST,1
D-TST-0002v156,sp32k,toke,101,228,D-TST,1
D-TST-0002v188,sp32k,toke,109,247,D-TST,1
D-TST-0002v20,sp32k,toke,92,204,D-TST,1
D-TST-0002v264,sp32k,toke,112,258,D-TST,1
D-TST-0002v37,sp32k,toke,100,213,D-TST,1
D-TST-0003v133,sp32k,toke,106,197,D-TST,1
D-TST-0003v18,sp32k,toke,135,267,D-TST,1
D-TST-0003v247,sp32k,toke,106,211,D-TST,1
D-TST-0003v89,sp32k,toke,129,236,D-TST,1
D-TST-0004v150,sp32k,toke,96,218,D-TST,1
D-TST-0004v237,sp32k,toke,83,166,D-TST,1
D-TST-0005v131,sp32k,toke,119,252,D-TST,1
D-TST-0005v14,sp32k,toke,83,177,D-TST,1
D-TST-0005v242,sp32k,toke,113,245,D-TST,1
D-TST-0005v256,sp32k,toke,88,181,D-TST,1
D-TST-0005v3,sp32k,toke,115,263,D-TST,1
D-TST-0006v144,sp32k,toke,110,246,D-TST,1
D-TST-0006v203,sp32k,toke,130,286,D-TST,1
D-TST-0007v123,sp32k,toke,138,295,D-TST,1
D-TST-0007v228,sp32k,toke,131,266,D-TST,1
D-TST-0007v255,sp32k,toke,83,173,D-TST,1
D-TST-0008v116,sp32k,toke,156,323,D-TST,1
D-TST-0008v200,sp32k,toke,91,192,D-TST,1
D-TST-0008v227,sp32k,toke,93,202,D-TST,1
D-TST-0008v252,sp32k,toke,108,253,D-TST,1
D-TST-0008v265,sp32k,toke,127,294,D-TST,1
D-TST-0008v93,sp32k,toke,110,250,D-TST,1
D-TST-0009v102,sp32k,toke,160,366,D-TST,1
D-TST-0009v147,sp32k,toke,130,268,D-TST,1
D-TST-0010v155,sp32k,toke,141,300,D-TST,1
D-TST-0010v56,sp32k,toke,125,246,D-TST,1
D-TST-0011v183,sp32k,toke,112,230,D-TST,2
D-TST-0011v231,sp32k,toke,107,248,D-TST,2
D-TST-0011v77,sp32k,toke,91,180,D-TST,2
D-TST-0012v141,sp32k,toke,118,215,D-TST,2
D-TST-0012v263,sp32k,toke,205,398,D-TST,2
D-TST-0012v32,sp32k,toke,127,232,D-TST,2
D-TST-0013v143,sp32k,toke,114,229,D-TST,2
D-TST-0013v19,sp32k,toke,113,225,D-TST,2
D-TST-0013v81,sp32k,toke,199,383,D-TST,2
D-TST-0014v19,sp32k,toke,191,392,D-TST,2
D-TST-0014v249,sp32k,toke,201,411,D-TST,2
D-TST-0014v50,sp32k,toke,124,242,D-TST,2
D-TST-0015v14,sp32k,toke,141,277,D-TST,2
D-TST-0015v172,sp32k,toke,225,459,D-TST,2
D-TST-0015v179,sp32k,toke,226,437,D-TST,2
D-TST-0015v206,sp32k,toke,227,457,D-TST,2
D-TST-0015v259,sp32k,toke,201,439,D-TST,2
D-TST-0015v38,sp32k,toke,263,563,D-TST,2
D-TST-0016v114,sp32k,toke,133,265,D-TST,2
D-TST-0016v19,sp32k,toke,219,411,D-TST,2
D-TST-0016v201,sp32k,toke,221,383,D-TST,2
D-TST-0016v30,sp32k,toke,158,306,D-TST,2
D-TST-0016v76,sp32k,toke,228,465,D-TST,2
D-TST-0016v81,sp32k,toke,129,239,D-TST,2
D-TST-0016v91,sp32k,toke,259,565,D-TST,2
D-TST-0017v101,sp32k,toke,123,239,D-TST,2
D-TST-0017v108,sp32k,toke,99,204,D-TST,2
D-TST-0017v148,sp32k,toke,100,216,D-TST,2
D-TST-0017v180,sp32k,toke,95,199,D-TST,2
D-TST-0017v188,sp32k,toke,100,219,D-TST,2
D-TST-0017v243,sp32k,toke,107,224,D-TST,2
D-TST-0017v53,sp32k,toke,109,212,D-TST,2
D-TST-0018v111,sp32k,toke,107,228,D-TST,2
D-TST-0018v261,sp32k,toke,139,295,D-TST,2
D-TST-0018v81,sp32k,toke,120,251,D-TST,2
D-TST-0018v94,sp32k,toke,107,228,D-TST,2
D-TST-0019v169,sp32k,toke,129,300,D-TST,2
D-TST-0019v221,sp32k,toke,122,274,D-TST,2
D-TST-0019v4,sp32k,toke,118,255,D-TST,2
D-TST-0020v11,sp32k,toke,114,237,D-TST,2
D-TST-0020v132,sp32k,toke,146,302,D-TST,2
D-TST-0020v15,sp32k,toke,100,205,D-TST,2
D-TST-0020v161,sp32k,toke,139,281,D-TST,2
D-TST-0020v18,sp32k,toke,143,301,D-TST,2
D-TST-0020v190,sp32k,toke,145,289,D-TST,2
D-TST-0020v21,sp32k,toke,109,215,D-TST,2
D-TST-0020v6,sp32k,toke,149,312,D-TST,2
D-TST-0021,sp32k,toke,138,298,D-TST,2
D-TST-0021v10,sp32k,toke,135,300,D-TST,2
D-TST-0021v124,sp32k,toke,145,307,D-TST,2
D-TST-0021v14,sp32k,toke,184,417,D-TST,2
D-TST-0021v157,sp32k,toke,145,307,D-TST,2
D-TST-0021v163,sp32k,toke,150,334,D-TST,2
D-TST-0021v170,sp32k,toke,139,296,D-TST,2
D-TST-0021v180,sp32k,toke,131,282,D-TST,2
D-TST-0021v219,sp32k,toke,109,230,D-TST,2
D-TST-0021v221,sp32k,toke,134,275,D-TST,2
D-TST-0021v240,sp32k,toke,114,233,D-TST,2
D-TST-0021v255,sp32k,toke,100,206,D-TST,2
D-TST-0021v260,sp32k,toke,115,251,D-TST,2
D-TST-0022v116,sp32k,toke,79,175,D-TST,2
D-TST-0022v14,sp32k,toke,87,172,D-TST,2
D-TST-0022v193,sp32k,toke,90,171,D-TST,2
D-TST-0022v28,sp32k,toke,81,176,D-TST,2
D-TST-0022v52,sp32k,toke,78,175,D-TST,2
D-TST-0022v69,sp32k,toke,80,158,D-TST,2
D-TST-0022v81,sp32k,toke,103,196,D-TST,2
D-TST-0022v9,sp32k,toke,93,185,D-TST,2
D-TST-0023v102,sp32k,toke,113,223,D-TST,3
D-TST-0023v146,sp32k,toke,105,210,D-TST,3
D-TST-0023v176,sp32k,toke,101,212,D-TST,3
D-TST-0023v185,sp32k,toke,97,177,D-TST,3
D-TST-0023v198,sp32k,toke,106,226,D-TST,3
D-TST-0023v236,sp32k,toke,121,275,D-TST,3
D-TST-0023v237,sp32k,toke,92,179,D-TST,3
D-TST-0023v238,sp32k,toke,87,168,D-TST,3
D-TST-0023v247,sp32k,toke,88,169,D-TST,3
D-TST-0023v259,sp32k,toke,134,279,D-TST,3
D-TST-0024v130,sp32k,toke,124,250,D-TST,3
D-TST-0024v136,sp32k,toke,119,221,D-TST,3
D-TST-0024v154,sp32k,toke,121,261,D-TST,3
D-TST-0024v161,sp32k,toke,116,229,D-TST,3
D-TST-0024v170,sp32k,toke,122,244,D-TST,3
D-TST-0024v185,sp32k,toke,123,234,D-TST,3
D-TST-0024v31,sp32k,toke,113,230,D-TST,3
D-TST-0024v48,sp32k,toke,110,207,D-TST,3
D-TST-0024v5,sp32k,toke,109,191,D-TST,3
D-TST-0024v52,sp32k,toke,106,234,D-TST,3
D-TST-0024v55,sp32k,toke,113,225,D-TST,3
D-TST-0024v65,sp32k,toke,118,247,D-TST,3
D-TST-0025v162,sp32k,toke,234,518,D-TST,3
D-TST-0025v202,sp32k,toke,232,523,D-TST,3
D-TST-0025v207,sp32k,toke,189,389,D-TST,3
D-TST-0025v215,sp32k,toke,251,563,D-TST,3
D-TST-0025v22,sp32k,toke,105,228,D-TST,3
D-TST-0025v241,sp32k,toke,173,352,D-TST,3
D-TST-0025v248,sp32k,toke,233,462,D-TST,3
D-TST-0025v256,sp32k,toke,297,643,D-TST,3
D-TST-0025v73,sp32k,toke,138,243,D-TST,3
D-TST-0025v85,sp32k,toke,213,461,D-TST,3
D-TST-0025v95,sp32k,toke,253,593,D-TST,3
D-WEB-0001v116,sp32k,toke,156,323,D-WEB,2
D-WEB-0001v172,sp32k,toke,153,328,D-WEB,2
D-WEB-0001v230,sp32k,toke,156,336,D-WEB,2
D-WEB-0001v236,sp32k,toke,148,315,D-WEB,2
D-WEB-0001v58,sp32k,toke,171,355,D-WEB,2
D-WEB-0001v71,sp32k,toke,148,304,D-WEB,2
D-WEB-0003v114,sp32k,toke,86,179,D-WEB,2
D-WEB-0003v128,sp32k,toke,148,322,D-WEB,2
D-WEB-0003v137,sp32k,toke,109,229,D-WEB,2
D-WEB-0003v141,sp32k,toke,131,292,D-WEB,2
D-WEB-0004v10,sp32k,toke,198,425,D-WEB,2
D-WEB-0004v143,sp32k,toke,140,305,D-WEB,2
D-WEB-0004v2,sp32k,toke,130,281,D-WEB,2
D-WEB-0004v252,sp32k,toke,147,329,D-WEB,2
D-WEB-0005v24,sp32k,toke,238,447,D-WEB,3
D-WEB-0005v248,sp32k,toke,226,435,D-WEB,3
D-WEB-0005v5,sp32k,toke,274,563,D-WEB,3
D-WEB-0005v63,sp32k,toke,167,350,D-WEB,3
D-WEB-0005v65,sp32k,toke,239,475,D-WEB,3
D-WEB-0006v128,sp32k,toke,107,205,D-WEB,3
D-WEB-0006v148,sp32k,toke,145,309,D-WEB,3
D-WEB-0006v16,sp32k,toke,188,365,D-WEB,3
D-WEB-0006v177,sp32k,toke,167,312,D-WEB,3
D-WEB-0006v179,sp32k,toke,138,281,D-WEB,3
D-WEB-0006v190,sp32k,toke,129,247,D-WEB,3
D-WEB-0006v222,sp32k,toke,111,241,D-WEB,3
D-WEB-0006v224,sp32k,toke,166,341,D-WEB,3
D-WEB-0006v6,sp32k,toke,193,368,D-WEB,3
D-WEB-0007v12,sp32k,toke,120,272,D-WEB,3
D-WEB-0007v177,sp32k,toke,154,338,D-WEB,3
D-WEB-0007v193,sp32k,toke,124,260,D-WEB,3
D-WEB-0007v207,sp32k,toke,110,232,D-WEB,3
D-WEB-0007v70,sp32k,toke,119,246,D-WEB,3
D-WEB-0008v102,sp32k,toke,188,386,D-WEB,3
D-WEB-0008v139,sp32k,toke,196,354,D-WEB,3
D-WEB-0008v147,sp32k,toke,292,552,D-WEB,3
D-WEB-0008v15,sp32k,toke,96,196,D-WEB,3
D-WEB-0008v172,sp32k,toke,122,279,D-WEB,3
D-WEB-0008v209,sp32k,toke,221,443,D-WEB,3
D-WEB-0008v75,sp32k,toke,109,212,D-WEB,3
D-WEB-0008v93,sp32k,toke,201,390,D-WEB,3
D-WEB-0009v1,sp32k,toke,126,230,D-WEB,2
D-WEB-0009v107,sp32k,toke,134,258,D-WEB,2
D-WEB-0009v138,sp32k,toke,190,404,D-WEB,2
D-WEB-0009v198,sp32k,toke,100,207,D-WEB,2
D-WEB-0010v178,sp32k,toke,99,208,D-WEB,2
D-WEB-0010v208,sp32k,toke,84,154,D-WEB,2
D-WEB-0010v217,sp32k,toke,88,158,D-WEB,2
D-WEB-0010v29,sp32k,toke,127,259,D-WEB,2
D-WEB-0010v84,sp32k,toke,110,248,D-WEB,2
D-WEB-0010v87,sp32k,toke,92,193,D-WEB,2
D-WEB-0011v170,sp32k,toke,129,249,D-WEB,2
D-WEB-0012v125,sp32k,toke,81,145,D-WEB,2
D-WEB-0012v178,sp32k,toke,123,276,D-WEB,2
D-WEB-0013v242,sp32k,toke,285,539,D-WEB,2
D-WEB-0013v35,sp32k,toke,188,358,D-WEB,2
D-WEB-0013v41,sp32k,toke,168,323,D-WEB,2
D-WEB-0013v47,sp32k,toke,157,296,D-WEB,2
D-WEB-0013v6,sp32k,toke,107,209,D-WEB,2
D-WEB-0013v63,sp32k,toke,162,319,D-WEB,2
D-WEB-0013v74,sp32k,toke,156,302,D-WEB,2
D-WEB-0013v76,sp32k,toke,112,220,D-WEB,2
D-WEB-0013v97,sp32k,toke,154,283,D-WEB,2
D-WEB-0014v139,sp32k,toke,96,229,D-WEB,2
D-WEB-0014v181,sp32k,toke,89,182,D-WEB,2
D-WEB-0014v222,sp32k,toke,96,240,D-WEB,2
D-WEB-0014v228,sp32k,toke,84,188,D-WEB,2
D-WEB-0014v232,sp32k,toke,88,192,D-WEB,2
D-WEB-0014v62,sp32k,toke,142,299,D-WEB,2
D-WEB-0014v85,sp32k,toke,81,180,D-WEB,2
D-WEB-0015v183,sp32k,toke,108,217,D-WEB,2
D-WEB-0015v230,sp32k,toke,184,384,D-WEB,2
D-WEB-0015v236,sp32k,toke,117,243,D-WEB,2
D-WEB-0015v38,sp32k,toke,107,223,D-WEB,2
D-WEB-0015v94,sp32k,toke,84,178,D-WEB,2
D-WEB-0016v120,sp32k,toke,92,199,D-WEB,2
D-WEB-0016v194,sp32k,toke,83,182,D-WEB,2
D-WEB-0016v253,sp32k,toke,77,149,D-WEB,2
D-WEB-0016v4,sp32k,toke,85,189,D-WEB,2
D-WEB-0016v46,sp32k,toke,89,187,D-WEB,2
D-WEB-0016v87,sp32k,toke,89,197,D-WEB,2
D-WEB-0017v25,sp32k,toke,148,296,D-WEB,2
D-WEB-0017v44,sp32k,toke,115,244,D-WEB,2
D-WEB-0017v73,sp32k,toke,100,210,D-WEB,2
D-WEB-0018v10,sp32k,toke,87,171,D-WEB,2
D-WEB-0018v119,sp32k,toke,116,226,D-WEB,2
D-WEB-0018v142,sp32k,toke,115,223,D-WEB,2
D-WEB-0018v145,sp32k,toke,134,263,D-WEB,2
D-WEB-0018v247,sp32k,toke,89,189,D-WEB,2
D-WEB-0018v65,sp32k,toke,126,234,D-WEB,2
D-WEB-0018v68,sp32k,toke,142,306,D-WEB,2
D-WEB-0019v133,sp32k,toke,68,132,D-WEB,2
D-WEB-0019v182,sp32k,toke,66,140,D-WEB,2
D-WEB-0019v67,sp32k,toke,73,152,D-WEB,2
D-WEB-0020v105,sp32k,toke,105,205,D-WEB,2
D-WEB-0020v109,sp32k,toke,107,211,D-WEB,2
D-WEB-0020v177,sp32k,toke,61,112,D-WEB,2
D-WEB-0021v12,sp32k,toke,102,227,D-WEB,2
D-WEB-0021v123,sp32k,toke,99,222,D-WEB,2
D-WEB-0021v125,sp32k,toke,79,159,D-WEB,2
D-WEB-0021v180,sp32k,toke,101,224,D-WEB,2
D-WEB-0021v29,sp32k,toke,88,168,D-WEB,2
D-WEB-0021v4,sp32k,toke,96,197,D-WEB,2
D-WEB-0021v70,sp32k,toke,129,296,D-WEB,2
D-WEB-0021v92,sp32k,toke,90,199,D-WEB,2
D-WEB-0022v119,sp32k,toke,92,197,D-WEB,2
D-WEB-0022v183,sp32k,toke,113,237,D-WEB,2
D-WEB-0022v222,sp32k,toke,94,203,D-WEB,2
D-WEB-0023v91,sp32k,toke,136,284,D-WEB,2
D-WEB-0023v97,sp32k,toke,99,186,D-WEB,2
D-WEB-0024v108,sp32k,toke,97,209,D-WEB,2
D-WEB-0024v220,sp32k,toke,113,211,D-WEB,2
D-WEB-0024v27,sp32k,toke,173,316,D-WEB,2
D-WEB-0025v139,sp32k,toke,173,347,D-WEB,3
D-WEB-0025v192,sp32k,toke,157,302,D-WEB,3
D-WEB-0025v199,sp32k,toke,173,353,D-WEB,3
D-WEB-0025v30,sp32k,toke,163,351,D-WEB,3
D-WEB-0025v89,sp32k,toke,190,383,D-WEB,3
D-WEB-0026v187,sp32k,toke,153,340,D-WEB,3
D-WEB-0026v205,sp32k,toke,106,223,D-WEB,3
D-WEB-0026v217,sp32k,toke,98,199,D-WEB,3
D-WEB-0026v238,sp32k,toke,189,410,D-WEB,3
D-WEB-0026v28,sp32k,toke,172,402,D-WEB,3
D-WEB-0026v96,sp32k,toke,72,156,D-WEB,3
D-WEB-0027v173,sp32k,toke,132,254,D-WEB,3
D-WEB-0027v182,sp32k,toke,111,221,D-WEB,3
D-WEB-0027v241,sp32k,toke,118,216,D-WEB,3
MIG-B-D-CFG-0013v334-2f9e09c6,sp32k,toke,214,478,D-CFG,2
MIG-B-D-CFG-0015v338-0c7d6653,sp32k,toke,172,390,D-CFG,2
MIG-B-D-CLI-0013v279-c2e9fb64,sp32k,toke,126,271,D-CLI,2
MIG-B-D-CRY-0009v250-d8b6ddd9,sp32k,toke,44,122,D-CRY,2
MIG-B-D-CRY-0020v230-784b9394,sp32k,toke,107,233,D-CRY,2
MIG-B-D-DAT-0011v241-abe6727f,sp32k,toke,90,185,D-DAT,2
MIG-B-D-NET-0019v330-7a853f80,sp32k,toke,212,519,D-NET,2
MIG-B-D-WEB-0004v237-bfa34332,sp32k,toke,377,747,D-WEB,2
MIG-B-D-WEB-0015v234-dc2f99e3,sp32k,toke,52,103,D-WEB,2
MIG-B-D-WEB-0026v228-b74d7296,sp32k,toke,89,213,D-WEB,2
MIG-P2-A-A-ARR-0008v23-ae88119c,sp32k,toke,58,150,A-ARR,2
MIG-P2-A-A-ARR-0019v13-3d367c21,sp32k,toke,58,133,A-ARR,2
MIG-P2-A-A-ARR-0019v4-5e28336f,sp32k,toke,55,149,A-ARR,2
MIG-P2-A-A-ARR-0019v8-2eaaa735,sp32k,toke,58,140,A-ARR,2
MIG-P2-A-A-ARR-0021v30-c15769ff,sp32k,toke,60,148,A-ARR,2
MIG-P2-A-A-ARR-0022v37-de4fbe4a,sp32k,toke,60,134,A-ARR,2
MIG-P2-A-A-ARR-0023v23-e8274f00,sp32k,toke,52,122,A-ARR,2
MIG-P2-A-A-ARR-0023v3-3c505ac3,sp32k,toke,47,105,A-ARR,2
MIG-P2-A-A-ARR-0030v36-e678a533,sp32k,toke,71,186,A-ARR,2
MIG-P2-A-A-ARR-0037v3-9abdcbad,sp32k,toke,57,133,A-ARR,2
MIG-P2-A-A-ARR-0043v12-154fffbd,sp32k,toke,73,191,A-ARR,2
MIG-P2-A-A-ARR-0045v32-9af55752,sp32k,toke,69,144,A-ARR,2
MIG-P2-A-A-ARR-0046v19-13f13762,sp32k,toke,148,349,A-ARR,2
MIG-P2-A-A-ARR-0046v24-dc98b531,sp32k,toke,69,160,A-ARR,2
MIG-P2-A-A-ARR-0053v13-e347d91b,sp32k,toke,100,231,A-ARR,2
MIG-P2-A-A-ARR-0088v34-cb00cec3,sp32k,toke,166,433,A-ARR,2
MIG-P2-A-A-ARR-0096v20-1f0ac9b4,sp32k,toke,102,257,A-ARR,2
MIG-P2-A-A-ARR-0110v26-252adcd9,sp32k,toke,96,207,A-ARR,2
MIG-P2-A-A-ARR-0118v25-0c4bf30d,sp32k,toke,58,134,A-ARR,2
MIG-P2-A-A-CND-0019v52-f1a11ceb,sp32k,toke,60,173,A-CND,2
MIG-P2-A-A-CND-0021v8-0d4d7403,sp32k,toke,23,45,A-CND,2
MIG-P2-A-A-CND-0021v9-241e94a7,sp32k,toke,36,82,A-CND,2
MIG-P2-A-A-CND-0032v19-15802cc1,sp32k,toke,23,65,A-CND,2
MIG-P2-A-A-CND-0032v58-07ed9fc4,sp32k,toke,41,113,A-CND,2
MIG-P2-A-A-CND-0034v59-07537151,sp32k,toke,23,71,A-CND,2
MIG-P2-A-A-CND-0035v52-d4847f10,sp32k,toke,76,267,A-CND,2
MIG-P2-A-A-CND-0039v18-7b71273a,sp32k,toke,67,148,A-CND,2
MIG-P2-A-A-CND-0044v13-2380a8e3,sp32k,toke,131,247,A-CND,2
MIG-P2-A-A-CND-0051v1-5c505ede,sp32k,toke,67,156,A-CND,2
MIG-P2-A-A-CND-0051v38-9ea196b9,sp32k,toke,71,178,A-CND,2
MIG-P2-A-A-CND-0078v23-18671631,sp32k,toke,70,193,A-CND,2
MIG-P2-A-A-CND-0097v24-25d4955c,sp32k,toke,44,114,A-CND,2
MIG-P2-A-A-MTH-0004v39-49269e9b,sp32k,toke,43,116,A-MTH,2
MIG-P2-A-A-MTH-0037v23-24c04434,sp32k,toke,44,128,A-MTH,2
MIG-P2-A-A-MTH-0039v21-19d018a1,sp32k,toke,17,37,A-MTH,2
MIG-P2-A-A-MTH-0039v4-404e4422,sp32k,toke,29,70,A-MTH,2
MIG-P2-A-A-MTH-0040v26-08958192,sp32k,toke,51,135,A-MTH,2
MIG-P2-A-A-MTH-0042v42-b246a5bd,sp32k,toke,44,129,A-MTH,2
MIG-P2-A-A-MTH-0047v46-410872d5,sp32k,toke,78,156,A-MTH,2
MIG-P2-A-A-MTH-0048v28-b6993bae,sp32k,toke,149,286,A-MTH,2
MIG-P2-A-A-MTH-0050v45-a689613c,sp32k,toke,76,172,A-MTH,2
MIG-P2-A-A-MTH-0063v45-aeefdf19,sp32k,toke,70,239,A-MTH,2
MIG-P2-A-A-MTH-0068v20-6618397e,sp32k,toke,113,396,A-MTH,2
MIG-P2-A-A-MTH-0069v19-695e76dc,sp32k,toke,68,175,A-MTH,2
MIG-P2-A-A-MTH-0072v42-c8d759e2,sp32k,toke,61,146,A-MTH,2
MIG-P2-A-A-MTH-0083v2-627dd976,sp32k,toke,82,171,A-MTH,2
MIG-P2-A-A-MTH-0085v18-2cfb7d84,sp32k,toke,86,202,A-MTH,2
MIG-P2-A-A-MTH-0086v7-8f36e7b8,sp32k,toke,38,96,A-MTH,2
MIG-P2-A-A-MTH-0108v13-3cb3cc13,sp32k,toke,111,223,A-MTH,2
MIG-P2-A-A-MTH-0108v16-9047b806,sp32k,toke,97,195,A-MTH,2
MIG-P2-A-A-MTH-0116v26-1fd6fb1a,sp32k,toke,44,102,A-MTH,2
MIG-P2-A-A-SRT-0003v19-3b9be894,sp32k,toke,123,321,A-SRT,2
MIG-P2-A-A-SRT-0006v56-e6aa959b,sp32k,toke,145,357,A-SRT,2
MIG-P2-A-A-SRT-0007v39-4ba3035e,sp32k,toke,105,249,A-SRT,2
MIG-P2-A-A-SRT-0020v53-ec8dd469,sp32k,toke,167,365,A-SRT,2
MIG-P2-A-A-SRT-0023v4-0062cf5a,sp32k,toke,51,122,A-SRT,2
MIG-P2-A-A-SRT-0023v60-c30f8c00,sp32k,toke,53,144,A-SRT,2
MIG-P2-A-A-SRT-0024v49-af6234f8,sp32k,toke,47,101,A-SRT,2
MIG-P2-A-A-SRT-0024v58-20099721,sp32k,toke,49,117,A-SRT,2
MIG-P2-A-A-SRT-0025v16-1d3bf000,sp32k,toke,75,181,A-SRT,2
MIG-P2-A-A-SRT-0029v48-7d3bc71a,sp32k,toke,98,242,A-SRT,2
MIG-P2-A-A-SRT-0040v18-70357253,sp32k,toke,154,372,A-SRT,2
MIG-P2-A-A-SRT-0065v2-1a9f9974,sp32k,toke,94,201,A-SRT,2
MIG-P2-A-A-SRT-0066v19-eb81fcb7,sp32k,toke,150,365,A-SRT,2
MIG-P2-A-A-SRT-0084v17-44ea7a4a,sp32k,toke,202,416,A-SRT,2
MIG-P2-A-A-SRT-0098v27-f911f1fc,sp32k,toke,136,273,A-SRT,2
MIG-P2-A-A-STR-0003v11-d23bf18e,sp32k,toke,134,331,A-STR,2
MIG-P2-A-A-STR-0027v82-517bed3c,sp32k,toke,25,66,A-STR,2
MIG-P2-A-A-STR-0028v78-0e07a50c,sp32k,toke,152,374,A-STR,2
MIG-P2-A-A-STR-0030v56-e095c21a,sp32k,toke,128,329,A-STR,2
MIG-P2-A-A-STR-0032v34-1c7e052f,sp32k,toke,31,76,A-STR,2
MIG-P2-A-A-STR-0033v32-244d6ffc,sp32k,toke,101,242,A-STR,2
MIG-P2-A-A-STR-0046v37-5a720218,sp32k,toke,121,295,A-STR,2
MIG-P2-A-A-STR-0052v35-8e4b0988,sp32k,toke,120,247,A-STR,2
MIG-P2-A-A-STR-0056v1-0c1b6949,sp32k,toke,95,222,A-STR,2
MIG-P2-A-A-STR-0066v11-2b170eef,sp32k,toke,296,635,A-STR,2
MIG-P2-A-A-STR-0070v15-2feca867,sp32k,toke,162,404,A-STR,2
MIG-P2-A-A-STR-0074v7-4696e45d,sp32k,toke,135,306,A-STR,2
MIG-P2-A-A-STR-0077v20-cbaead5a,sp32k,toke,114,308,A-STR,2
MIG-P2-A-A-STR-0089v30-08ec95b3,sp32k,toke,88,222,A-STR,2
MIG-P2-B-D-CFG-0003v306-8f80e8fb,sp32k,toke,130,286,D-CFG,2
MIG-P2-B-D-CFG-0004v303-01e53bc8,sp32k,toke,60,135,D-CFG,2
MIG-P2-B-D-CFG-0004v305-76249577,sp32k,toke,78,136,D-CFG,2
MIG-P2-B-D-CFG-0004v359-b5e6239f,sp32k,toke,87,170,D-CFG,2
MIG-P2-B-D-CFG-0005v353-e1a5e3c3,sp32k,toke,90,161,D-CFG,2
MIG-P2-B-D-CFG-0006v309-dbfc914d,sp32k,toke,128,246,D-CFG,2
MIG-P2-B-D-CFG-0006v321-78fa5c0b,sp32k,toke,78,196,D-CFG,2
MIG-P2-B-D-CFG-0007v352-0f6e22a3,sp32k,toke,133,259,D-CFG,2
MIG-P2-B-D-CFG-0009v325-467d8fd6,sp32k,toke,38,57,D-CFG,2
MIG-P2-B-D-CFG-0009v355-d2eb8205,sp32k,toke,70,139,D-CFG,2
MIG-P2-B-D-CFG-0014v360-17471713,sp32k,toke,128,234,D-CFG,2
MIG-P2-B-D-CFG-0015v293-32e2b410,sp32k,toke,116,230,D-CFG,2
MIG-P2-B-D-CFG-0015v326-4bbca610,sp32k,toke,58,136,D-CFG,2
MIG-P2-B-D-CFG-0015v358-137b329a,sp32k,toke,122,259,D-CFG,2
MIG-P2-B-D-CFG-0016v322-52d734a6,sp32k,toke,66,138,D-CFG,2
MIG-P2-B-D-CFG-0016v331-1cb9caf9,sp32k,toke,85,152,D-CFG,2
MIG-P2-B-D-CFG-0017v317-a2d78110,sp32k,toke,102,197,D-CFG,2
MIG-P2-B-D-CFG-0017v354-af88686b,sp32k,toke,71,149,D-CFG,2
MIG-P2-B-D-CFG-0017v361-09adc8ec,sp32k,toke,80,160,D-CFG,2
MIG-P2-B-D-CFG-0018v339-9d0216cd,sp32k,toke,77,136,D-CFG,2
MIG-P2-B-D-CFG-0018v347-4a6e4aba,sp32k,toke,131,251,D-CFG,2
MIG-P2-B-D-CLI-0005v238-79c32f52,sp32k,toke,134,275,D-CLI,2
MIG-P2-B-D-CLI-0006v234-0bce5989,sp32k,toke,54,129,D-CLI,2
MIG-P2-B-D-CLI-0007v283-d0929b7c,sp32k,toke,123,250,D-CLI,2
MIG-P2-B-D-CLI-0008v234-e295ddbc,sp32k,toke,221,448,D-CLI,2
MIG-P2-B-D-CLI-0009v255-57d2b57e,sp32k,toke,82,189,D-CLI,2
MIG-P2-B-D-CLI-0010v265-0089a60a,sp32k,toke,97,234,D-CLI,2
MIG-P2-B-D-CLI-0013v238-81d3a3f8,sp32k,toke,122,292,D-CLI,2
MIG-P2-B-D-CLI-0013v280-21f5adca,sp32k,toke,163,307,D-CLI,2
MIG-P2-B-D-CLI-0014v274-592e1717,sp32k,toke,187,374,D-CLI,2
MIG-P2-B-D-CLI-0016v270-3025e72b,sp32k,toke,42,88,D-CLI,2
MIG-P2-B-D-CLI-0016v278-ae52b8ba,sp32k,toke,59,116,D-CLI,2
MIG-P2-B-D-CLI-0016v282-bdf817f1,sp32k,toke,48,104,D-CLI,2
MIG-P2-B-D-CLI-0017v274-ed94674e,sp32k,toke,52,117,D-CLI,2
MIG-P2-B-D-CLI-0018v270-e718052b,sp32k,toke,252,482,D-CLI,2
MIG-P2-B-D-CLI-0022v265-5cbbd599,sp32k,toke,65,108,D-CLI,2
MIG-P2-B-D-CLI-0024v241-103fab47,sp32k,toke,34,61,D-CLI,2
MIG-P2-B-D-CRY-0003v261-698bf164,sp32k,toke,145,284,D-CRY,2
MIG-P2-B-D-CRY-0006v232-990b7eb9,sp32k,toke,92,183,D-CRY,2
MIG-P2-B-D-CRY-0006v249-cc82b861,sp32k,toke,75,179,D-CRY,2
MIG-P2-B-D-CRY-0006v280-f8103207,sp32k,toke,120,282,D-CRY,2
MIG-P2-B-D-CRY-0008v232-1c78e288,sp32k,toke,73,152,D-CRY,2
MIG-P2-B-D-CRY-0008v235-64734bfb,sp32k,toke,112,257,D-CRY,2
MIG-P2-B-D-CRY-0008v266-500af4a7,sp32k,toke,94,251,D-CRY,2
MIG-P2-B-D-CRY-0008v284-3c28ddd2,sp32k,toke,124,305,D-CRY,2
MIG-P2-B-D-CRY-0011v261-0ef0fb1b,sp32k,toke,69,151,D-CRY,2
MIG-P2-B-D-CRY-0011v265-5aab77e7,sp32k,toke,39,81,D-CRY,2
MIG-P2-B-D-CRY-0012v248-a45f9e25,sp32k,toke,48,98,D-CRY,2
MIG-P2-B-D-CRY-0015v233-7b8394f7,sp32k,toke,87,186,D-CRY,2
MIG-P2-B-D-CRY-0018v267-ec102dd0,sp32k,toke,86,206,D-CRY,2
MIG-P2-B-D-CRY-0023v273-be7b4a51,sp32k,toke,58,146,D-CRY,2
MIG-P2-B-D-CRY-0024v231-ef799997,sp32k,toke,76,195,D-CRY,2
MIG-P2-B-D-CRY-0024v250-de2d5cc8,sp32k,toke,77,209,D-CRY,2
MIG-P2-B-D-DAT-0002v215-795c142a,sp32k,toke,133,374,D-DAT,2
MIG-P2-B-D-DAT-0002v226-bdc6ac15,sp32k,toke,54,134,D-DAT,2
MIG-P2-B-D-DAT-0002v233-6953d039,sp32k,toke,120,261,D-DAT,2
MIG-P2-B-D-DAT-0008v219-afca7ba9,sp32k,toke,78,194,D-DAT,2
MIG-P2-B-D-DAT-0011v260-4218a520,sp32k,toke,84,187,D-DAT,2
MIG-P2-B-D-DAT-0012v260-40d6e501,sp32k,toke,49,110,D-DAT,2
MIG-P2-B-D-DAT-0016v231-9c55c629,sp32k,toke,97,228,D-DAT,2
MIG-P2-B-D-DAT-0016v249-a406dfc4,sp32k,toke,47,82,D-DAT,2
MIG-P2-B-D-DAT-0022v214-5129e0d9,sp32k,toke,208,414,D-DAT,2
MIG-P2-B-D-DAT-0024v225-21f80817,sp32k,toke,80,161,D-DAT,2
MIG-P2-B-D-FIO-0002v379-199aa5a0,sp32k,toke,105,220,D-FIO,2
MIG-P2-B-D-FIO-0005v352-8fabc9a6,sp32k,toke,86,154,D-FIO,2
MIG-P2-B-D-FIO-0006v376-09e089e5,sp32k,toke,66,123,D-FIO,2
MIG-P2-B-D-FIO-0007v319-7305c7e8,sp32k,toke,108,269,D-FIO,2
MIG-P2-B-D-FIO-0007v379-20b5f9c7,sp32k,toke,64,138,D-FIO,2
MIG-P2-B-D-FIO-0010v320-88acb6f9,sp32k,toke,57,105,D-FIO,2
MIG-P2-B-D-FIO-0010v374-f2afddb2,sp32k,toke,144,327,D-FIO,2
MIG-P2-B-D-FIO-0011v355-7b964ad5,sp32k,toke,145,255,D-FIO,2
MIG-P2-B-D-FIO-0012v318-8e9820e8,sp32k,toke,143,319,D-FIO,2
MIG-P2-B-D-FIO-0013v310-85110f2e,sp32k,toke,176,399,D-FIO,2
MIG-P2-B-D-FIO-0013v313-5e9cf1fb,sp32k,toke,131,262,D-FIO,2
MIG-P2-B-D-FIO-0013v374-e5b44242,sp32k,toke,77,160,D-FIO,2
MIG-P2-B-D-FIO-0014v336-72972580,sp32k,toke,112,218,D-FIO,2
MIG-P2-B-D-FIO-0014v362-e89d5150,sp32k,toke,144,334,D-FIO,2
MIG-P2-B-D-FIO-0016v371-ba28ac96,sp32k,toke,90,169,D-FIO,2
MIG-P2-B-D-FIO-0018v312-63f385af,sp32k,toke,68,142,D-FIO,2
MIG-P2-B-D-FIO-0018v331-bd4e61c9,sp32k,toke,234,530,D-FIO,2
MIG-P2-B-D-NET-0001v310-54f88a7b,sp32k,toke,132,253,D-NET,2
MIG-P2-B-D-NET-0003v281-faca71e6,sp32k,toke,155,278,D-NET,2
MIG-P2-B-D-NET-0004v342-8aadac55,sp32k,toke,229,522,D-NET,2
MIG-P2-B-D-NET-0006v301-8935d440,sp32k,toke,183,390,D-NET,2
MIG-P2-B-D-NET-0006v328-3e70884f,sp32k,toke,178,384,D-NET,2
MIG-P2-B-D-NET-0011v282-f9c0c6a9,sp32k,toke,196,440,D-NET,2
MIG-P2-B-D-NET-0011v320-804c83b1,sp32k,toke,101,185,D-NET,2
MIG-P2-B-D-NET-0013v313-1073206f,sp32k,toke,84,167,D-NET,2
MIG-P2-B-D-NET-0013v322-c854f5f5,sp32k,toke,85,197,D-NET,2
MIG-P2-B-D-NET-0013v329-939624dc,sp32k,toke,163,345,D-NET,2
MIG-P2-B-D-NET-0015v325-843708ad,sp32k,toke,28,46,D-NET,2
MIG-P2-B-D-NET-0017v319-2eece785,sp32k,toke,39,66,D-NET,2
MIG-P2-B-D-NET-0018v322-ae4d934a,sp32k,toke,136,279,D-NET,2
MIG-P2-B-D-NET-0020v316-7d750f1c,sp32k,toke,116,235,D-NET,2
MIG-P2-B-D-NET-0020v342-34df5d4e,sp32k,toke,195,379,D-NET,2
MIG-P2-B-D-TST-0002v250-cbd4628c,sp32k,toke,43,109,D-TST,2
MIG-P2-B-D-TST-0002v265-acfe291b,sp32k,toke,27,44,D-TST,2
MIG-P2-B-D-TST-0002v270-db71ba13,sp32k,toke,91,193,D-TST,2
MIG-P2-B-D-TST-0003v245-622ce171,sp32k,toke,177,351,D-TST,2
MIG-P2-B-D-TST-0004v242-2e8154bf,sp32k,toke,39,94,D-TST,2
MIG-P2-B-D-TST-0007v272-bb002a3e,sp32k,toke,44,82,D-TST,2
MIG-P2-B-D-TST-0015v268-801bc724,sp32k,toke,102,234,D-TST,2
MIG-P2-B-D-TST-0019v245-0707d0f2,sp32k,toke,62,134,D-TST,2
MIG-P2-B-D-TST-0019v257-16c417b7,sp32k,toke,71,143,D-TST,2
MIG-P2-B-D-TST-0021v268-b52bd1bc,sp32k,toke,79,172,D-TST,2
MIG-P2-B-D-TST-0022v254-6bee1db8,sp32k,toke,32,60,D-TST,2
MIG-P2-B-D-TST-0023v242-fa54d782,sp32k,toke,47,98,D-TST,2
MIG-P2-B-D-WEB-0002v213-797460ee,sp32k,toke,191,395,D-WEB,2
MIG-P2-B-D-WEB-0007v243-5e0cbdbf,sp32k,toke,151,301,D-WEB,2
MIG-P2-B-D-WEB-0008v232-da6994f4,sp32k,toke,122,236,D-WEB,2
MIG-P2-B-D-WEB-0008v246-78fe17d1,sp32k,toke,105,235,D-WEB,2
MIG-P2-B-D-WEB-0010v251-0751b4cc,sp32k,toke,61,140,D-WEB,2
MIG-P2-B-D-WEB-0011v214-77df7b1e,sp32k,toke,110,259,D-WEB,2
MIG-P2-B-D-WEB-0014v206-9dd1dd17,sp32k,toke,188,393,D-WEB,2
MIG-P2-B-D-WEB-0015v227-65b0fef3,sp32k,toke,112,245,D-WEB,2
MIG-P2-B-D-WEB-0020v249-b7da0e52,sp32k,toke,103,209,D-WEB,2
MIG-P2-B-D-WEB-0022v232-55baa0ea,sp32k,toke,95,181,D-WEB,2
MIG-P2-B-D-WEB-0024v212-8082c866,sp32k,toke,110,233,D-WEB,2
MIG-P2-B-D-WEB-0027v235-e7acc931,sp32k,toke,41,75,D-WEB,2
A-ARR-0001v7,qwen2.5-coder,toke,114,245,A-ARR,1
A-ARR-0003v63,qwen2.5-coder,toke,75,165,A-ARR,1
A-ARR-0005v10,qwen2.5-coder,toke,133,288,A-ARR,1
A-ARR-0006v23,qwen2.5-coder,toke,106,253,A-ARR,1
A-ARR-0007v18,qwen2.5-coder,toke,46,93,A-ARR,1
A-ARR-0008v69,qwen2.5-coder,toke,59,125,A-ARR,1
A-ARR-0009v4,qwen2.5-coder,toke,94,196,A-ARR,1
A-ARR-0010v41,qwen2.5-coder,toke,57,109,A-ARR,1
A-ARR-0011v61,qwen2.5-coder,toke,97,218,A-ARR,1
A-ARR-0011v63,qwen2.5-coder,toke,85,192,A-ARR,1
A-ARR-0014v66,qwen2.5-coder,toke,77,205,A-ARR,1
A-ARR-0015v55,qwen2.5-coder,toke,57,112,A-ARR,1
A-ARR-0017v1,qwen2.5-coder,toke,73,144,A-ARR,1
A-ARR-0018v28,qwen2.5-coder,toke,79,197,A-ARR,1
A-ARR-0018v54,qwen2.5-coder,toke,112,295,A-ARR,1
A-ARR-0018v68,qwen2.5-coder,toke,73,197,A-ARR,1
A-ARR-0021v1,qwen2.5-coder,toke,58,126,A-ARR,1
A-ARR-0021v29,qwen2.5-coder,toke,130,299,A-ARR,1
A-ARR-0022v58,qwen2.5-coder,toke,130,358,A-ARR,1
A-ARR-0024v21,qwen2.5-coder,toke,150,304,A-ARR,1
A-ARR-0025v57,qwen2.5-coder,toke,140,268,A-ARR,1
A-ARR-0026v17,qwen2.5-coder,toke,102,234,A-ARR,1
A-ARR-0027v10,qwen2.5-coder,toke,75,168,A-ARR,1
A-ARR-0028v31,qwen2.5-coder,toke,129,271,A-ARR,1
A-ARR-0028v38,qwen2.5-coder,toke,70,155,A-ARR,1
A-ARR-0031v64,qwen2.5-coder,toke,42,90,A-ARR,1
A-ARR-0032v15,qwen2.5-coder,toke,64,140,A-ARR,1
A-ARR-0032v21,qwen2.5-coder,toke,127,255,A-ARR,1
A-ARR-0032v46,qwen2.5-coder,toke,205,451,A-ARR,1
A-ARR-0033,qwen2.5-coder,toke,104,244,A-ARR,1
A-ARR-0033v2,qwen2.5-coder,toke,101,201,A-ARR,1
A-ARR-0033v26,qwen2.5-coder,toke,116,281,A-ARR,1
A-ARR-0034v28,qwen2.5-coder,toke,78,201,A-ARR,1
A-ARR-0035v20,qwen2.5-coder,toke,125,267,A-ARR,2
A-ARR-0035v41,qwen2.5-coder,toke,160,399,A-ARR,2
A-ARR-0035v54,qwen2.5-coder,toke,97,186,A-ARR,2
A-ARR-0037v61,qwen2.5-coder,toke,182,451,A-ARR,2
A-ARR-0041v65,qwen2.5-coder,toke,69,157,A-ARR,2
A-ARR-0041v69,qwen2.5-coder,toke,68,155,A-ARR,2
A-ARR-0042v45,qwen2.5-coder,toke,154,363,A-ARR,2
A-ARR-0042v57,qwen2.5-coder,toke,68,162,A-ARR,2
A-ARR-0042v63,qwen2.5-coder,toke,135,316,A-ARR,2
A-ARR-0043v6,qwen2.5-coder,toke,134,285,A-ARR,2
A-ARR-0044v11,qwen2.5-coder,toke,70,164,A-ARR,2
A-ARR-0045v8,qwen2.5-coder,toke,185,452,A-ARR,2
A-ARR-0046v39,qwen2.5-coder,toke,201,490,A-ARR,2
A-ARR-0047v22,qwen2.5-coder,toke,119,253,A-ARR,2
A-ARR-0047v68,qwen2.5-coder,toke,65,138,A-ARR,2
A-ARR-0048v3,qwen2.5-coder,toke,131,263,A-ARR,2
A-ARR-0048v44,qwen2.5-coder,toke,159,349,A-ARR,2
A-ARR-0049v13,qwen2.5-coder,toke,96,189,A-ARR,2
A-ARR-0049v40,qwen2.5-coder,toke,70,150,A-ARR,2
A-ARR-0049v66,qwen2.5-coder,toke,74,160,A-ARR,2
A-ARR-0051v63,qwen2.5-coder,toke,110,250,A-ARR,2
A-ARR-0052v53,qwen2.5-coder,toke,189,406,A-ARR,2
A-ARR-0052v63,qwen2.5-coder,toke,107,243,A-ARR,2
A-ARR-0056v65,qwen2.5-coder,toke,208,408,A-ARR,2
A-ARR-0057v15,qwen2.5-coder,toke,222,518,A-ARR,2
A-ARR-0058v13,qwen2.5-coder,toke,110,250,A-ARR,2
A-ARR-0058v24,qwen2.5-coder,toke,122,261,A-ARR,2
A-ARR-0063v46,qwen2.5-coder,toke,135,278,A-ARR,2
A-ARR-0066v24,qwen2.5-coder,toke,149,298,A-ARR,2
A-ARR-0066v53,qwen2.5-coder,toke,69,137,A-ARR,2
A-ARR-0066v9,qwen2.5-coder,toke,68,129,A-ARR,2
A-ARR-0067v66,qwen2.5-coder,toke,67,156,A-ARR,2
A-ARR-0068v30,qwen2.5-coder,toke,196,414,A-ARR,2
A-ARR-0069v8,qwen2.5-coder,toke,177,393,A-ARR,2
A-ARR-0071v8,qwen2.5-coder,toke,256,538,A-ARR,2
A-ARR-0072v13,qwen2.5-coder,toke,86,203,A-ARR,2
A-ARR-0072v19,qwen2.5-coder,toke,206,435,A-ARR,2
A-ARR-0072v2,qwen2.5-coder,toke,150,303,A-ARR,2
A-ARR-0073v68,qwen2.5-coder,toke,219,493,A-ARR,2
A-ARR-0074v36,qwen2.5-coder,toke,151,381,A-ARR,2
A-ARR-0076v10,qwen2.5-coder,toke,63,135,A-ARR,3
A-ARR-0076v30,qwen2.5-coder,toke,147,318,A-ARR,3
A-ARR-0076v62,qwen2.5-coder,toke,86,199,A-ARR,3
A-ARR-0076v8,qwen2.5-coder,toke,126,292,A-ARR,3
A-ARR-0077v34,qwen2.5-coder,toke,85,197,A-ARR,3
A-ARR-0077v36,qwen2.5-coder,toke,86,199,A-ARR,3
A-ARR-0078v35,qwen2.5-coder,toke,132,288,A-ARR,3
A-ARR-0078v57,qwen2.5-coder,toke,175,359,A-ARR,3
A-ARR-0079v20,qwen2.5-coder,toke,251,541,A-ARR,3
A-ARR-0079v49,qwen2.5-coder,toke,91,192,A-ARR,3
A-ARR-0080v55,qwen2.5-coder,toke,265,679,A-ARR,3
A-ARR-0080v58,qwen2.5-coder,toke,199,440,A-ARR,3
A-ARR-0081v16,qwen2.5-coder,toke,136,291,A-ARR,3
A-ARR-0081v23,qwen2.5-coder,toke,237,509,A-ARR,3
A-ARR-0081v30,qwen2.5-coder,toke,97,223,A-ARR,3
A-ARR-0081v64,qwen2.5-coder,toke,89,198,A-ARR,3
A-ARR-0081v66,qwen2.5-coder,toke,218,471,A-ARR,3
A-ARR-0082v45,qwen2.5-coder,toke,151,359,A-ARR,3
A-ARR-0084v35,qwen2.5-coder,toke,147,335,A-ARR,3
A-ARR-0084v55,qwen2.5-coder,toke,292,626,A-ARR,3
A-ARR-0084v62,qwen2.5-coder,toke,226,443,A-ARR,3
A-ARR-0086,qwen2.5-coder,toke,116,297,A-ARR,3
A-ARR-0086v45,qwen2.5-coder,toke,239,613,A-ARR,3
A-ARR-0086v57,qwen2.5-coder,toke,175,417,A-ARR,3
A-ARR-0087v1,qwen2.5-coder,toke,151,335,A-ARR,3
A-ARR-0087v12,qwen2.5-coder,toke,243,599,A-ARR,3
A-ARR-0088v12,qwen2.5-coder,toke,109,270,A-ARR,3
A-ARR-0088v13,qwen2.5-coder,toke,103,239,A-ARR,3
A-ARR-0088v33,qwen2.5-coder,toke,176,364,A-ARR,3
A-ARR-0090v13,qwen2.5-coder,toke,149,349,A-ARR,3
A-ARR-0091v64,qwen2.5-coder,toke,125,307,A-ARR,2
A-ARR-0092v1,qwen2.5-coder,toke,130,315,A-ARR,2
A-ARR-0092v19,qwen2.5-coder,toke,191,439,A-ARR,2
A-ARR-0094v16,qwen2.5-coder,toke,128,335,A-ARR,2
A-ARR-0094v17,qwen2.5-coder,toke,175,419,A-ARR,2
A-ARR-0096v36,qwen2.5-coder,toke,181,450,A-ARR,2
A-ARR-0096v66,qwen2.5-coder,toke,133,335,A-ARR,2
A-ARR-0099v32,qwen2.5-coder,toke,116,294,A-ARR,2
A-ARR-0103,qwen2.5-coder,toke,116,238,A-ARR,2
A-ARR-0105v25,qwen2.5-coder,toke,79,186,A-ARR,2
A-ARR-0105v37,qwen2.5-coder,toke,140,315,A-ARR,2
A-ARR-0105v67,qwen2.5-coder,toke,74,171,A-ARR,2
A-ARR-0107v49,qwen2.5-coder,toke,78,179,A-ARR,2
A-ARR-0108v11,qwen2.5-coder,toke,206,444,A-ARR,2
A-ARR-0112v42,qwen2.5-coder,toke,207,469,A-ARR,2
A-ARR-0112v52,qwen2.5-coder,toke,210,442,A-ARR,2
A-ARR-0113v39,qwen2.5-coder,toke,83,213,A-ARR,3
A-ARR-0114v12,qwen2.5-coder,toke,148,358,A-ARR,3
A-ARR-0116v40,qwen2.5-coder,toke,123,264,A-ARR,2
A-ARR-0116v59,qwen2.5-coder,toke,70,169,A-ARR,2
A-ARR-0117v38,qwen2.5-coder,toke,126,291,A-ARR,2
A-ARR-0117v40,qwen2.5-coder,toke,113,257,A-ARR,2
A-ARR-0117v9,qwen2.5-coder,toke,69,147,A-ARR,2
A-ARR-0118v9,qwen2.5-coder,toke,61,137,A-ARR,2
A-ARR-0119v6,qwen2.5-coder,toke,125,262,A-ARR,3
A-CND-0005v22,qwen2.5-coder,toke,110,205,A-CND,1
A-CND-0008v82,qwen2.5-coder,toke,163,290,A-CND,1
A-CND-0012v42,qwen2.5-coder,toke,74,156,A-CND,1
A-CND-0013v51,qwen2.5-coder,toke,121,326,A-CND,1
A-CND-0014v38,qwen2.5-coder,toke,38,82,A-CND,1
A-CND-0015v75,qwen2.5-coder,toke,71,187,A-CND,1
A-CND-0017v20,qwen2.5-coder,toke,86,233,A-CND,1
A-CND-0020v70,qwen2.5-coder,toke,121,242,A-CND,1
A-CND-0024v9,qwen2.5-coder,toke,101,204,A-CND,1
A-CND-0029v44,qwen2.5-coder,toke,129,285,A-CND,1
A-CND-0029v48,qwen2.5-coder,toke,55,117,A-CND,1
A-CND-0032v49,qwen2.5-coder,toke,95,185,A-CND,1
A-CND-0034v67,qwen2.5-coder,toke,131,315,A-CND,1
A-CND-0038v23,qwen2.5-coder,toke,147,291,A-CND,1
A-CND-0040v16,qwen2.5-coder,toke,74,156,A-CND,2
A-CND-0040v83,qwen2.5-coder,toke,82,184,A-CND,2
A-CND-0041v48,qwen2.5-coder,toke,180,348,A-CND,2
A-CND-0041v66,qwen2.5-coder,toke,138,288,A-CND,2
A-CND-0042v25,qwen2.5-coder,toke,108,225,A-CND,2
A-CND-0042v37,qwen2.5-coder,toke,69,153,A-CND,2
A-CND-0042v41,qwen2.5-coder,toke,67,121,A-CND,2
A-CND-0043v16,qwen2.5-coder,toke,126,266,A-CND,2
A-CND-0043v45,qwen2.5-coder,toke,141,309,A-CND,2
A-CND-0043v48,qwen2.5-coder,toke,126,256,A-CND,2
A-CND-0043v72,qwen2.5-coder,toke,132,271,A-CND,2
A-CND-0044,qwen2.5-coder,toke,89,159,A-CND,2
A-CND-0044v21,qwen2.5-coder,toke,168,344,A-CND,2
A-CND-0044v36,qwen2.5-coder,toke,196,374,A-CND,2
A-CND-0044v47,qwen2.5-coder,toke,117,215,A-CND,2
A-CND-0044v55,qwen2.5-coder,toke,165,331,A-CND,2
A-CND-0044v8,qwen2.5-coder,toke,156,335,A-CND,2
A-CND-0046v72,qwen2.5-coder,toke,123,256,A-CND,2
A-CND-0047v49,qwen2.5-coder,toke,164,323,A-CND,2
A-CND-0047v71,qwen2.5-coder,toke,149,276,A-CND,2
A-CND-0048v38,qwen2.5-coder,toke,171,323,A-CND,2
A-CND-0049v27,qwen2.5-coder,toke,103,183,A-CND,2
A-CND-0050v18,qwen2.5-coder,toke,234,448,A-CND,3
A-CND-0050v4,qwen2.5-coder,toke,315,621,A-CND,3
A-CND-0050v43,qwen2.5-coder,toke,308,612,A-CND,3
A-CND-0050v44,qwen2.5-coder,toke,161,267,A-CND,3
A-CND-0050v46,qwen2.5-coder,toke,146,257,A-CND,3
A-CND-0050v47,qwen2.5-coder,toke,254,487,A-CND,3
A-CND-0050v58,qwen2.5-coder,toke,246,478,A-CND,3
A-CND-0050v74,qwen2.5-coder,toke,365,693,A-CND,3
A-CND-0050v8,qwen2.5-coder,toke,128,225,A-CND,3
A-CND-0051v24,qwen2.5-coder,toke,130,221,A-CND,3
A-CND-0051v28,qwen2.5-coder,toke,121,246,A-CND,3
A-CND-0051v35,qwen2.5-coder,toke,250,466,A-CND,3
A-CND-0051v42,qwen2.5-coder,toke,125,200,A-CND,3
A-CND-0051v47,qwen2.5-coder,toke,109,211,A-CND,3
A-CND-0051v48,qwen2.5-coder,toke,257,478,A-CND,3
A-CND-0051v69,qwen2.5-coder,toke,241,455,A-CND,3
A-CND-0051v72,qwen2.5-coder,toke,237,441,A-CND,3
A-CND-0051v81,qwen2.5-coder,toke,231,419,A-CND,3
A-CND-0052v15,qwen2.5-coder,toke,198,378,A-CND,3
A-CND-0052v35,qwen2.5-coder,toke,212,435,A-CND,3
A-CND-0052v41,qwen2.5-coder,toke,241,477,A-CND,3
A-CND-0052v80,qwen2.5-coder,toke,216,456,A-CND,3
A-CND-0053v60,qwen2.5-coder,toke,104,207,A-CND,2
A-CND-0053v77,qwen2.5-coder,toke,118,231,A-CND,2
A-CND-0054v17,qwen2.5-coder,toke,128,292,A-CND,3
A-CND-0054v18,qwen2.5-coder,toke,121,278,A-CND,3
A-CND-0054v26,qwen2.5-coder,toke,121,278,A-CND,3
A-CND-0054v36,qwen2.5-coder,toke,205,540,A-CND,3
A-CND-0054v5,qwen2.5-coder,toke,182,502,A-CND,3
A-CND-0054v75,qwen2.5-coder,toke,137,312,A-CND,3
A-CND-0054v9,qwen2.5-coder,toke,112,260,A-CND,3
A-CND-0056v64,qwen2.5-coder,toke,82,150,A-CND,1
A-CND-0058v19,qwen2.5-coder,toke,107,278,A-CND,1
A-CND-0059v20,qwen2.5-coder,toke,128,326,A-CND,1
A-CND-0059v6,qwen2.5-coder,toke,197,442,A-CND,1
A-CND-0064v12,qwen2.5-coder,toke,101,227,A-CND,2
A-CND-0064v5,qwen2.5-coder,toke,143,350,A-CND,2
A-CND-0065v17,qwen2.5-coder,toke,140,344,A-CND,2
A-CND-0065v45,qwen2.5-coder,toke,88,183,A-CND,2
A-CND-0065v55,qwen2.5-coder,toke,135,333,A-CND,2
A-CND-0065v58,qwen2.5-coder,toke,140,344,A-CND,2
A-CND-0065v59,qwen2.5-coder,toke,87,182,A-CND,2
A-CND-0066v15,qwen2.5-coder,toke,106,195,A-CND,2
A-CND-0067v4,qwen2.5-coder,toke,81,167,A-CND,2
A-CND-0067v43,qwen2.5-coder,toke,96,212,A-CND,2
A-CND-0068v44,qwen2.5-coder,toke,136,299,A-CND,2
A-CND-0069v11,qwen2.5-coder,toke,170,403,A-CND,2
A-CND-0069v16,qwen2.5-coder,toke,91,156,A-CND,2
A-CND-0069v35,qwen2.5-coder,toke,170,394,A-CND,2
A-CND-0070v19,qwen2.5-coder,toke,172,404,A-CND,1
A-CND-0070v27,qwen2.5-coder,toke,148,346,A-CND,1
A-CND-0070v58,qwen2.5-coder,toke,138,337,A-CND,1
A-CND-0071v16,qwen2.5-coder,toke,39,91,A-CND,1
A-CND-0072v17,qwen2.5-coder,toke,116,233,A-CND,2
A-CND-0072v24,qwen2.5-coder,toke,205,401,A-CND,2
A-CND-0072v75,qwen2.5-coder,toke,118,215,A-CND,2
A-CND-0073v21,qwen2.5-coder,toke,64,147,A-CND,1
A-CND-0073v48,qwen2.5-coder,toke,108,233,A-CND,1
A-CND-0073v66,qwen2.5-coder,toke,67,148,A-CND,1
A-CND-0074v11,qwen2.5-coder,toke,121,253,A-CND,2
A-CND-0075v32,qwen2.5-coder,toke,84,155,A-CND,2
A-CND-0075v38,qwen2.5-coder,toke,163,426,A-CND,2
A-CND-0075v50,qwen2.5-coder,toke,158,420,A-CND,2
A-CND-0077v44,qwen2.5-coder,toke,162,278,A-CND,2
A-CND-0078v54,qwen2.5-coder,toke,194,497,A-CND,2
A-CND-0078v56,qwen2.5-coder,toke,73,149,A-CND,2
A-CND-0078v7,qwen2.5-coder,toke,88,180,A-CND,2
A-CND-0080v79,qwen2.5-coder,toke,133,269,A-CND,1
A-CND-0082v55,qwen2.5-coder,toke,92,194,A-CND,1
A-CND-0083v17,qwen2.5-coder,toke,46,88,A-CND,1
A-CND-0083v74,qwen2.5-coder,toke,101,244,A-CND,1
A-CND-0084v83,qwen2.5-coder,toke,69,136,A-CND,1
A-CND-0085v71,qwen2.5-coder,toke,87,190,A-CND,1
A-CND-0087v75,qwen2.5-coder,toke,140,315,A-CND,1
A-CND-0088v7,qwen2.5-coder,toke,115,261,A-CND,1
A-CND-0088v70,qwen2.5-coder,toke,46,92,A-CND,1
A-CND-0089v2,qwen2.5-coder,toke,88,174,A-CND,2
A-CND-0090v14,qwen2.5-coder,toke,60,113,A-CND,1
A-CND-0090v65,qwen2.5-coder,toke,110,246,A-CND,1
A-CND-0091v1,qwen2.5-coder,toke,107,204,A-CND,2
A-CND-0091v30,qwen2.5-coder,toke,85,188,A-CND,2
A-CND-0091v68,qwen2.5-coder,toke,67,168,A-CND,2
A-CND-0091v81,qwen2.5-coder,toke,133,311,A-CND,2
A-CND-0092v10,qwen2.5-coder,toke,90,213,A-CND,2
A-CND-0092v31,qwen2.5-coder,toke,94,229,A-CND,2
A-CND-0092v50,qwen2.5-coder,toke,119,288,A-CND,2
A-CND-0092v56,qwen2.5-coder,toke,118,287,A-CND,2
A-CND-0093v40,qwen2.5-coder,toke,77,150,A-CND,2
A-CND-0094v29,qwen2.5-coder,toke,100,197,A-CND,2
A-CND-0094v58,qwen2.5-coder,toke,39,75,A-CND,2
A-CND-0095v27,qwen2.5-coder,toke,76,178,A-CND,2
A-CND-0095v46,qwen2.5-coder,toke,125,268,A-CND,2
A-CND-0096v25,qwen2.5-coder,toke,106,151,A-CND,2
A-CND-0096v63,qwen2.5-coder,toke,100,160,A-CND,2
A-CND-0097v34,qwen2.5-coder,toke,56,123,A-CND,2
A-CND-0097v37,qwen2.5-coder,toke,63,113,A-CND,2
A-CND-0098v60,qwen2.5-coder,toke,222,453,A-CND,2
A-CND-0098v76,qwen2.5-coder,toke,207,442,A-CND,2
A-ERR-0003v19,qwen2.5-coder,toke,160,332,A-ERR,1
A-ERR-0003v85,qwen2.5-coder,toke,101,211,A-ERR,1
A-ERR-0004v57,qwen2.5-coder,toke,204,450,A-ERR,1
A-ERR-0005v24,qwen2.5-coder,toke,100,256,A-ERR,1
A-ERR-0007v72,qwen2.5-coder,toke,162,408,A-ERR,1
A-ERR-0009v55,qwen2.5-coder,toke,70,191,A-ERR,1
A-ERR-0009v64,qwen2.5-coder,toke,153,355,A-ERR,1
A-ERR-0010v24,qwen2.5-coder,toke,142,338,A-ERR,1
A-ERR-0010v25,qwen2.5-coder,toke,68,179,A-ERR,1
A-ERR-0011v18,qwen2.5-coder,toke,64,185,A-ERR,1
A-ERR-0011v35,qwen2.5-coder,toke,120,313,A-ERR,1
A-ERR-0012v52,qwen2.5-coder,toke,70,192,A-ERR,1
A-ERR-0013v77,qwen2.5-coder,toke,153,377,A-ERR,1
A-ERR-0014v15,qwen2.5-coder,toke,142,335,A-ERR,1
A-ERR-0014v55,qwen2.5-coder,toke,72,195,A-ERR,1
A-ERR-0015v74,qwen2.5-coder,toke,66,192,A-ERR,1
A-ERR-0018v10,qwen2.5-coder,toke,110,256,A-ERR,2
A-ERR-0018v29,qwen2.5-coder,toke,249,604,A-ERR,2
A-ERR-0018v59,qwen2.5-coder,toke,365,791,A-ERR,2
A-ERR-0018v77,qwen2.5-coder,toke,163,392,A-ERR,2
A-ERR-0019v37,qwen2.5-coder,toke,182,356,A-ERR,2
A-ERR-0020v67,qwen2.5-coder,toke,106,228,A-ERR,2
A-ERR-0020v86,qwen2.5-coder,toke,104,220,A-ERR,2
A-ERR-0021v48,qwen2.5-coder,toke,82,203,A-ERR,2
A-ERR-0022v50,qwen2.5-coder,toke,126,351,A-ERR,2
A-ERR-0022v62,qwen2.5-coder,toke,124,333,A-ERR,2
A-ERR-0022v65,qwen2.5-coder,toke,179,439,A-ERR,2
A-ERR-0023v71,qwen2.5-coder,toke,153,382,A-ERR,2
A-ERR-0024v57,qwen2.5-coder,toke,267,487,A-ERR,2
A-ERR-0024v63,qwen2.5-coder,toke,285,595,A-ERR,2
A-ERR-0025v29,qwen2.5-coder,toke,273,644,A-ERR,3
A-ERR-0025v68,qwen2.5-coder,toke,249,582,A-ERR,3
A-ERR-0026v83,qwen2.5-coder,toke,214,548,A-ERR,3
A-ERR-0028v31,qwen2.5-coder,toke,236,597,A-ERR,3
A-ERR-0028v62,qwen2.5-coder,toke,176,513,A-ERR,3
A-ERR-0028v76,qwen2.5-coder,toke,203,564,A-ERR,3
A-ERR-0030v55,qwen2.5-coder,toke,213,548,A-ERR,3
A-ERR-0030v64,qwen2.5-coder,toke,244,623,A-ERR,3
A-ERR-0030v83,qwen2.5-coder,toke,252,636,A-ERR,3
A-ERR-0031v44,qwen2.5-coder,toke,257,583,A-ERR,3
A-ERR-0033v23,qwen2.5-coder,toke,213,409,A-ERR,1
A-ERR-0034v81,qwen2.5-coder,toke,134,290,A-ERR,1
A-ERR-0036v44,qwen2.5-coder,toke,95,229,A-ERR,2
A-ERR-0036v48,qwen2.5-coder,toke,182,419,A-ERR,2
A-ERR-0036v76,qwen2.5-coder,toke,213,475,A-ERR,2
A-ERR-0038v13,qwen2.5-coder,toke,95,230,A-ERR,2
A-ERR-0038v66,qwen2.5-coder,toke,96,231,A-ERR,2
A-ERR-0039v39,qwen2.5-coder,toke,192,436,A-ERR,2
A-ERR-0039v44,qwen2.5-coder,toke,210,479,A-ERR,2
A-ERR-0041v13,qwen2.5-coder,toke,88,222,A-ERR,2
A-ERR-0041v27,qwen2.5-coder,toke,190,455,A-ERR,2
A-ERR-0041v28,qwen2.5-coder,toke,85,225,A-ERR,2
A-ERR-0041v62,qwen2.5-coder,toke,85,217,A-ERR,2
A-ERR-0041v7,qwen2.5-coder,toke,172,428,A-ERR,2
A-ERR-0041v81,qwen2.5-coder,toke,84,222,A-ERR,2
A-ERR-0041v83,qwen2.5-coder,toke,146,362,A-ERR,2
A-ERR-0042v25,qwen2.5-coder,toke,152,352,A-ERR,2
A-ERR-0042v68,qwen2.5-coder,toke,147,342,A-ERR,2
A-ERR-0042v83,qwen2.5-coder,toke,88,210,A-ERR,2
A-ERR-0043v15,qwen2.5-coder,toke,76,193,A-ERR,2
A-ERR-0043v57,qwen2.5-coder,toke,155,335,A-ERR,2
A-ERR-0044v5,qwen2.5-coder,toke,276,644,A-ERR,2
A-ERR-0044v65,qwen2.5-coder,toke,155,371,A-ERR,2
A-ERR-0045v30,qwen2.5-coder,toke,181,418,A-ERR,2
A-ERR-0045v41,qwen2.5-coder,toke,213,476,A-ERR,2
A-ERR-0045v58,qwen2.5-coder,toke,102,267,A-ERR,2
A-ERR-0045v7,qwen2.5-coder,toke,179,428,A-ERR,2
A-ERR-0046v33,qwen2.5-coder,toke,157,405,A-ERR,1
A-ERR-0046v51,qwen2.5-coder,toke,135,381,A-ERR,1
A-ERR-0046v72,qwen2.5-coder,toke,139,378,A-ERR,1
A-ERR-0047v1,qwen2.5-coder,toke,128,316,A-ERR,2
A-ERR-0047v86,qwen2.5-coder,toke,96,232,A-ERR,2
A-ERR-0048v11,qwen2.5-coder,toke,218,515,A-ERR,2
A-ERR-0048v22,qwen2.5-coder,toke,129,303,A-ERR,2
A-ERR-0049v15,qwen2.5-coder,toke,165,349,A-ERR,2
A-ERR-0049v39,qwen2.5-coder,toke,137,287,A-ERR,2
A-ERR-0050v3,qwen2.5-coder,toke,78,192,A-ERR,1
A-ERR-0050v9,qwen2.5-coder,toke,124,309,A-ERR,1
A-ERR-0052v69,qwen2.5-coder,toke,207,465,A-ERR,1
A-ERR-0053v50,qwen2.5-coder,toke,117,320,A-ERR,1
A-ERR-0053v72,qwen2.5-coder,toke,137,349,A-ERR,1
A-ERR-0053v87,qwen2.5-coder,toke,126,335,A-ERR,1
A-ERR-0054v35,qwen2.5-coder,toke,87,223,A-ERR,1
A-ERR-0054v46,qwen2.5-coder,toke,151,400,A-ERR,1
A-ERR-0055v48,qwen2.5-coder,toke,63,163,A-ERR,1
A-ERR-0055v53,qwen2.5-coder,toke,66,163,A-ERR,1
A-ERR-0056v44,qwen2.5-coder,toke,172,427,A-ERR,1
A-ERR-0057v27,qwen2.5-coder,toke,159,393,A-ERR,1
A-ERR-0059v14,qwen2.5-coder,toke,247,491,A-ERR,2
A-ERR-0059v20,qwen2.5-coder,toke,203,424,A-ERR,2
A-ERR-0059v55,qwen2.5-coder,toke,181,390,A-ERR,2
A-ERR-0060v18,qwen2.5-coder,toke,168,395,A-ERR,2
A-ERR-0061v48,qwen2.5-coder,toke,179,374,A-ERR,2
A-ERR-0062v22,qwen2.5-coder,toke,199,454,A-ERR,2
A-ERR-0062v52,qwen2.5-coder,toke,195,437,A-ERR,2
A-ERR-0064v3,qwen2.5-coder,toke,217,437,A-ERR,3
A-ERR-0065v18,qwen2.5-coder,toke,179,405,A-ERR,3
A-ERR-0065v3,qwen2.5-coder,toke,211,512,A-ERR,3
A-ERR-0066v31,qwen2.5-coder,toke,73,191,A-ERR,3
A-ERR-0067v62,qwen2.5-coder,toke,197,452,A-ERR,2
A-ERR-0069v49,qwen2.5-coder,toke,61,146,A-ERR,2
A-ERR-0071v56,qwen2.5-coder,toke,246,601,A-ERR,2
A-ERR-0074v22,qwen2.5-coder,toke,185,415,A-ERR,3
A-ERR-0074v23,qwen2.5-coder,toke,188,434,A-ERR,3
A-ERR-0074v36,qwen2.5-coder,toke,210,503,A-ERR,3
A-ERR-0074v49,qwen2.5-coder,toke,102,246,A-ERR,3
A-ERR-0076v10,qwen2.5-coder,toke,216,527,A-ERR,2
A-ERR-0076v45,qwen2.5-coder,toke,210,505,A-ERR,2
A-ERR-0076v86,qwen2.5-coder,toke,111,264,A-ERR,2
A-ERR-0077,qwen2.5-coder,toke,200,527,A-ERR,2
A-ERR-0077v30,qwen2.5-coder,toke,235,615,A-ERR,2
A-ERR-0078v10,qwen2.5-coder,toke,133,369,A-ERR,2
A-ERR-0078v11,qwen2.5-coder,toke,110,282,A-ERR,2
A-ERR-0078v33,qwen2.5-coder,toke,123,313,A-ERR,2
A-ERR-0079v81,qwen2.5-coder,toke,185,478,A-ERR,2
A-ERR-0080v37,qwen2.5-coder,toke,209,446,A-ERR,3
A-ERR-0081,qwen2.5-coder,toke,140,342,A-ERR,3
A-ERR-0081v17,qwen2.5-coder,toke,187,461,A-ERR,3
A-ERR-0082v61,qwen2.5-coder,toke,218,535,A-ERR,3
A-ERR-0083v25,qwen2.5-coder,toke,180,483,A-ERR,3
A-ERR-0084v15,qwen2.5-coder,toke,168,359,A-ERR,3
A-ERR-0085v2,qwen2.5-coder,toke,188,420,A-ERR,3
A-ERR-0086v55,qwen2.5-coder,toke,241,557,A-ERR,3
A-ERR-0088v75,qwen2.5-coder,toke,215,544,A-ERR,3
A-ERR-0089v26,qwen2.5-coder,toke,90,231,A-ERR,3
A-ERR-0089v40,qwen2.5-coder,toke,219,562,A-ERR,3
A-ERR-0091v33,qwen2.5-coder,toke,90,226,A-ERR,3
A-ERR-0092v26,qwen2.5-coder,toke,288,636,A-ERR,2
A-ERR-0092v4,qwen2.5-coder,toke,283,630,A-ERR,2
A-ERR-0093v7,qwen2.5-coder,toke,189,425,A-ERR,3
A-ERR-0094v31,qwen2.5-coder,toke,153,291,A-ERR,3
A-ERR-0095v19,qwen2.5-coder,toke,154,364,A-ERR,3
A-MTH-0001v3,qwen2.5-coder,toke,91,194,A-MTH,1
A-MTH-0002v3,qwen2.5-coder,toke,60,126,A-MTH,1
A-MTH-0005v54,qwen2.5-coder,toke,85,173,A-MTH,1
A-MTH-0005v69,qwen2.5-coder,toke,127,274,A-MTH,1
A-MTH-0010v43,qwen2.5-coder,toke,75,168,A-MTH,1
A-MTH-0010v60,qwen2.5-coder,toke,155,368,A-MTH,1
A-MTH-0011v8,qwen2.5-coder,toke,96,184,A-MTH,1
A-MTH-0017v11,qwen2.5-coder,toke,68,133,A-MTH,1
A-MTH-0019v4,qwen2.5-coder,toke,81,173,A-MTH,1
A-MTH-0019v7,qwen2.5-coder,toke,83,161,A-MTH,1
A-MTH-0020,qwen2.5-coder,toke,79,159,A-MTH,1
A-MTH-0023v36,qwen2.5-coder,toke,103,246,A-MTH,1
A-MTH-0024v26,qwen2.5-coder,toke,112,213,A-MTH,1
A-MTH-0024v44,qwen2.5-coder,toke,119,251,A-MTH,1
A-MTH-0025v43,qwen2.5-coder,toke,141,298,A-MTH,1
A-MTH-0025v67,qwen2.5-coder,toke,63,131,A-MTH,1
A-MTH-0026v48,qwen2.5-coder,toke,72,164,A-MTH,1
A-MTH-0027v65,qwen2.5-coder,toke,70,143,A-MTH,1
A-MTH-0029v28,qwen2.5-coder,toke,39,73,A-MTH,1
A-MTH-0032v15,qwen2.5-coder,toke,106,205,A-MTH,1
A-MTH-0032v35,qwen2.5-coder,toke,124,237,A-MTH,1
A-MTH-0036v17,qwen2.5-coder,toke,144,290,A-MTH,1
A-MTH-0037v44,qwen2.5-coder,toke,38,93,A-MTH,1
A-MTH-0038v7,qwen2.5-coder,toke,49,114,A-MTH,1
A-MTH-0039v35,qwen2.5-coder,toke,30,62,A-MTH,1
A-MTH-0040v23,qwen2.5-coder,toke,67,127,A-MTH,2
A-MTH-0041v24,qwen2.5-coder,toke,132,309,A-MTH,2
A-MTH-0042v15,qwen2.5-coder,toke,98,252,A-MTH,2
A-MTH-0043v24,qwen2.5-coder,toke,118,250,A-MTH,2
A-MTH-0043v65,qwen2.5-coder,toke,84,159,A-MTH,2
A-MTH-0044v57,qwen2.5-coder,toke,66,126,A-MTH,2
A-MTH-0045v25,qwen2.5-coder,toke,116,248,A-MTH,2
A-MTH-0045v29,qwen2.5-coder,toke,103,214,A-MTH,2
A-MTH-0046v2,qwen2.5-coder,toke,98,214,A-MTH,2
A-MTH-0046v35,qwen2.5-coder,toke,130,259,A-MTH,2
A-MTH-0047v12,qwen2.5-coder,toke,137,272,A-MTH,2
A-MTH-0047v44,qwen2.5-coder,toke,160,326,A-MTH,2
A-MTH-0047v51,qwen2.5-coder,toke,105,191,A-MTH,2
A-MTH-0048v65,qwen2.5-coder,toke,141,256,A-MTH,2
A-MTH-0050v55,qwen2.5-coder,toke,77,176,A-MTH,2
A-MTH-0051v15,qwen2.5-coder,toke,97,202,A-MTH,2
A-MTH-0054v59,qwen2.5-coder,toke,129,291,A-MTH,2
A-MTH-0055v1,qwen2.5-coder,toke,109,194,A-MTH,2
A-MTH-0055v14,qwen2.5-coder,toke,128,291,A-MTH,2
A-MTH-0055v56,qwen2.5-coder,toke,138,313,A-MTH,2
A-MTH-0055v65,qwen2.5-coder,toke,92,185,A-MTH,2
A-MTH-0056v7,qwen2.5-coder,toke,166,374,A-MTH,2
A-MTH-0058v24,qwen2.5-coder,toke,141,310,A-MTH,3
A-MTH-0058v36,qwen2.5-coder,toke,91,197,A-MTH,3
A-MTH-0058v47,qwen2.5-coder,toke,147,297,A-MTH,3
A-MTH-0058v61,qwen2.5-coder,toke,90,185,A-MTH,3
A-MTH-0059v15,qwen2.5-coder,toke,121,260,A-MTH,3
A-MTH-0059v43,qwen2.5-coder,toke,154,293,A-MTH,3
A-MTH-0060v48,qwen2.5-coder,toke,194,455,A-MTH,3
A-MTH-0060v49,qwen2.5-coder,toke,186,430,A-MTH,3
A-MTH-0061v1,qwen2.5-coder,toke,203,387,A-MTH,3
A-MTH-0063v25,qwen2.5-coder,toke,125,278,A-MTH,3
A-MTH-0063v67,qwen2.5-coder,toke,86,165,A-MTH,3
A-MTH-0063v9,qwen2.5-coder,toke,134,314,A-MTH,3
A-MTH-0064v4,qwen2.5-coder,toke,122,276,A-MTH,2
A-MTH-0065v26,qwen2.5-coder,toke,162,347,A-MTH,2
A-MTH-0065v38,qwen2.5-coder,toke,152,323,A-MTH,2
A-MTH-0065v9,qwen2.5-coder,toke,122,246,A-MTH,2
A-MTH-0066v21,qwen2.5-coder,toke,120,251,A-MTH,2
A-MTH-0066v40,qwen2.5-coder,toke,135,292,A-MTH,2
A-MTH-0067v15,qwen2.5-coder,toke,203,372,A-MTH,2
A-MTH-0067v41,qwen2.5-coder,toke,198,397,A-MTH,2
A-MTH-0068v54,qwen2.5-coder,toke,124,264,A-MTH,3
A-MTH-0069v17,qwen2.5-coder,toke,66,131,A-MTH,3
A-MTH-0069v64,qwen2.5-coder,toke,96,180,A-MTH,3
A-MTH-0071v44,qwen2.5-coder,toke,86,168,A-MTH,1
A-MTH-0072v25,qwen2.5-coder,toke,104,235,A-MTH,2
A-MTH-0074,qwen2.5-coder,toke,101,186,A-MTH,3
A-MTH-0074v27,qwen2.5-coder,toke,133,282,A-MTH,3
A-MTH-0074v32,qwen2.5-coder,toke,196,425,A-MTH,3
A-MTH-0074v42,qwen2.5-coder,toke,156,348,A-MTH,3
A-MTH-0074v63,qwen2.5-coder,toke,110,254,A-MTH,3
A-MTH-0077v25,qwen2.5-coder,toke,72,148,A-MTH,1
A-MTH-0077v41,qwen2.5-coder,toke,73,140,A-MTH,1
A-MTH-0078v58,qwen2.5-coder,toke,105,253,A-MTH,1
A-MTH-0079v45,qwen2.5-coder,toke,95,244,A-MTH,1
A-MTH-0080v10,qwen2.5-coder,toke,113,225,A-MTH,1
A-MTH-0081v17,qwen2.5-coder,toke,92,152,A-MTH,2
A-MTH-0084v13,qwen2.5-coder,toke,85,160,A-MTH,2
A-MTH-0085v14,qwen2.5-coder,toke,53,91,A-MTH,2
A-MTH-0085v35,qwen2.5-coder,toke,157,277,A-MTH,2
A-MTH-0087v37,qwen2.5-coder,toke,47,94,A-MTH,2
A-MTH-0088v41,qwen2.5-coder,toke,140,353,A-MTH,2
A-MTH-0089v34,qwen2.5-coder,toke,84,166,A-MTH,2
A-MTH-0089v4,qwen2.5-coder,toke,118,265,A-MTH,2
A-MTH-0090v45,qwen2.5-coder,toke,79,140,A-MTH,2
A-MTH-0091,qwen2.5-coder,toke,122,264,A-MTH,2
A-MTH-0091v23,qwen2.5-coder,toke,126,263,A-MTH,2
A-MTH-0091v46,qwen2.5-coder,toke,110,240,A-MTH,2
A-MTH-0094v29,qwen2.5-coder,toke,81,156,A-MTH,2
A-MTH-0094v39,qwen2.5-coder,toke,90,190,A-MTH,2
A-MTH-0095v9,qwen2.5-coder,toke,151,321,A-MTH,2
A-MTH-0097v38,qwen2.5-coder,toke,113,257,A-MTH,2
A-MTH-0097v56,qwen2.5-coder,toke,100,248,A-MTH,2
A-MTH-0097v9,qwen2.5-coder,toke,217,464,A-MTH,2
A-MTH-0098v31,qwen2.5-coder,toke,146,317,A-MTH,2
A-MTH-0099,qwen2.5-coder,toke,115,239,A-MTH,3
A-MTH-0101v4,qwen2.5-coder,toke,161,319,A-MTH,2
A-MTH-0102v68,qwen2.5-coder,toke,86,195,A-MTH,2
A-MTH-0103v13,qwen2.5-coder,toke,219,404,A-MTH,3
A-MTH-0103v54,qwen2.5-coder,toke,202,378,A-MTH,3
A-MTH-0103v59,qwen2.5-coder,toke,127,243,A-MTH,3
A-MTH-0103v6,qwen2.5-coder,toke,203,365,A-MTH,3
A-MTH-0103v67,qwen2.5-coder,toke,118,195,A-MTH,3
A-MTH-0104v37,qwen2.5-coder,toke,111,216,A-MTH,2
A-MTH-0104v49,qwen2.5-coder,toke,65,118,A-MTH,2
A-MTH-0104v9,qwen2.5-coder,toke,86,169,A-MTH,2
A-MTH-0105v14,qwen2.5-coder,toke,84,155,A-MTH,2
A-MTH-0106v33,qwen2.5-coder,toke,100,208,A-MTH,2
A-MTH-0108,qwen2.5-coder,toke,118,211,A-MTH,3
A-MTH-0108v22,qwen2.5-coder,toke,157,322,A-MTH,3
A-MTH-0108v23,qwen2.5-coder,toke,144,308,A-MTH,3
A-MTH-0108v29,qwen2.5-coder,toke,154,319,A-MTH,3
A-MTH-0108v34,qwen2.5-coder,toke,150,316,A-MTH,3
A-MTH-0109v43,qwen2.5-coder,toke,139,273,A-MTH,2
A-MTH-0110v35,qwen2.5-coder,toke,211,422,A-MTH,3
A-MTH-0110v62,qwen2.5-coder,toke,193,406,A-MTH,3
A-MTH-0115v42,qwen2.5-coder,toke,217,443,A-MTH,2
A-MTH-0115v49,qwen2.5-coder,toke,188,375,A-MTH,2
A-MTH-0115v61,qwen2.5-coder,toke,198,407,A-MTH,2
A-MTH-0116v26,qwen2.5-coder,toke,49,84,A-MTH,1
A-MTH-0116v44,qwen2.5-coder,toke,83,169,A-MTH,1
A-MTH-0119v8,qwen2.5-coder,toke,61,120,A-MTH,2
A-SRT-0001v10,qwen2.5-coder,toke,125,275,A-SRT,1
A-SRT-0001v24,qwen2.5-coder,toke,137,308,A-SRT,1
A-SRT-0001v44,qwen2.5-coder,toke,228,480,A-SRT,1
A-SRT-0001v51,qwen2.5-coder,toke,243,568,A-SRT,1
A-SRT-0001v66,qwen2.5-coder,toke,229,494,A-SRT,1
A-SRT-0002v62,qwen2.5-coder,toke,426,825,A-SRT,1
A-SRT-0002v78,qwen2.5-coder,toke,157,313,A-SRT,1
A-SRT-0003v7,qwen2.5-coder,toke,177,415,A-SRT,1
A-SRT-0004v10,qwen2.5-coder,toke,123,274,A-SRT,1
A-SRT-0007v38,qwen2.5-coder,toke,181,379,A-SRT,1
A-SRT-0007v39,qwen2.5-coder,toke,142,325,A-SRT,1
A-SRT-0007v41,qwen2.5-coder,toke,219,466,A-SRT,1
A-SRT-0008v25,qwen2.5-coder,toke,423,799,A-SRT,1
A-SRT-0008v72,qwen2.5-coder,toke,169,340,A-SRT,1
A-SRT-0009v20,qwen2.5-coder,toke,149,314,A-SRT,1
A-SRT-0009v35,qwen2.5-coder,toke,152,325,A-SRT,1
A-SRT-0009v68,qwen2.5-coder,toke,239,551,A-SRT,1
A-SRT-0010v17,qwen2.5-coder,toke,290,640,A-SRT,2
A-SRT-0010v43,qwen2.5-coder,toke,315,716,A-SRT,2
A-SRT-0010v65,qwen2.5-coder,toke,222,491,A-SRT,2
A-SRT-0011v24,qwen2.5-coder,toke,322,716,A-SRT,2
A-SRT-0013v52,qwen2.5-coder,toke,193,475,A-SRT,2
A-SRT-0014v82,qwen2.5-coder,toke,307,741,A-SRT,2
A-SRT-0015v21,qwen2.5-coder,toke,266,649,A-SRT,2
A-SRT-0015v56,qwen2.5-coder,toke,351,830,A-SRT,2
A-SRT-0017v20,qwen2.5-coder,toke,384,850,A-SRT,2
A-SRT-0017v25,qwen2.5-coder,toke,183,421,A-SRT,2
A-SRT-0017v36,qwen2.5-coder,toke,325,725,A-SRT,2
A-SRT-0017v52,qwen2.5-coder,toke,272,579,A-SRT,2
A-SRT-0017v62,qwen2.5-coder,toke,306,695,A-SRT,2
A-SRT-0018v29,qwen2.5-coder,toke,375,801,A-SRT,2
A-SRT-0019v76,qwen2.5-coder,toke,152,334,A-SRT,2
A-SRT-0020v26,qwen2.5-coder,toke,109,222,A-SRT,2
A-SRT-0021v48,qwen2.5-coder,toke,187,362,A-SRT,2
A-SRT-0022v31,qwen2.5-coder,toke,159,316,A-SRT,2
A-SRT-0022v37,qwen2.5-coder,toke,161,317,A-SRT,2
A-SRT-0022v60,qwen2.5-coder,toke,208,402,A-SRT,2
A-SRT-0024v26,qwen2.5-coder,toke,62,129,A-SRT,1
A-SRT-0024v56,qwen2.5-coder,toke,64,131,A-SRT,1
A-SRT-0025v34,qwen2.5-coder,toke,116,238,A-SRT,1
A-SRT-0026,qwen2.5-coder,toke,108,252,A-SRT,1
A-SRT-0026v34,qwen2.5-coder,toke,103,266,A-SRT,1
A-SRT-0026v35,qwen2.5-coder,toke,60,131,A-SRT,1
A-SRT-0026v50,qwen2.5-coder,toke,58,129,A-SRT,1
A-SRT-0026v63,qwen2.5-coder,toke,130,321,A-SRT,1
A-SRT-0027v28,qwen2.5-coder,toke,178,375,A-SRT,2
A-SRT-0027v46,qwen2.5-coder,toke,195,405,A-SRT,2
A-SRT-0029v34,qwen2.5-coder,toke,196,399,A-SRT,2
A-SRT-0030v35,qwen2.5-coder,toke,118,290,A-SRT,2
A-SRT-0032v31,qwen2.5-coder,toke,129,276,A-SRT,2
A-SRT-0032v56,qwen2.5-coder,toke,138,282,A-SRT,2
A-SRT-0035v49,qwen2.5-coder,toke,139,312,A-SRT,2
A-SRT-0035v69,qwen2.5-coder,toke,64,131,A-SRT,2
A-SRT-0038v47,qwen2.5-coder,toke,82,186,A-SRT,2
A-SRT-0038v64,qwen2.5-coder,toke,74,171,A-SRT,2
A-SRT-0039v16,qwen2.5-coder,toke,182,385,A-SRT,2
A-SRT-0039v53,qwen2.5-coder,toke,142,283,A-SRT,2
A-SRT-0040v25,qwen2.5-coder,toke,245,515,A-SRT,2
A-SRT-0041v25,qwen2.5-coder,toke,119,241,A-SRT,2
A-SRT-0041v82,qwen2.5-coder,toke,299,616,A-SRT,2
A-SRT-0042v70,qwen2.5-coder,toke,305,675,A-SRT,3
A-SRT-0043v30,qwen2.5-coder,toke,152,315,A-SRT,3
A-SRT-0043v46,qwen2.5-coder,toke,239,524,A-SRT,3
A-SRT-0044v35,qwen2.5-coder,toke,166,363,A-SRT,3
A-SRT-0044v50,qwen2.5-coder,toke,304,633,A-SRT,3
A-SRT-0044v78,qwen2.5-coder,toke,155,342,A-SRT,3
A-SRT-0045,qwen2.5-coder,toke,154,348,A-SRT,3
A-SRT-0047v60,qwen2.5-coder,toke,173,344,A-SRT,3
A-SRT-0049v76,qwen2.5-coder,toke,185,394,A-SRT,3
A-SRT-0050v19,qwen2.5-coder,toke,94,192,A-SRT,3
A-SRT-0050v28,qwen2.5-coder,toke,93,193,A-SRT,3
A-SRT-0050v63,qwen2.5-coder,toke,166,365,A-SRT,3
A-SRT-0051v53,qwen2.5-coder,toke,138,263,A-SRT,3
A-SRT-0053v21,qwen2.5-coder,toke,67,154,A-SRT,1
A-SRT-0053v75,qwen2.5-coder,toke,107,261,A-SRT,1
A-SRT-0054v30,qwen2.5-coder,toke,143,313,A-SRT,1
A-SRT-0054v67,qwen2.5-coder,toke,119,291,A-SRT,1
A-SRT-0055v66,qwen2.5-coder,toke,69,159,A-SRT,1
A-SRT-0056v19,qwen2.5-coder,toke,226,411,A-SRT,2
A-SRT-0056v53,qwen2.5-coder,toke,241,516,A-SRT,2
A-SRT-0056v63,qwen2.5-coder,toke,239,463,A-SRT,2
A-SRT-0056v72,qwen2.5-coder,toke,225,447,A-SRT,2
A-SRT-0058v42,qwen2.5-coder,toke,222,523,A-SRT,2
A-SRT-0058v58,qwen2.5-coder,toke,105,223,A-SRT,2
A-SRT-0060v9,qwen2.5-coder,toke,206,442,A-SRT,2
A-SRT-0061v63,qwen2.5-coder,toke,181,391,A-SRT,2
A-SRT-0062v32,qwen2.5-coder,toke,71,156,A-SRT,1
A-SRT-0062v66,qwen2.5-coder,toke,127,286,A-SRT,1
A-SRT-0062v7,qwen2.5-coder,toke,162,371,A-SRT,1
A-SRT-0063v61,qwen2.5-coder,toke,186,419,A-SRT,2
A-SRT-0063v75,qwen2.5-coder,toke,132,273,A-SRT,2
A-SRT-0064v5,qwen2.5-coder,toke,179,411,A-SRT,2
A-SRT-0065v13,qwen2.5-coder,toke,138,266,A-SRT,2
A-SRT-0065v8,qwen2.5-coder,toke,217,487,A-SRT,2
A-SRT-0066,qwen2.5-coder,toke,200,420,A-SRT,2
A-SRT-0066v30,qwen2.5-coder,toke,179,370,A-SRT,2
A-SRT-0067v63,qwen2.5-coder,toke,195,430,A-SRT,2
A-SRT-0068v81,qwen2.5-coder,toke,256,561,A-SRT,2
A-SRT-0069v74,qwen2.5-coder,toke,116,250,A-SRT,2
A-SRT-0070v24,qwen2.5-coder,toke,85,180,A-SRT,2
A-SRT-0071v54,qwen2.5-coder,toke,151,341,A-SRT,3
A-SRT-0072v16,qwen2.5-coder,toke,176,336,A-SRT,3
A-SRT-0075v2,qwen2.5-coder,toke,217,468,A-SRT,3
A-SRT-0075v40,qwen2.5-coder,toke,150,324,A-SRT,3
A-SRT-0076v63,qwen2.5-coder,toke,224,485,A-SRT,3
A-SRT-0077v24,qwen2.5-coder,toke,148,327,A-SRT,2
A-SRT-0077v4,qwen2.5-coder,toke,207,483,A-SRT,2
A-SRT-0079v4,qwen2.5-coder,toke,376,836,A-SRT,3
A-SRT-0079v50,qwen2.5-coder,toke,161,369,A-SRT,3
A-SRT-0079v51,qwen2.5-coder,toke,312,701,A-SRT,3
A-SRT-0080v9,qwen2.5-coder,toke,286,616,A-SRT,3
A-SRT-0081v35,qwen2.5-coder,toke,258,575,A-SRT,3
A-SRT-0082v40,qwen2.5-coder,toke,360,824,A-SRT,3
A-SRT-0083v16,qwen2.5-coder,toke,318,678,A-SRT,2
A-SRT-0083v31,qwen2.5-coder,toke,164,369,A-SRT,2
A-SRT-0085v14,qwen2.5-coder,toke,228,529,A-SRT,3
A-SRT-0086v38,qwen2.5-coder,toke,142,341,A-SRT,3
A-SRT-0089v11,qwen2.5-coder,toke,287,616,A-SRT,3
A-SRT-0089v54,qwen2.5-coder,toke,137,319,A-SRT,3
A-SRT-0091v37,qwen2.5-coder,toke,375,782,A-SRT,3
A-SRT-0091v5,qwen2.5-coder,toke,398,817,A-SRT,3
A-SRT-0094v13,qwen2.5-coder,toke,281,634,A-SRT,2
A-SRT-0094v14,qwen2.5-coder,toke,194,445,A-SRT,2
A-SRT-0096v17,qwen2.5-coder,toke,254,541,A-SRT,2
A-SRT-0096v32,qwen2.5-coder,toke,238,496,A-SRT,2
A-SRT-0096v73,qwen2.5-coder,toke,259,517,A-SRT,2
A-SRT-0097v20,qwen2.5-coder,toke,214,487,A-SRT,3
A-SRT-0098v16,qwen2.5-coder,toke,126,288,A-SRT,3
A-SRT-0098v76,qwen2.5-coder,toke,179,406,A-SRT,3
A-SRT-0099v51,qwen2.5-coder,toke,273,612,A-SRT,2
A-SRT-0099v80,qwen2.5-coder,toke,336,770,A-SRT,2
A-SRT-0100v57,qwen2.5-coder,toke,330,717,A-SRT,2
A-STR-0001,qwen2.5-coder,toke,66,151,A-STR,1
A-STR-0001v62,qwen2.5-coder,toke,123,259,A-STR,1
A-STR-0001v65,qwen2.5-coder,toke,29,70,A-STR,1
A-STR-0004v19,qwen2.5-coder,toke,55,110,A-STR,1
A-STR-0004v5,qwen2.5-coder,toke,31,65,A-STR,1
A-STR-0006v30,qwen2.5-coder,toke,56,148,A-STR,1
A-STR-0007v38,qwen2.5-coder,toke,97,234,A-STR,1
A-STR-0007v74,qwen2.5-coder,toke,102,252,A-STR,1
A-STR-0007v80,qwen2.5-coder,toke,55,123,A-STR,1
A-STR-0008v36,qwen2.5-coder,toke,57,148,A-STR,1
A-STR-0008v39,qwen2.5-coder,toke,114,258,A-STR,1
A-STR-0009v19,qwen2.5-coder,toke,77,199,A-STR,1
A-STR-0009v32,qwen2.5-coder,toke,93,240,A-STR,1
A-STR-0009v80,qwen2.5-coder,toke,36,97,A-STR,1
A-STR-0010v18,qwen2.5-coder,toke,79,220,A-STR,1
A-STR-0010v55,qwen2.5-coder,toke,154,393,A-STR,1
A-STR-0011v27,qwen2.5-coder,toke,138,344,A-STR,1
A-STR-0011v80,qwen2.5-coder,toke,68,208,A-STR,1
A-STR-0012v46,qwen2.5-coder,toke,31,70,A-STR,1
A-STR-0013v28,qwen2.5-coder,toke,90,218,A-STR,1
A-STR-0014v26,qwen2.5-coder,toke,172,426,A-STR,1
A-STR-0014v40,qwen2.5-coder,toke,98,249,A-STR,1
A-STR-0014v67,qwen2.5-coder,toke,186,442,A-STR,1
A-STR-0014v74,qwen2.5-coder,toke,155,356,A-STR,1
A-STR-0014v9,qwen2.5-coder,toke,123,287,A-STR,1
A-STR-0015v43,qwen2.5-coder,toke,114,277,A-STR,2
A-STR-0016v4,qwen2.5-coder,toke,146,400,A-STR,2
A-STR-0016v55,qwen2.5-coder,toke,175,469,A-STR,2
A-STR-0016v74,qwen2.5-coder,toke,113,273,A-STR,2
A-STR-0019v2,qwen2.5-coder,toke,84,217,A-STR,2
A-STR-0019v7,qwen2.5-coder,toke,141,356,A-STR,2
A-STR-0020v45,qwen2.5-coder,toke,84,178,A-STR,2
A-STR-0022v44,qwen2.5-coder,toke,169,465,A-STR,2
A-STR-0022v81,qwen2.5-coder,toke,97,286,A-STR,2
A-STR-0023v22,qwen2.5-coder,toke,164,377,A-STR,2
A-STR-0025v54,qwen2.5-coder,toke,61,152,A-STR,2
A-STR-0026v30,qwen2.5-coder,toke,138,373,A-STR,2
A-STR-0026v75,qwen2.5-coder,toke,105,276,A-STR,2
A-STR-0027v17,qwen2.5-coder,toke,141,355,A-STR,2
A-STR-0028v19,qwen2.5-coder,toke,149,385,A-STR,2
A-STR-0028v39,qwen2.5-coder,toke,134,322,A-STR,2
A-STR-0029v57,qwen2.5-coder,toke,69,159,A-STR,2
A-STR-0029v68,qwen2.5-coder,toke,91,230,A-STR,2
A-STR-0030v44,qwen2.5-coder,toke,100,243,A-STR,2
A-STR-0031v26,qwen2.5-coder,toke,217,427,A-STR,2
A-STR-0033v17,qwen2.5-coder,toke,62,148,A-STR,3
A-STR-0033v21,qwen2.5-coder,toke,123,355,A-STR,3
A-STR-0033v23,qwen2.5-coder,toke,61,160,A-STR,3
A-STR-0033v34,qwen2.5-coder,toke,84,252,A-STR,3
A-STR-0034v23,qwen2.5-coder,toke,184,431,A-STR,3
A-STR-0034v39,qwen2.5-coder,toke,211,480,A-STR,3
A-STR-0034v5,qwen2.5-coder,toke,286,739,A-STR,3
A-STR-0035v25,qwen2.5-coder,toke,156,402,A-STR,3
A-STR-0035v26,qwen2.5-coder,toke,193,460,A-STR,3
A-STR-0035v75,qwen2.5-coder,toke,179,413,A-STR,3
A-STR-0035v80,qwen2.5-coder,toke,149,383,A-STR,3
A-STR-0035v9,qwen2.5-coder,toke,113,276,A-STR,3
A-STR-0036v72,qwen2.5-coder,toke,163,357,A-STR,3
A-STR-0037v14,qwen2.5-coder,toke,205,494,A-STR,3
A-STR-0037v22,qwen2.5-coder,toke,153,354,A-STR,3
A-STR-0037v38,qwen2.5-coder,toke,217,552,A-STR,3
A-STR-0039v67,qwen2.5-coder,toke,81,214,A-STR,1
A-STR-0042v36,qwen2.5-coder,toke,45,115,A-STR,1
A-STR-0042v5,qwen2.5-coder,toke,92,261,A-STR,1
A-STR-0045v34,qwen2.5-coder,toke,110,234,A-STR,2
A-STR-0046v74,qwen2.5-coder,toke,169,457,A-STR,2
A-STR-0049v22,qwen2.5-coder,toke,156,378,A-STR,2
A-STR-0051v76,qwen2.5-coder,toke,115,301,A-STR,2
A-STR-0052v52,qwen2.5-coder,toke,95,245,A-STR,2
A-STR-0054v28,qwen2.5-coder,toke,89,219,A-STR,1
A-STR-0055v18,qwen2.5-coder,toke,80,210,A-STR,1
A-STR-0055v3,qwen2.5-coder,toke,87,198,A-STR,1
A-STR-0055v70,qwen2.5-coder,toke,155,379,A-STR,1
A-STR-0056v68,qwen2.5-coder,toke,152,421,A-STR,1
A-STR-0057v18,qwen2.5-coder,toke,129,318,A-STR,2
A-STR-0059v53,qwen2.5-coder,toke,105,279,A-STR,2
A-STR-0060v5,qwen2.5-coder,toke,110,301,A-STR,2
A-STR-0061v17,qwen2.5-coder,toke,119,323,A-STR,2
A-STR-0062v69,qwen2.5-coder,toke,143,379,A-STR,2
A-STR-0064v19,qwen2.5-coder,toke,72,187,A-STR,2
A-STR-0064v80,qwen2.5-coder,toke,71,177,A-STR,2
A-STR-0065v42,qwen2.5-coder,toke,122,329,A-STR,2
A-STR-0065v43,qwen2.5-coder,toke,118,355,A-STR,2
A-STR-0065v45,qwen2.5-coder,toke,100,265,A-STR,2
A-STR-0066v23,qwen2.5-coder,toke,179,448,A-STR,2
A-STR-0067v62,qwen2.5-coder,toke,129,308,A-STR,2
A-STR-0067v64,qwen2.5-coder,toke,125,310,A-STR,2
A-STR-0069v24,qwen2.5-coder,toke,141,350,A-STR,2
A-STR-0069v30,qwen2.5-coder,toke,180,418,A-STR,2
A-STR-0070v15,qwen2.5-coder,toke,232,552,A-STR,3
A-STR-0070v9,qwen2.5-coder,toke,330,688,A-STR,3
A-STR-0071v49,qwen2.5-coder,toke,138,299,A-STR,2
A-STR-0071v63,qwen2.5-coder,toke,125,260,A-STR,2
A-STR-0073v30,qwen2.5-coder,toke,130,286,A-STR,2
A-STR-0075v16,qwen2.5-coder,toke,139,365,A-STR,2
A-STR-0075v69,qwen2.5-coder,toke,86,212,A-STR,2
A-STR-0075v9,qwen2.5-coder,toke,125,365,A-STR,2
A-STR-0076v18,qwen2.5-coder,toke,126,292,A-STR,2
A-STR-0076v25,qwen2.5-coder,toke,197,502,A-STR,2
A-STR-0076v36,qwen2.5-coder,toke,141,298,A-STR,2
A-STR-0076v54,qwen2.5-coder,toke,180,497,A-STR,2
A-STR-0077v26,qwen2.5-coder,toke,157,405,A-STR,2
A-STR-0077v30,qwen2.5-coder,toke,151,373,A-STR,2
A-STR-0078v42,qwen2.5-coder,toke,152,355,A-STR,2
A-STR-0078v77,qwen2.5-coder,toke,150,372,A-STR,2
A-STR-0079v11,qwen2.5-coder,toke,88,221,A-STR,2
A-STR-0081v15,qwen2.5-coder,toke,127,350,A-STR,2
A-STR-0081v71,qwen2.5-coder,toke,136,339,A-STR,2
A-STR-0082v39,qwen2.5-coder,toke,132,326,A-STR,2
A-STR-0083v18,qwen2.5-coder,toke,134,329,A-STR,2
A-STR-0083v39,qwen2.5-coder,toke,136,337,A-STR,2
A-STR-0084v2,qwen2.5-coder,toke,176,448,A-STR,3
A-STR-0084v33,qwen2.5-coder,toke,137,331,A-STR,3
A-STR-0084v71,qwen2.5-coder,toke,159,390,A-STR,3
A-STR-0086v14,qwen2.5-coder,toke,95,279,A-STR,3
A-STR-0086v78,qwen2.5-coder,toke,136,384,A-STR,3
A-STR-0086v80,qwen2.5-coder,toke,92,264,A-STR,3
A-STR-0087v2,qwen2.5-coder,toke,180,468,A-STR,3
A-STR-0088v25,qwen2.5-coder,toke,251,647,A-STR,3
A-STR-0088v68,qwen2.5-coder,toke,236,603,A-STR,3
A-STR-0089v49,qwen2.5-coder,toke,52,142,A-STR,2
A-STR-0090v15,qwen2.5-coder,toke,148,353,A-STR,3
A-STR-0090v66,qwen2.5-coder,toke,199,467,A-STR,3
A-STR-0090v78,qwen2.5-coder,toke,154,350,A-STR,3
A-STR-0091v31,qwen2.5-coder,toke,305,663,A-STR,2
A-STR-0093v13,qwen2.5-coder,toke,374,758,A-STR,3
A-STR-0093v32,qwen2.5-coder,toke,272,621,A-STR,3
A-STR-0093v39,qwen2.5-coder,toke,325,758,A-STR,3
A-STR-0095v11,qwen2.5-coder,toke,111,304,A-STR,2
A-STR-0096v56,qwen2.5-coder,toke,121,321,A-STR,2
A-STR-0098v68,qwen2.5-coder,toke,81,190,A-STR,2
A-STR-0099v24,qwen2.5-coder,toke,38,90,A-STR,2
A-STR-0099v60,qwen2.5-coder,toke,45,115,A-STR,2
D-CFG-0001v21,qwen2.5-coder,toke,89,206,D-CFG,2
D-CFG-0001v224,qwen2.5-coder,toke,70,203,D-CFG,2
D-CFG-0001v315,qwen2.5-coder,toke,90,256,D-CFG,2
D-CFG-0001v327,qwen2.5-coder,toke,99,269,D-CFG,2
D-CFG-0002v111,qwen2.5-coder,toke,60,167,D-CFG,2
D-CFG-0002v171,qwen2.5-coder,toke,98,256,D-CFG,2
D-CFG-0002v60,qwen2.5-coder,toke,87,238,D-CFG,2
D-CFG-0003v13,qwen2.5-coder,toke,80,227,D-CFG,2
D-CFG-0003v183,qwen2.5-coder,toke,92,243,D-CFG,2
D-CFG-0003v185,qwen2.5-coder,toke,111,292,D-CFG,2
D-CFG-0003v191,qwen2.5-coder,toke,111,299,D-CFG,2
D-CFG-0003v200,qwen2.5-coder,toke,97,268,D-CFG,2
D-CFG-0003v217,qwen2.5-coder,toke,101,280,D-CFG,2
D-CFG-0003v243,qwen2.5-coder,toke,89,263,D-CFG,2
D-CFG-0003v47,qwen2.5-coder,toke,73,193,D-CFG,2
D-CFG-0004v130,qwen2.5-coder,toke,98,289,D-CFG,2
D-CFG-0004v150,qwen2.5-coder,toke,107,296,D-CFG,2
D-CFG-0004v189,qwen2.5-coder,toke,87,227,D-CFG,2
D-CFG-0004v35,qwen2.5-coder,toke,64,180,D-CFG,2
D-CFG-0004v351,qwen2.5-coder,toke,91,234,D-CFG,2
D-CFG-0004v40,qwen2.5-coder,toke,89,227,D-CFG,2
D-CFG-0004v74,qwen2.5-coder,toke,113,313,D-CFG,2
D-CFG-0005v126,qwen2.5-coder,toke,80,242,D-CFG,2
D-CFG-0005v139,qwen2.5-coder,toke,94,258,D-CFG,2
D-CFG-0005v145,qwen2.5-coder,toke,110,268,D-CFG,2
D-CFG-0005v170,qwen2.5-coder,toke,56,144,D-CFG,2
D-CFG-0005v295,qwen2.5-coder,toke,100,244,D-CFG,2
D-CFG-0005v306,qwen2.5-coder,toke,123,310,D-CFG,2
D-CFG-0005v324,qwen2.5-coder,toke,110,296,D-CFG,2
D-CFG-0006v14,qwen2.5-coder,toke,66,184,D-CFG,2
D-CFG-0007v17,qwen2.5-coder,toke,137,331,D-CFG,2
D-CFG-0007v317,qwen2.5-coder,toke,122,340,D-CFG,2
D-CFG-0007v341,qwen2.5-coder,toke,151,395,D-CFG,2
D-CFG-0007v49,qwen2.5-coder,toke,132,317,D-CFG,2
D-CFG-0007v56,qwen2.5-coder,toke,140,359,D-CFG,2
D-CFG-0007v99,qwen2.5-coder,toke,123,298,D-CFG,2
D-CFG-0008v132,qwen2.5-coder,toke,97,237,D-CFG,2
D-CFG-0008v229,qwen2.5-coder,toke,72,165,D-CFG,2
D-CFG-0008v239,qwen2.5-coder,toke,86,209,D-CFG,2
D-CFG-0008v242,qwen2.5-coder,toke,89,223,D-CFG,2
D-CFG-0008v275,qwen2.5-coder,toke,92,220,D-CFG,2
D-CFG-0008v342,qwen2.5-coder,toke,78,184,D-CFG,2
D-CFG-0008v85,qwen2.5-coder,toke,78,202,D-CFG,2
D-CFG-0008v96,qwen2.5-coder,toke,88,238,D-CFG,2
D-CFG-0009v127,qwen2.5-coder,toke,91,242,D-CFG,2
D-CFG-0009v163,qwen2.5-coder,toke,100,262,D-CFG,2
D-CFG-0009v19,qwen2.5-coder,toke,89,199,D-CFG,2
D-CFG-0009v207,qwen2.5-coder,toke,113,299,D-CFG,2
D-CFG-0009v235,qwen2.5-coder,toke,99,252,D-CFG,2
D-CFG-0009v257,qwen2.5-coder,toke,95,214,D-CFG,2
D-CFG-0009v278,qwen2.5-coder,toke,104,244,D-CFG,2
D-CFG-0009v305,qwen2.5-coder,toke,102,265,D-CFG,2
D-CFG-0009v60,qwen2.5-coder,toke,113,285,D-CFG,2
D-CFG-0010v107,qwen2.5-coder,toke,115,278,D-CFG,2
D-CFG-0010v165,qwen2.5-coder,toke,132,281,D-CFG,2
D-CFG-0010v180,qwen2.5-coder,toke,110,268,D-CFG,2
D-CFG-0010v252,qwen2.5-coder,toke,110,268,D-CFG,2
D-CFG-0010v264,qwen2.5-coder,toke,98,227,D-CFG,2
D-CFG-0010v32,qwen2.5-coder,toke,102,239,D-CFG,2
D-CFG-0010v342,qwen2.5-coder,toke,167,377,D-CFG,2
D-CFG-0010v79,qwen2.5-coder,toke,120,296,D-CFG,2
D-CFG-0011v228,qwen2.5-coder,toke,114,343,D-CFG,2
D-CFG-0011v243,qwen2.5-coder,toke,111,317,D-CFG,2
D-CFG-0011v341,qwen2.5-coder,toke,89,219,D-CFG,2
D-CFG-0012v18,qwen2.5-coder,toke,216,557,D-CFG,3
D-CFG-0012v212,qwen2.5-coder,toke,200,522,D-CFG,3
D-CFG-0012v243,qwen2.5-coder,toke,214,547,D-CFG,3
D-CFG-0013,qwen2.5-coder,toke,139,358,D-CFG,3
D-CFG-0013v135,qwen2.5-coder,toke,153,407,D-CFG,3
D-CFG-0013v14,qwen2.5-coder,toke,146,383,D-CFG,3
D-CFG-0013v155,qwen2.5-coder,toke,124,321,D-CFG,3
D-CFG-0013v157,qwen2.5-coder,toke,83,232,D-CFG,3
D-CFG-0013v235,qwen2.5-coder,toke,141,363,D-CFG,3
D-CFG-0013v237,qwen2.5-coder,toke,91,217,D-CFG,3
D-CFG-0013v283,qwen2.5-coder,toke,127,338,D-CFG,3
D-CFG-0013v296,qwen2.5-coder,toke,120,320,D-CFG,3
D-CFG-0013v348,qwen2.5-coder,toke,145,396,D-CFG,3
D-CFG-0013v350,qwen2.5-coder,toke,119,333,D-CFG,3
D-CFG-0013v69,qwen2.5-coder,toke,134,316,D-CFG,3
D-CFG-0014v127,qwen2.5-coder,toke,166,448,D-CFG,3
D-CFG-0014v145,qwen2.5-coder,toke,171,451,D-CFG,3
D-CFG-0014v195,qwen2.5-coder,toke,89,238,D-CFG,3
D-CFG-0014v203,qwen2.5-coder,toke,265,718,D-CFG,3
D-CFG-0014v86,qwen2.5-coder,toke,247,671,D-CFG,3
D-CFG-0015v118,qwen2.5-coder,toke,125,329,D-CFG,3
D-CFG-0015v202,qwen2.5-coder,toke,53,134,D-CFG,3
D-CFG-0015v214,qwen2.5-coder,toke,103,270,D-CFG,3
D-CFG-0015v224,qwen2.5-coder,toke,91,220,D-CFG,3
D-CFG-0015v233,qwen2.5-coder,toke,104,260,D-CFG,3
D-CFG-0015v248,qwen2.5-coder,toke,108,261,D-CFG,3
D-CFG-0015v275,qwen2.5-coder,toke,110,286,D-CFG,3
D-CFG-0015v298,qwen2.5-coder,toke,123,323,D-CFG,3
D-CFG-0015v324,qwen2.5-coder,toke,110,284,D-CFG,3
D-CFG-0016v137,qwen2.5-coder,toke,113,274,D-CFG,2
D-CFG-0016v176,qwen2.5-coder,toke,63,170,D-CFG,2
D-CFG-0016v215,qwen2.5-coder,toke,130,356,D-CFG,2
D-CFG-0016v232,qwen2.5-coder,toke,89,235,D-CFG,2
D-CFG-0016v313,qwen2.5-coder,toke,73,195,D-CFG,2
D-CFG-0016v349,qwen2.5-coder,toke,74,213,D-CFG,2
D-CFG-0017v166,qwen2.5-coder,toke,87,201,D-CFG,2
D-CFG-0017v201,qwen2.5-coder,toke,74,158,D-CFG,2
D-CFG-0017v324,qwen2.5-coder,toke,91,214,D-CFG,2
D-CFG-0017v35,qwen2.5-coder,toke,84,201,D-CFG,2
D-CFG-0017v47,qwen2.5-coder,toke,69,219,D-CFG,2
D-CFG-0018v113,qwen2.5-coder,toke,78,183,D-CFG,2
D-CFG-0018v129,qwen2.5-coder,toke,89,256,D-CFG,2
D-CFG-0018v200,qwen2.5-coder,toke,69,169,D-CFG,2
D-CFG-0019v120,qwen2.5-coder,toke,112,315,D-CFG,2
D-CFG-0019v150,qwen2.5-coder,toke,119,316,D-CFG,2
D-CFG-0019v153,qwen2.5-coder,toke,118,267,D-CFG,2
D-CFG-0019v260,qwen2.5-coder,toke,115,324,D-CFG,2
D-CFG-0019v305,qwen2.5-coder,toke,127,288,D-CFG,2
D-CFG-0019v7,qwen2.5-coder,toke,107,310,D-CFG,2
D-CLI-0001v178,qwen2.5-coder,toke,134,336,D-CLI,2
D-CLI-0001v225,qwen2.5-coder,toke,139,361,D-CLI,2
D-CLI-0001v264,qwen2.5-coder,toke,123,324,D-CLI,2
D-CLI-0001v30,qwen2.5-coder,toke,129,340,D-CLI,2
D-CLI-0001v37,qwen2.5-coder,toke,132,316,D-CLI,2
D-CLI-0001v89,qwen2.5-coder,toke,130,305,D-CLI,2
D-CLI-0002v10,qwen2.5-coder,toke,118,285,D-CLI,2
D-CLI-0002v175,qwen2.5-coder,toke,115,297,D-CLI,2
D-CLI-0002v46,qwen2.5-coder,toke,152,377,D-CLI,2
D-CLI-0002v49,qwen2.5-coder,toke,116,283,D-CLI,2
D-CLI-0002v64,qwen2.5-coder,toke,113,273,D-CLI,2
D-CLI-0002v88,qwen2.5-coder,toke,116,278,D-CLI,2
D-CLI-0003v153,qwen2.5-coder,toke,118,299,D-CLI,2
D-CLI-0003v161,qwen2.5-coder,toke,120,297,D-CLI,2
D-CLI-0003v216,qwen2.5-coder,toke,122,333,D-CLI,2
D-CLI-0003v46,qwen2.5-coder,toke,144,365,D-CLI,2
D-CLI-0003v6,qwen2.5-coder,toke,149,383,D-CLI,2
D-CLI-0003v65,qwen2.5-coder,toke,120,275,D-CLI,2
D-CLI-0004v171,qwen2.5-coder,toke,152,393,D-CLI,2
D-CLI-0004v244,qwen2.5-coder,toke,211,545,D-CLI,2
D-CLI-0004v93,qwen2.5-coder,toke,186,452,D-CLI,2
D-CLI-0005v210,qwen2.5-coder,toke,109,310,D-CLI,2
D-CLI-0005v224,qwen2.5-coder,toke,111,293,D-CLI,2
D-CLI-0005v260,qwen2.5-coder,toke,116,295,D-CLI,2
D-CLI-0005v285,qwen2.5-coder,toke,95,262,D-CLI,2
D-CLI-0006v1,qwen2.5-coder,toke,104,254,D-CLI,2
D-CLI-0006v106,qwen2.5-coder,toke,103,258,D-CLI,2
D-CLI-0006v224,qwen2.5-coder,toke,81,209,D-CLI,2
D-CLI-0006v285,qwen2.5-coder,toke,77,201,D-CLI,2
D-CLI-0006v62,qwen2.5-coder,toke,133,320,D-CLI,2
D-CLI-0006v83,qwen2.5-coder,toke,77,205,D-CLI,2
D-CLI-0007v133,qwen2.5-coder,toke,70,191,D-CLI,2
D-CLI-0007v180,qwen2.5-coder,toke,92,268,D-CLI,2
D-CLI-0007v192,qwen2.5-coder,toke,76,221,D-CLI,2
D-CLI-0007v246,qwen2.5-coder,toke,93,260,D-CLI,2
D-CLI-0007v266,qwen2.5-coder,toke,69,189,D-CLI,2
D-CLI-0007v276,qwen2.5-coder,toke,91,266,D-CLI,2
D-CLI-0007v43,qwen2.5-coder,toke,84,242,D-CLI,2
D-CLI-0007v8,qwen2.5-coder,toke,98,246,D-CLI,2
D-CLI-0008v246,qwen2.5-coder,toke,98,260,D-CLI,2
D-CLI-0008v62,qwen2.5-coder,toke,108,280,D-CLI,2
D-CLI-0009v135,qwen2.5-coder,toke,110,253,D-CLI,3
D-CLI-0009v157,qwen2.5-coder,toke,149,311,D-CLI,3
D-CLI-0009v227,qwen2.5-coder,toke,116,254,D-CLI,3
D-CLI-0009v31,qwen2.5-coder,toke,132,302,D-CLI,3
D-CLI-0009v92,qwen2.5-coder,toke,97,243,D-CLI,3
D-CLI-0010v127,qwen2.5-coder,toke,112,265,D-CLI,3
D-CLI-0010v153,qwen2.5-coder,toke,141,320,D-CLI,3
D-CLI-0010v209,qwen2.5-coder,toke,134,323,D-CLI,3
D-CLI-0010v24,qwen2.5-coder,toke,93,238,D-CLI,3
D-CLI-0011v217,qwen2.5-coder,toke,82,191,D-CLI,3
D-CLI-0011v74,qwen2.5-coder,toke,161,380,D-CLI,3
D-CLI-0012v190,qwen2.5-coder,toke,303,744,D-CLI,3
D-CLI-0012v203,qwen2.5-coder,toke,199,459,D-CLI,3
D-CLI-0012v24,qwen2.5-coder,toke,155,386,D-CLI,3
D-CLI-0013v253,qwen2.5-coder,toke,131,295,D-CLI,3
D-CLI-0013v267,qwen2.5-coder,toke,179,383,D-CLI,3
D-CLI-0013v38,qwen2.5-coder,toke,156,341,D-CLI,3
D-CLI-0013v68,qwen2.5-coder,toke,160,397,D-CLI,3
D-CLI-0014v22,qwen2.5-coder,toke,107,222,D-CLI,3
D-CLI-0014v223,qwen2.5-coder,toke,109,213,D-CLI,3
D-CLI-0015v116,qwen2.5-coder,toke,96,244,D-CLI,3
D-CLI-0015v135,qwen2.5-coder,toke,108,237,D-CLI,3
D-CLI-0015v206,qwen2.5-coder,toke,98,224,D-CLI,3
D-CLI-0015v41,qwen2.5-coder,toke,118,232,D-CLI,3
D-CLI-0015v47,qwen2.5-coder,toke,91,221,D-CLI,3
D-CLI-0015v84,qwen2.5-coder,toke,95,231,D-CLI,3
D-CLI-0016v117,qwen2.5-coder,toke,116,278,D-CLI,2
D-CLI-0016v145,qwen2.5-coder,toke,71,159,D-CLI,2
D-CLI-0016v162,qwen2.5-coder,toke,71,167,D-CLI,2
D-CLI-0016v243,qwen2.5-coder,toke,47,111,D-CLI,2
D-CLI-0016v264,qwen2.5-coder,toke,69,166,D-CLI,2
D-CLI-0017v105,qwen2.5-coder,toke,85,211,D-CLI,2
D-CLI-0017v172,qwen2.5-coder,toke,66,171,D-CLI,2
D-CLI-0017v5,qwen2.5-coder,toke,30,64,D-CLI,2
D-CLI-0018,qwen2.5-coder,toke,55,135,D-CLI,2
D-CLI-0018v242,qwen2.5-coder,toke,68,161,D-CLI,2
D-CLI-0018v25,qwen2.5-coder,toke,75,191,D-CLI,2
D-CLI-0018v74,qwen2.5-coder,toke,65,172,D-CLI,2
D-CLI-0018v96,qwen2.5-coder,toke,62,165,D-CLI,2
D-CLI-0019v182,qwen2.5-coder,toke,123,309,D-CLI,2
D-CLI-0019v193,qwen2.5-coder,toke,132,327,D-CLI,2
D-CLI-0019v241,qwen2.5-coder,toke,175,441,D-CLI,2
D-CLI-0019v261,qwen2.5-coder,toke,138,338,D-CLI,2
D-CLI-0019v72,qwen2.5-coder,toke,140,368,D-CLI,2
D-CLI-0019v85,qwen2.5-coder,toke,181,474,D-CLI,2
D-CLI-0019v86,qwen2.5-coder,toke,124,313,D-CLI,2
D-CLI-0019v9,qwen2.5-coder,toke,139,330,D-CLI,2
D-CLI-0019v93,qwen2.5-coder,toke,151,382,D-CLI,2
D-CLI-0020v115,qwen2.5-coder,toke,76,174,D-CLI,1
D-CLI-0021v119,qwen2.5-coder,toke,73,182,D-CLI,1
D-CLI-0021v129,qwen2.5-coder,toke,79,191,D-CLI,1
D-CLI-0021v148,qwen2.5-coder,toke,85,208,D-CLI,1
D-CLI-0021v151,qwen2.5-coder,toke,72,186,D-CLI,1
D-CLI-0021v178,qwen2.5-coder,toke,74,171,D-CLI,1
D-CLI-0021v182,qwen2.5-coder,toke,77,174,D-CLI,1
D-CLI-0021v200,qwen2.5-coder,toke,66,149,D-CLI,1
D-CLI-0021v264,qwen2.5-coder,toke,76,202,D-CLI,1
D-CLI-0021v285,qwen2.5-coder,toke,79,204,D-CLI,1
D-CLI-0021v72,qwen2.5-coder,toke,43,100,D-CLI,1
D-CLI-0021v77,qwen2.5-coder,toke,73,188,D-CLI,1
D-CLI-0022v1,qwen2.5-coder,toke,91,211,D-CLI,1
D-CLI-0022v140,qwen2.5-coder,toke,125,320,D-CLI,1
D-CLI-0022v188,qwen2.5-coder,toke,128,301,D-CLI,1
D-CLI-0022v195,qwen2.5-coder,toke,113,268,D-CLI,1
D-CLI-0022v241,qwen2.5-coder,toke,114,269,D-CLI,1
D-CLI-0022v261,qwen2.5-coder,toke,108,269,D-CLI,1
D-CLI-0022v66,qwen2.5-coder,toke,91,209,D-CLI,1
D-CLI-0022v91,qwen2.5-coder,toke,119,317,D-CLI,1
D-CLI-0023v13,qwen2.5-coder,toke,64,196,D-CLI,1
D-CLI-0023v171,qwen2.5-coder,toke,67,209,D-CLI,1
D-CLI-0023v210,qwen2.5-coder,toke,72,201,D-CLI,1
D-CLI-0023v27,qwen2.5-coder,toke,64,161,D-CLI,1
D-CLI-0023v272,qwen2.5-coder,toke,58,177,D-CLI,1
D-CLI-0023v45,qwen2.5-coder,toke,58,176,D-CLI,1
D-CLI-0023v49,qwen2.5-coder,toke,63,171,D-CLI,1
D-CLI-0024v104,qwen2.5-coder,toke,60,141,D-CLI,1
D-CLI-0024v127,qwen2.5-coder,toke,57,135,D-CLI,1
D-CLI-0024v128,qwen2.5-coder,toke,61,131,D-CLI,1
D-CLI-0024v170,qwen2.5-coder,toke,65,151,D-CLI,1
D-CLI-0024v198,qwen2.5-coder,toke,57,151,D-CLI,1
D-CLI-0024v228,qwen2.5-coder,toke,70,173,D-CLI,1
D-CRY-0001v103,qwen2.5-coder,toke,115,273,D-CRY,2
D-CRY-0001v149,qwen2.5-coder,toke,108,237,D-CRY,2
D-CRY-0001v181,qwen2.5-coder,toke,242,458,D-CRY,2
D-CRY-0001v184,qwen2.5-coder,toke,258,491,D-CRY,2
D-CRY-0001v225,qwen2.5-coder,toke,244,469,D-CRY,2
D-CRY-0001v231,qwen2.5-coder,toke,174,340,D-CRY,2
D-CRY-0001v71,qwen2.5-coder,toke,141,326,D-CRY,2
D-CRY-0002v249,qwen2.5-coder,toke,182,318,D-CRY,2
D-CRY-0002v95,qwen2.5-coder,toke,119,223,D-CRY,2
D-CRY-0003v104,qwen2.5-coder,toke,176,378,D-CRY,2
D-CRY-0003v22,qwen2.5-coder,toke,165,278,D-CRY,2
D-CRY-0003v243,qwen2.5-coder,toke,113,274,D-CRY,2
D-CRY-0003v261,qwen2.5-coder,toke,144,347,D-CRY,2
D-CRY-0003v35,qwen2.5-coder,toke,177,305,D-CRY,2
D-CRY-0003v79,qwen2.5-coder,toke,101,240,D-CRY,2
D-CRY-0003v87,qwen2.5-coder,toke,82,209,D-CRY,2
D-CRY-0003v95,qwen2.5-coder,toke,155,272,D-CRY,2
D-CRY-0004v128,qwen2.5-coder,toke,68,197,D-CRY,2
D-CRY-0004v139,qwen2.5-coder,toke,173,418,D-CRY,2
D-CRY-0004v187,qwen2.5-coder,toke,155,379,D-CRY,2
D-CRY-0004v196,qwen2.5-coder,toke,109,237,D-CRY,2
D-CRY-0004v61,qwen2.5-coder,toke,180,381,D-CRY,2
D-CRY-0004v62,qwen2.5-coder,toke,89,189,D-CRY,2
D-CRY-0004v65,qwen2.5-coder,toke,86,233,D-CRY,2
D-CRY-0005v101,qwen2.5-coder,toke,148,309,D-CRY,2
D-CRY-0005v181,qwen2.5-coder,toke,90,186,D-CRY,2
D-CRY-0005v227,qwen2.5-coder,toke,108,276,D-CRY,2
D-CRY-0005v239,qwen2.5-coder,toke,106,224,D-CRY,2
D-CRY-0005v261,qwen2.5-coder,toke,82,161,D-CRY,2
D-CRY-0005v88,qwen2.5-coder,toke,87,177,D-CRY,2
D-CRY-0005v99,qwen2.5-coder,toke,172,394,D-CRY,2
D-CRY-0006v176,qwen2.5-coder,toke,147,366,D-CRY,2
D-CRY-0006v223,qwen2.5-coder,toke,212,522,D-CRY,2
D-CRY-0006v233,qwen2.5-coder,toke,157,346,D-CRY,2
D-CRY-0006v258,qwen2.5-coder,toke,110,261,D-CRY,2
D-CRY-0006v276,qwen2.5-coder,toke,148,294,D-CRY,2
D-CRY-0006v39,qwen2.5-coder,toke,93,205,D-CRY,2
D-CRY-0006v76,qwen2.5-coder,toke,128,253,D-CRY,2
D-CRY-0007v108,qwen2.5-coder,toke,135,291,D-CRY,2
D-CRY-0007v279,qwen2.5-coder,toke,119,295,D-CRY,2
D-CRY-0008v115,qwen2.5-coder,toke,156,361,D-CRY,2
D-CRY-0008v147,qwen2.5-coder,toke,165,367,D-CRY,2
D-CRY-0008v241,qwen2.5-coder,toke,123,224,D-CRY,2
D-CRY-0008v250,qwen2.5-coder,toke,158,355,D-CRY,2
D-CRY-0009v111,qwen2.5-coder,toke,110,211,D-CRY,2
D-CRY-0009v129,qwen2.5-coder,toke,114,207,D-CRY,2
D-CRY-0009v145,qwen2.5-coder,toke,113,190,D-CRY,2
D-CRY-0009v18,qwen2.5-coder,toke,110,207,D-CRY,2
D-CRY-0009v275,qwen2.5-coder,toke,127,236,D-CRY,2
D-CRY-0009v89,qwen2.5-coder,toke,109,183,D-CRY,2
D-CRY-0009v90,qwen2.5-coder,toke,109,226,D-CRY,2
D-CRY-0010v126,qwen2.5-coder,toke,85,205,D-CRY,2
D-CRY-0010v157,qwen2.5-coder,toke,72,161,D-CRY,2
D-CRY-0010v182,qwen2.5-coder,toke,110,255,D-CRY,2
D-CRY-0010v189,qwen2.5-coder,toke,83,154,D-CRY,2
D-CRY-0010v229,qwen2.5-coder,toke,77,175,D-CRY,2
D-CRY-0010v64,qwen2.5-coder,toke,76,179,D-CRY,2
D-CRY-0011v101,qwen2.5-coder,toke,92,255,D-CRY,2
D-CRY-0011v155,qwen2.5-coder,toke,102,235,D-CRY,2
D-CRY-0011v176,qwen2.5-coder,toke,131,340,D-CRY,2
D-CRY-0011v255,qwen2.5-coder,toke,96,284,D-CRY,2
D-CRY-0011v52,qwen2.5-coder,toke,114,338,D-CRY,2
D-CRY-0011v79,qwen2.5-coder,toke,91,243,D-CRY,2
D-CRY-0012v189,qwen2.5-coder,toke,90,177,D-CRY,2
D-CRY-0012v20,qwen2.5-coder,toke,126,329,D-CRY,2
D-CRY-0012v209,qwen2.5-coder,toke,110,300,D-CRY,2
D-CRY-0012v211,qwen2.5-coder,toke,131,367,D-CRY,2
D-CRY-0012v234,qwen2.5-coder,toke,95,232,D-CRY,2
D-CRY-0012v269,qwen2.5-coder,toke,89,182,D-CRY,2
D-CRY-0012v282,qwen2.5-coder,toke,104,220,D-CRY,2
D-CRY-0012v45,qwen2.5-coder,toke,87,167,D-CRY,2
D-CRY-0012v98,qwen2.5-coder,toke,99,206,D-CRY,2
D-CRY-0013v101,qwen2.5-coder,toke,94,232,D-CRY,2
D-CRY-0013v116,qwen2.5-coder,toke,130,339,D-CRY,2
D-CRY-0013v128,qwen2.5-coder,toke,102,213,D-CRY,2
D-CRY-0013v190,qwen2.5-coder,toke,94,253,D-CRY,2
D-CRY-0013v248,qwen2.5-coder,toke,95,266,D-CRY,2
D-CRY-0013v265,qwen2.5-coder,toke,97,195,D-CRY,2
D-CRY-0013v59,qwen2.5-coder,toke,96,248,D-CRY,2
D-CRY-0013v85,qwen2.5-coder,toke,89,173,D-CRY,2
D-CRY-0014v105,qwen2.5-coder,toke,137,273,D-CRY,3
D-CRY-0014v117,qwen2.5-coder,toke,91,251,D-CRY,3
D-CRY-0014v146,qwen2.5-coder,toke,142,279,D-CRY,3
D-CRY-0014v187,qwen2.5-coder,toke,99,279,D-CRY,3
D-CRY-0014v47,qwen2.5-coder,toke,115,307,D-CRY,3
D-CRY-0014v60,qwen2.5-coder,toke,101,261,D-CRY,3
D-CRY-0014v94,qwen2.5-coder,toke,133,263,D-CRY,3
D-CRY-0015v108,qwen2.5-coder,toke,143,281,D-CRY,3
D-CRY-0015v202,qwen2.5-coder,toke,140,273,D-CRY,3
D-CRY-0015v213,qwen2.5-coder,toke,130,323,D-CRY,3
D-CRY-0015v243,qwen2.5-coder,toke,103,273,D-CRY,3
D-CRY-0015v245,qwen2.5-coder,toke,104,270,D-CRY,3
D-CRY-0015v35,qwen2.5-coder,toke,100,262,D-CRY,3
D-CRY-0015v62,qwen2.5-coder,toke,168,356,D-CRY,3
D-CRY-0016v16,qwen2.5-coder,toke,100,199,D-CRY,3
D-CRY-0016v183,qwen2.5-coder,toke,100,209,D-CRY,3
D-CRY-0016v200,qwen2.5-coder,toke,104,205,D-CRY,3
D-CRY-0016v212,qwen2.5-coder,toke,113,248,D-CRY,3
D-CRY-0016v264,qwen2.5-coder,toke,105,187,D-CRY,3
D-CRY-0016v278,qwen2.5-coder,toke,108,181,D-CRY,3
D-CRY-0016v53,qwen2.5-coder,toke,106,216,D-CRY,3
D-CRY-0016v6,qwen2.5-coder,toke,101,190,D-CRY,3
D-CRY-0017v104,qwen2.5-coder,toke,91,194,D-CRY,3
D-CRY-0017v135,qwen2.5-coder,toke,91,204,D-CRY,3
D-CRY-0017v78,qwen2.5-coder,toke,99,214,D-CRY,3
D-CRY-0017v95,qwen2.5-coder,toke,106,234,D-CRY,3
D-CRY-0018v112,qwen2.5-coder,toke,100,195,D-CRY,3
D-CRY-0018v197,qwen2.5-coder,toke,109,209,D-CRY,3
D-CRY-0018v249,qwen2.5-coder,toke,148,260,D-CRY,3
D-CRY-0018v42,qwen2.5-coder,toke,140,264,D-CRY,3
D-CRY-0019v10,qwen2.5-coder,toke,124,243,D-CRY,3
D-CRY-0019v121,qwen2.5-coder,toke,133,220,D-CRY,3
D-CRY-0019v246,qwen2.5-coder,toke,123,267,D-CRY,3
D-CRY-0020v180,qwen2.5-coder,toke,110,196,D-CRY,3
D-CRY-0020v214,qwen2.5-coder,toke,160,294,D-CRY,3
D-CRY-0021v116,qwen2.5-coder,toke,107,245,D-CRY,3
D-CRY-0021v51,qwen2.5-coder,toke,110,198,D-CRY,3
D-CRY-0021v86,qwen2.5-coder,toke,88,188,D-CRY,3
D-CRY-0022v105,qwen2.5-coder,toke,92,187,D-CRY,3
D-CRY-0022v138,qwen2.5-coder,toke,119,247,D-CRY,3
D-CRY-0022v244,qwen2.5-coder,toke,122,222,D-CRY,3
D-CRY-0022v99,qwen2.5-coder,toke,94,221,D-CRY,3
D-CRY-0023v39,qwen2.5-coder,toke,112,252,D-CRY,3
D-CRY-0023v76,qwen2.5-coder,toke,123,294,D-CRY,3
D-CRY-0023v99,qwen2.5-coder,toke,114,266,D-CRY,3
D-CRY-0024v180,qwen2.5-coder,toke,110,272,D-CRY,3
D-CRY-0024v250,qwen2.5-coder,toke,139,315,D-CRY,3
D-CRY-0024v283,qwen2.5-coder,toke,110,201,D-CRY,3
D-DAT-0001v181,qwen2.5-coder,toke,76,225,D-DAT,2
D-DAT-0001v204,qwen2.5-coder,toke,78,182,D-DAT,2
D-DAT-0001v231,qwen2.5-coder,toke,72,164,D-DAT,2
D-DAT-0001v99,qwen2.5-coder,toke,92,212,D-DAT,2
D-DAT-0002v113,qwen2.5-coder,toke,93,235,D-DAT,2
D-DAT-0002v139,qwen2.5-coder,toke,105,284,D-DAT,2
D-DAT-0002v149,qwen2.5-coder,toke,64,162,D-DAT,2
D-DAT-0002v220,qwen2.5-coder,toke,93,228,D-DAT,2
D-DAT-0002v239,qwen2.5-coder,toke,69,188,D-DAT,2
D-DAT-0002v260,qwen2.5-coder,toke,119,309,D-DAT,2
D-DAT-0002v57,qwen2.5-coder,toke,80,200,D-DAT,2
D-DAT-0002v68,qwen2.5-coder,toke,97,259,D-DAT,2
D-DAT-0003v116,qwen2.5-coder,toke,121,281,D-DAT,2
D-DAT-0003v120,qwen2.5-coder,toke,129,313,D-DAT,2
D-DAT-0003v132,qwen2.5-coder,toke,112,249,D-DAT,2
D-DAT-0003v166,qwen2.5-coder,toke,173,432,D-DAT,2
D-DAT-0003v260,qwen2.5-coder,toke,132,353,D-DAT,2
D-DAT-0003v44,qwen2.5-coder,toke,125,281,D-DAT,2
D-DAT-0003v91,qwen2.5-coder,toke,99,260,D-DAT,2
D-DAT-0004v1,qwen2.5-coder,toke,122,290,D-DAT,2
D-DAT-0004v110,qwen2.5-coder,toke,186,484,D-DAT,2
D-DAT-0004v192,qwen2.5-coder,toke,199,531,D-DAT,2
D-DAT-0004v211,qwen2.5-coder,toke,115,288,D-DAT,2
D-DAT-0004v217,qwen2.5-coder,toke,113,266,D-DAT,2
D-DAT-0004v227,qwen2.5-coder,toke,207,545,D-DAT,2
D-DAT-0004v88,qwen2.5-coder,toke,205,550,D-DAT,2
D-DAT-0005v117,qwen2.5-coder,toke,100,231,D-DAT,2
D-DAT-0005v146,qwen2.5-coder,toke,118,254,D-DAT,2
D-DAT-0005v155,qwen2.5-coder,toke,96,186,D-DAT,2
D-DAT-0005v184,qwen2.5-coder,toke,102,265,D-DAT,2
D-DAT-0005v228,qwen2.5-coder,toke,107,217,D-DAT,2
D-DAT-0005v237,qwen2.5-coder,toke,98,188,D-DAT,2
D-DAT-0005v44,qwen2.5-coder,toke,104,206,D-DAT,2
D-DAT-0005v53,qwen2.5-coder,toke,95,180,D-DAT,2
D-DAT-0006v103,qwen2.5-coder,toke,116,231,D-DAT,2
D-DAT-0006v225,qwen2.5-coder,toke,113,208,D-DAT,2
D-DAT-0006v242,qwen2.5-coder,toke,118,264,D-DAT,2
D-DAT-0006v255,qwen2.5-coder,toke,119,271,D-DAT,2
D-DAT-0007v175,qwen2.5-coder,toke,196,450,D-DAT,2
D-DAT-0007v232,qwen2.5-coder,toke,144,301,D-DAT,2
D-DAT-0007v233,qwen2.5-coder,toke,129,236,D-DAT,2
D-DAT-0007v37,qwen2.5-coder,toke,143,312,D-DAT,2
D-DAT-0008v127,qwen2.5-coder,toke,142,290,D-DAT,2
D-DAT-0008v14,qwen2.5-coder,toke,143,266,D-DAT,2
D-DAT-0008v243,qwen2.5-coder,toke,152,317,D-DAT,2
D-DAT-0008v258,qwen2.5-coder,toke,138,308,D-DAT,2
D-DAT-0008v39,qwen2.5-coder,toke,129,250,D-DAT,2
D-DAT-0009v175,qwen2.5-coder,toke,110,302,D-DAT,2
D-DAT-0009v221,qwen2.5-coder,toke,109,299,D-DAT,2
D-DAT-0009v235,qwen2.5-coder,toke,101,189,D-DAT,2
D-DAT-0009v263,qwen2.5-coder,toke,100,200,D-DAT,2
D-DAT-0009v52,qwen2.5-coder,toke,143,401,D-DAT,2
D-DAT-0009v62,qwen2.5-coder,toke,165,405,D-DAT,2
D-DAT-0010v170,qwen2.5-coder,toke,216,475,D-DAT,3
D-DAT-0010v223,qwen2.5-coder,toke,186,433,D-DAT,3
D-DAT-0010v43,qwen2.5-coder,toke,108,211,D-DAT,3
D-DAT-0011v131,qwen2.5-coder,toke,104,219,D-DAT,3
D-DAT-0011v160,qwen2.5-coder,toke,100,219,D-DAT,3
D-DAT-0011v177,qwen2.5-coder,toke,188,498,D-DAT,3
D-DAT-0011v3,qwen2.5-coder,toke,195,469,D-DAT,3
D-DAT-0011v37,qwen2.5-coder,toke,177,444,D-DAT,3
D-DAT-0012v134,qwen2.5-coder,toke,173,395,D-DAT,3
D-DAT-0012v3,qwen2.5-coder,toke,99,203,D-DAT,3
D-DAT-0012v80,qwen2.5-coder,toke,98,192,D-DAT,3
D-DAT-0013v129,qwen2.5-coder,toke,106,218,D-DAT,3
D-DAT-0013v143,qwen2.5-coder,toke,179,414,D-DAT,3
D-DAT-0013v264,qwen2.5-coder,toke,103,209,D-DAT,3
D-DAT-0013v48,qwen2.5-coder,toke,157,377,D-DAT,3
D-DAT-0014v116,qwen2.5-coder,toke,122,279,D-DAT,3
D-DAT-0014v175,qwen2.5-coder,toke,211,536,D-DAT,3
D-DAT-0014v245,qwen2.5-coder,toke,190,461,D-DAT,3
D-DAT-0014v261,qwen2.5-coder,toke,112,246,D-DAT,3
D-DAT-0014v46,qwen2.5-coder,toke,112,233,D-DAT,3
D-DAT-0015v100,qwen2.5-coder,toke,201,558,D-DAT,3
D-DAT-0015v127,qwen2.5-coder,toke,133,311,D-DAT,3
D-DAT-0015v81,qwen2.5-coder,toke,140,308,D-DAT,3
D-DAT-0016v201,qwen2.5-coder,toke,85,217,D-DAT,3
D-DAT-0016v21,qwen2.5-coder,toke,91,231,D-DAT,3
D-DAT-0016v65,qwen2.5-coder,toke,84,212,D-DAT,3
D-DAT-0017v109,qwen2.5-coder,toke,86,198,D-DAT,3
D-DAT-0017v26,qwen2.5-coder,toke,110,261,D-DAT,3
D-DAT-0018v149,qwen2.5-coder,toke,94,199,D-DAT,3
D-DAT-0018v212,qwen2.5-coder,toke,93,213,D-DAT,3
D-DAT-0018v236,qwen2.5-coder,toke,96,209,D-DAT,3
D-DAT-0018v253,qwen2.5-coder,toke,104,215,D-DAT,3
D-DAT-0019v148,qwen2.5-coder,toke,209,506,D-DAT,3
D-DAT-0019v151,qwen2.5-coder,toke,203,489,D-DAT,3
D-DAT-0019v217,qwen2.5-coder,toke,185,480,D-DAT,3
D-DAT-0019v76,qwen2.5-coder,toke,223,564,D-DAT,3
D-DAT-0020v170,qwen2.5-coder,toke,100,236,D-DAT,3
D-DAT-0020v59,qwen2.5-coder,toke,98,223,D-DAT,3
D-DAT-0020v83,qwen2.5-coder,toke,202,509,D-DAT,3
D-DAT-0020v91,qwen2.5-coder,toke,169,388,D-DAT,3
D-DAT-0021v125,qwen2.5-coder,toke,126,383,D-DAT,3
D-DAT-0021v155,qwen2.5-coder,toke,133,332,D-DAT,3
D-DAT-0021v162,qwen2.5-coder,toke,133,381,D-DAT,3
D-DAT-0021v172,qwen2.5-coder,toke,154,391,D-DAT,3
D-DAT-0021v226,qwen2.5-coder,toke,131,341,D-DAT,3
D-DAT-0021v60,qwen2.5-coder,toke,175,469,D-DAT,3
D-DAT-0022v123,qwen2.5-coder,toke,165,449,D-DAT,2
D-DAT-0022v125,qwen2.5-coder,toke,94,222,D-DAT,2
D-DAT-0022v173,qwen2.5-coder,toke,179,456,D-DAT,2
D-DAT-0022v186,qwen2.5-coder,toke,193,467,D-DAT,2
D-DAT-0022v204,qwen2.5-coder,toke,167,432,D-DAT,2
D-DAT-0022v205,qwen2.5-coder,toke,173,438,D-DAT,2
D-DAT-0022v206,qwen2.5-coder,toke,169,444,D-DAT,2
D-DAT-0022v250,qwen2.5-coder,toke,190,465,D-DAT,2
D-DAT-0022v251,qwen2.5-coder,toke,188,456,D-DAT,2
D-DAT-0022v60,qwen2.5-coder,toke,210,536,D-DAT,2
D-DAT-0023v104,qwen2.5-coder,toke,164,408,D-DAT,2
D-DAT-0023v223,qwen2.5-coder,toke,180,444,D-DAT,2
D-DAT-0023v53,qwen2.5-coder,toke,171,416,D-DAT,2
D-DAT-0023v66,qwen2.5-coder,toke,164,401,D-DAT,2
D-DAT-0024v141,qwen2.5-coder,toke,175,455,D-DAT,2
D-DAT-0024v17,qwen2.5-coder,toke,101,222,D-DAT,2
D-DAT-0024v220,qwen2.5-coder,toke,201,543,D-DAT,2
D-DAT-0024v224,qwen2.5-coder,toke,168,390,D-DAT,2
D-DAT-0024v40,qwen2.5-coder,toke,94,210,D-DAT,2
D-DAT-0024v72,qwen2.5-coder,toke,93,227,D-DAT,2
D-DAT-0024v76,qwen2.5-coder,toke,180,431,D-DAT,2
D-DAT-0025v137,qwen2.5-coder,toke,191,469,D-DAT,2
D-DAT-0025v199,qwen2.5-coder,toke,98,237,D-DAT,2
D-DAT-0025v206,qwen2.5-coder,toke,130,325,D-DAT,2
D-DAT-0025v219,qwen2.5-coder,toke,177,463,D-DAT,2
D-DAT-0025v237,qwen2.5-coder,toke,96,220,D-DAT,2
D-DAT-0025v4,qwen2.5-coder,toke,190,519,D-DAT,2
D-DAT-0025v75,qwen2.5-coder,toke,190,520,D-DAT,2
D-DAT-0025v82,qwen2.5-coder,toke,104,256,D-DAT,2
D-DAT-0025v92,qwen2.5-coder,toke,105,258,D-DAT,2
D-DAT-0026v172,qwen2.5-coder,toke,196,510,D-DAT,2
D-DAT-0026v236,qwen2.5-coder,toke,196,510,D-DAT,2
D-DAT-0026v262,qwen2.5-coder,toke,128,298,D-DAT,2
D-DAT-0026v68,qwen2.5-coder,toke,205,551,D-DAT,2
D-DAT-0026v99,qwen2.5-coder,toke,173,434,D-DAT,2
D-FIO-0001v100,qwen2.5-coder,toke,74,215,D-FIO,2
D-FIO-0001v149,qwen2.5-coder,toke,81,211,D-FIO,2
D-FIO-0001v155,qwen2.5-coder,toke,93,267,D-FIO,2
D-FIO-0001v221,qwen2.5-coder,toke,73,212,D-FIO,2
D-FIO-0001v250,qwen2.5-coder,toke,96,238,D-FIO,2
D-FIO-0001v262,qwen2.5-coder,toke,86,208,D-FIO,2
D-FIO-0001v372,qwen2.5-coder,toke,137,343,D-FIO,2
D-FIO-0001v4,qwen2.5-coder,toke,129,296,D-FIO,2
D-FIO-0002,qwen2.5-coder,toke,63,198,D-FIO,2
D-FIO-0002v158,qwen2.5-coder,toke,88,204,D-FIO,2
D-FIO-0002v171,qwen2.5-coder,toke,92,230,D-FIO,2
D-FIO-0002v260,qwen2.5-coder,toke,74,231,D-FIO,2
D-FIO-0002v362,qwen2.5-coder,toke,69,209,D-FIO,2
D-FIO-0003v106,qwen2.5-coder,toke,124,316,D-FIO,2
D-FIO-0003v139,qwen2.5-coder,toke,126,315,D-FIO,2
D-FIO-0003v167,qwen2.5-coder,toke,150,361,D-FIO,2
D-FIO-0003v250,qwen2.5-coder,toke,127,306,D-FIO,2
D-FIO-0003v345,qwen2.5-coder,toke,144,381,D-FIO,2
D-FIO-0003v42,qwen2.5-coder,toke,136,329,D-FIO,2
D-FIO-0003v97,qwen2.5-coder,toke,135,339,D-FIO,2
D-FIO-0004v110,qwen2.5-coder,toke,175,429,D-FIO,2
D-FIO-0004v19,qwen2.5-coder,toke,112,330,D-FIO,2
D-FIO-0004v252,qwen2.5-coder,toke,104,284,D-FIO,2
D-FIO-0004v340,qwen2.5-coder,toke,126,359,D-FIO,2
D-FIO-0004v67,qwen2.5-coder,toke,151,388,D-FIO,2
D-FIO-0005v134,qwen2.5-coder,toke,123,304,D-FIO,2
D-FIO-0005v241,qwen2.5-coder,toke,126,338,D-FIO,2
D-FIO-0005v249,qwen2.5-coder,toke,133,309,D-FIO,2
D-FIO-0005v257,qwen2.5-coder,toke,132,315,D-FIO,2
D-FIO-0005v275,qwen2.5-coder,toke,117,327,D-FIO,2
D-FIO-0005v281,qwen2.5-coder,toke,136,319,D-FIO,2
D-FIO-0005v284,qwen2.5-coder,toke,115,286,D-FIO,2
D-FIO-0005v346,qwen2.5-coder,toke,109,303,D-FIO,2
D-FIO-0005v348,qwen2.5-coder,toke,120,304,D-FIO,2
D-FIO-0005v8,qwen2.5-coder,toke,145,350,D-FIO,2
D-FIO-0006v119,qwen2.5-coder,toke,62,159,D-FIO,2
D-FIO-0006v207,qwen2.5-coder,toke,81,218,D-FIO,2
D-FIO-0006v312,qwen2.5-coder,toke,67,175,D-FIO,2
D-FIO-0006v78,qwen2.5-coder,toke,98,231,D-FIO,2
D-FIO-0007v170,qwen2.5-coder,toke,114,298,D-FIO,2
D-FIO-0007v190,qwen2.5-coder,toke,100,244,D-FIO,2
D-FIO-0007v193,qwen2.5-coder,toke,118,332,D-FIO,2
D-FIO-0007v225,qwen2.5-coder,toke,119,312,D-FIO,2
D-FIO-0007v258,qwen2.5-coder,toke,108,314,D-FIO,2
D-FIO-0007v261,qwen2.5-coder,toke,102,300,D-FIO,2
D-FIO-0007v306,qwen2.5-coder,toke,119,339,D-FIO,2
D-FIO-0007v309,qwen2.5-coder,toke,97,288,D-FIO,2
D-FIO-0007v318,qwen2.5-coder,toke,112,274,D-FIO,2
D-FIO-0007v61,qwen2.5-coder,toke,105,302,D-FIO,2
D-FIO-0008v109,qwen2.5-coder,toke,167,387,D-FIO,2
D-FIO-0008v115,qwen2.5-coder,toke,136,363,D-FIO,2
D-FIO-0008v189,qwen2.5-coder,toke,104,295,D-FIO,2
D-FIO-0008v202,qwen2.5-coder,toke,136,376,D-FIO,2
D-FIO-0008v290,qwen2.5-coder,toke,134,375,D-FIO,2
D-FIO-0008v296,qwen2.5-coder,toke,116,279,D-FIO,2
D-FIO-0008v325,qwen2.5-coder,toke,152,390,D-FIO,2
D-FIO-0008v39,qwen2.5-coder,toke,140,329,D-FIO,2
D-FIO-0008v93,qwen2.5-coder,toke,135,358,D-FIO,2
D-FIO-0009v265,qwen2.5-coder,toke,70,195,D-FIO,2
D-FIO-0010v113,qwen2.5-coder,toke,109,268,D-FIO,2
D-FIO-0010v119,qwen2.5-coder,toke,156,437,D-FIO,2
D-FIO-0010v196,qwen2.5-coder,toke,95,269,D-FIO,2
D-FIO-0010v208,qwen2.5-coder,toke,78,203,D-FIO,2
D-FIO-0010v284,qwen2.5-coder,toke,94,237,D-FIO,2
D-FIO-0010v292,qwen2.5-coder,toke,99,269,D-FIO,2
D-FIO-0010v33,qwen2.5-coder,toke,94,227,D-FIO,2
D-FIO-0010v54,qwen2.5-coder,toke,105,269,D-FIO,2
D-FIO-0010v94,qwen2.5-coder,toke,102,253,D-FIO,2
D-FIO-0012v14,qwen2.5-coder,toke,71,203,D-FIO,2
D-FIO-0012v229,qwen2.5-coder,toke,67,188,D-FIO,2
D-FIO-0012v241,qwen2.5-coder,toke,88,205,D-FIO,2
D-FIO-0012v252,qwen2.5-coder,toke,70,210,D-FIO,2
D-FIO-0012v279,qwen2.5-coder,toke,72,209,D-FIO,2
D-FIO-0012v74,qwen2.5-coder,toke,74,174,D-FIO,2
D-FIO-0012v75,qwen2.5-coder,toke,84,241,D-FIO,2
D-FIO-0013v115,qwen2.5-coder,toke,102,255,D-FIO,2
D-FIO-0013v298,qwen2.5-coder,toke,119,330,D-FIO,2
D-FIO-0013v356,qwen2.5-coder,toke,104,298,D-FIO,2
D-FIO-0013v41,qwen2.5-coder,toke,112,283,D-FIO,2
D-FIO-0014v185,qwen2.5-coder,toke,116,286,D-FIO,2
D-FIO-0014v230,qwen2.5-coder,toke,123,314,D-FIO,2
D-FIO-0014v28,qwen2.5-coder,toke,91,248,D-FIO,2
D-FIO-0014v297,qwen2.5-coder,toke,115,279,D-FIO,2
D-FIO-0015v219,qwen2.5-coder,toke,117,274,D-FIO,2
D-FIO-0015v326,qwen2.5-coder,toke,118,289,D-FIO,2
D-FIO-0016v125,qwen2.5-coder,toke,122,233,D-FIO,2
D-FIO-0016v189,qwen2.5-coder,toke,106,213,D-FIO,2
D-FIO-0016v255,qwen2.5-coder,toke,123,259,D-FIO,2
D-FIO-0016v284,qwen2.5-coder,toke,118,241,D-FIO,2
D-FIO-0016v338,qwen2.5-coder,toke,133,282,D-FIO,2
D-FIO-0016v73,qwen2.5-coder,toke,77,127,D-FIO,2
D-FIO-0017v111,qwen2.5-coder,toke,103,280,D-FIO,2
D-FIO-0017v114,qwen2.5-coder,toke,97,258,D-FIO,2
D-FIO-0017v15,qwen2.5-coder,toke,84,221,D-FIO,2
D-FIO-0017v204,qwen2.5-coder,toke,112,304,D-FIO,2
D-FIO-0017v218,qwen2.5-coder,toke,108,281,D-FIO,2
D-FIO-0017v230,qwen2.5-coder,toke,99,264,D-FIO,2
D-FIO-0017v252,qwen2.5-coder,toke,104,261,D-FIO,2
D-FIO-0017v260,qwen2.5-coder,toke,107,290,D-FIO,2
D-FIO-0017v284,qwen2.5-coder,toke,83,221,D-FIO,2
D-FIO-0017v287,qwen2.5-coder,toke,98,238,D-FIO,2
D-FIO-0017v332,qwen2.5-coder,toke,81,216,D-FIO,2
D-FIO-0017v335,qwen2.5-coder,toke,83,215,D-FIO,2
D-FIO-0017v347,qwen2.5-coder,toke,65,190,D-FIO,2
D-FIO-0017v376,qwen2.5-coder,toke,64,176,D-FIO,2
D-FIO-0017v90,qwen2.5-coder,toke,70,194,D-FIO,2
D-FIO-0018v100,qwen2.5-coder,toke,172,452,D-FIO,2
D-FIO-0018v126,qwen2.5-coder,toke,154,431,D-FIO,2
D-FIO-0018v148,qwen2.5-coder,toke,131,385,D-FIO,2
D-FIO-0018v151,qwen2.5-coder,toke,144,389,D-FIO,2
D-FIO-0018v225,qwen2.5-coder,toke,187,457,D-FIO,2
D-FIO-0018v3,qwen2.5-coder,toke,98,264,D-FIO,2
D-FIO-0018v6,qwen2.5-coder,toke,131,308,D-FIO,2
D-FIO-0018v63,qwen2.5-coder,toke,113,309,D-FIO,2
D-FIO-0018v92,qwen2.5-coder,toke,133,362,D-FIO,2
D-NET-0001v173,qwen2.5-coder,toke,86,210,D-NET,2
D-NET-0001v218,qwen2.5-coder,toke,88,214,D-NET,2
D-NET-0001v259,qwen2.5-coder,toke,68,203,D-NET,2
D-NET-0001v292,qwen2.5-coder,toke,69,198,D-NET,2
D-NET-0001v302,qwen2.5-coder,toke,134,301,D-NET,2
D-NET-0001v306,qwen2.5-coder,toke,91,226,D-NET,2
D-NET-0001v321,qwen2.5-coder,toke,71,188,D-NET,2
D-NET-0002v139,qwen2.5-coder,toke,96,269,D-NET,2
D-NET-0002v215,qwen2.5-coder,toke,166,417,D-NET,2
D-NET-0003v165,qwen2.5-coder,toke,165,398,D-NET,2
D-NET-0003v192,qwen2.5-coder,toke,155,382,D-NET,2
D-NET-0003v213,qwen2.5-coder,toke,213,529,D-NET,2
D-NET-0003v238,qwen2.5-coder,toke,251,640,D-NET,2
D-NET-0003v283,qwen2.5-coder,toke,186,459,D-NET,2
D-NET-0003v340,qwen2.5-coder,toke,180,509,D-NET,2
D-NET-0003v36,qwen2.5-coder,toke,133,350,D-NET,2
D-NET-0003v94,qwen2.5-coder,toke,162,408,D-NET,2
D-NET-0004v150,qwen2.5-coder,toke,162,387,D-NET,2
D-NET-0004v165,qwen2.5-coder,toke,139,370,D-NET,2
D-NET-0004v212,qwen2.5-coder,toke,160,406,D-NET,2
D-NET-0004v233,qwen2.5-coder,toke,105,258,D-NET,2
D-NET-0004v269,qwen2.5-coder,toke,131,330,D-NET,2
D-NET-0004v63,qwen2.5-coder,toke,137,332,D-NET,2
D-NET-0004v73,qwen2.5-coder,toke,169,456,D-NET,2
D-NET-0005v126,qwen2.5-coder,toke,84,225,D-NET,2
D-NET-0005v2,qwen2.5-coder,toke,90,248,D-NET,2
D-NET-0005v27,qwen2.5-coder,toke,88,229,D-NET,2
D-NET-0005v270,qwen2.5-coder,toke,83,215,D-NET,2
D-NET-0005v280,qwen2.5-coder,toke,89,248,D-NET,2
D-NET-0005v289,qwen2.5-coder,toke,84,203,D-NET,2
D-NET-0005v302,qwen2.5-coder,toke,103,261,D-NET,2
D-NET-0005v48,qwen2.5-coder,toke,88,246,D-NET,2
D-NET-0005v96,qwen2.5-coder,toke,81,214,D-NET,2
D-NET-0006v137,qwen2.5-coder,toke,120,294,D-NET,2
D-NET-0006v172,qwen2.5-coder,toke,137,352,D-NET,2
D-NET-0006v176,qwen2.5-coder,toke,165,402,D-NET,2
D-NET-0007v123,qwen2.5-coder,toke,108,266,D-NET,2
D-NET-0007v132,qwen2.5-coder,toke,121,302,D-NET,2
D-NET-0007v156,qwen2.5-coder,toke,113,285,D-NET,2
D-NET-0007v33,qwen2.5-coder,toke,115,262,D-NET,2
D-NET-0007v38,qwen2.5-coder,toke,127,295,D-NET,2
D-NET-0007v43,qwen2.5-coder,toke,140,324,D-NET,2
D-NET-0007v58,qwen2.5-coder,toke,127,296,D-NET,2
D-NET-0007v59,qwen2.5-coder,toke,132,316,D-NET,2
D-NET-0007v69,qwen2.5-coder,toke,112,260,D-NET,2
D-NET-0008v144,qwen2.5-coder,toke,180,447,D-NET,2
D-NET-0008v238,qwen2.5-coder,toke,139,373,D-NET,2
D-NET-0008v253,qwen2.5-coder,toke,156,426,D-NET,2
D-NET-0008v28,qwen2.5-coder,toke,133,356,D-NET,2
D-NET-0008v329,qwen2.5-coder,toke,183,451,D-NET,2
D-NET-0008v330,qwen2.5-coder,toke,134,337,D-NET,2
D-NET-0008v39,qwen2.5-coder,toke,140,364,D-NET,2
D-NET-0009v171,qwen2.5-coder,toke,96,259,D-NET,2
D-NET-0009v224,qwen2.5-coder,toke,90,248,D-NET,2
D-NET-0009v237,qwen2.5-coder,toke,79,192,D-NET,2
D-NET-0009v264,qwen2.5-coder,toke,86,236,D-NET,2
D-NET-0009v285,qwen2.5-coder,toke,101,270,D-NET,2
D-NET-0009v303,qwen2.5-coder,toke,104,248,D-NET,2
D-NET-0009v36,qwen2.5-coder,toke,115,292,D-NET,2
D-NET-0010v240,qwen2.5-coder,toke,85,206,D-NET,2
D-NET-0010v290,qwen2.5-coder,toke,84,197,D-NET,2
D-NET-0010v69,qwen2.5-coder,toke,84,185,D-NET,2
D-NET-0010v73,qwen2.5-coder,toke,91,216,D-NET,2
D-NET-0011v190,qwen2.5-coder,toke,99,239,D-NET,2
D-NET-0011v195,qwen2.5-coder,toke,117,297,D-NET,2
D-NET-0011v200,qwen2.5-coder,toke,114,305,D-NET,2
D-NET-0011v236,qwen2.5-coder,toke,100,245,D-NET,2
D-NET-0011v296,qwen2.5-coder,toke,103,253,D-NET,2
D-NET-0012v139,qwen2.5-coder,toke,118,316,D-NET,2
D-NET-0012v163,qwen2.5-coder,toke,101,272,D-NET,2
D-NET-0012v183,qwen2.5-coder,toke,107,237,D-NET,2
D-NET-0012v211,qwen2.5-coder,toke,110,274,D-NET,2
D-NET-0012v258,qwen2.5-coder,toke,117,300,D-NET,2
D-NET-0012v290,qwen2.5-coder,toke,101,272,D-NET,2
D-NET-0012v297,qwen2.5-coder,toke,107,257,D-NET,2
D-NET-0012v53,qwen2.5-coder,toke,124,297,D-NET,2
D-NET-0012v6,qwen2.5-coder,toke,133,296,D-NET,2
D-NET-0013v10,qwen2.5-coder,toke,113,327,D-NET,2
D-NET-0013v118,qwen2.5-coder,toke,116,298,D-NET,2
D-NET-0013v147,qwen2.5-coder,toke,107,272,D-NET,2
D-NET-0013v156,qwen2.5-coder,toke,104,293,D-NET,2
D-NET-0013v203,qwen2.5-coder,toke,106,283,D-NET,2
D-NET-0013v328,qwen2.5-coder,toke,93,247,D-NET,2
D-NET-0013v340,qwen2.5-coder,toke,104,242,D-NET,2
D-NET-0013v40,qwen2.5-coder,toke,80,189,D-NET,2
D-NET-0013v80,qwen2.5-coder,toke,98,256,D-NET,2
D-NET-0013v9,qwen2.5-coder,toke,101,268,D-NET,2
D-NET-0014v118,qwen2.5-coder,toke,108,297,D-NET,2
D-NET-0014v134,qwen2.5-coder,toke,121,279,D-NET,2
D-NET-0014v229,qwen2.5-coder,toke,97,248,D-NET,2
D-NET-0014v305,qwen2.5-coder,toke,106,244,D-NET,2
D-NET-0014v59,qwen2.5-coder,toke,123,315,D-NET,2
D-NET-0015v160,qwen2.5-coder,toke,109,242,D-NET,2
D-NET-0015v178,qwen2.5-coder,toke,88,197,D-NET,2
D-NET-0015v183,qwen2.5-coder,toke,111,249,D-NET,2
D-NET-0015v195,qwen2.5-coder,toke,113,277,D-NET,2
D-NET-0015v2,qwen2.5-coder,toke,82,181,D-NET,2
D-NET-0015v21,qwen2.5-coder,toke,94,215,D-NET,2
D-NET-0015v303,qwen2.5-coder,toke,99,228,D-NET,2
D-NET-0015v330,qwen2.5-coder,toke,106,232,D-NET,2
D-NET-0015v337,qwen2.5-coder,toke,104,240,D-NET,2
D-NET-0016v192,qwen2.5-coder,toke,175,427,D-NET,2
D-NET-0016v238,qwen2.5-coder,toke,225,544,D-NET,2
D-NET-0016v33,qwen2.5-coder,toke,175,455,D-NET,2
D-NET-0016v49,qwen2.5-coder,toke,201,476,D-NET,2
D-NET-0016v98,qwen2.5-coder,toke,255,617,D-NET,2
D-NET-0017v1,qwen2.5-coder,toke,91,205,D-NET,2
D-NET-0017v119,qwen2.5-coder,toke,59,175,D-NET,2
D-NET-0017v142,qwen2.5-coder,toke,87,251,D-NET,2
D-NET-0017v177,qwen2.5-coder,toke,88,239,D-NET,2
D-NET-0017v55,qwen2.5-coder,toke,65,193,D-NET,2
D-NET-0018v137,qwen2.5-coder,toke,85,248,D-NET,2
D-NET-0018v234,qwen2.5-coder,toke,70,205,D-NET,2
D-NET-0018v27,qwen2.5-coder,toke,129,308,D-NET,2
D-NET-0018v273,qwen2.5-coder,toke,142,310,D-NET,2
D-NET-0018v63,qwen2.5-coder,toke,76,222,D-NET,2
D-NET-0019v115,qwen2.5-coder,toke,138,357,D-NET,2
D-NET-0019v129,qwen2.5-coder,toke,89,225,D-NET,2
D-NET-0019v18,qwen2.5-coder,toke,120,304,D-NET,2
D-NET-0019v218,qwen2.5-coder,toke,117,286,D-NET,2
D-NET-0019v283,qwen2.5-coder,toke,91,255,D-NET,2
D-NET-0020v119,qwen2.5-coder,toke,125,351,D-NET,2
D-NET-0020v125,qwen2.5-coder,toke,156,372,D-NET,2
D-NET-0020v137,qwen2.5-coder,toke,161,447,D-NET,2
D-NET-0020v156,qwen2.5-coder,toke,143,352,D-NET,2
D-NET-0020v211,qwen2.5-coder,toke,133,374,D-NET,2
D-NET-0020v218,qwen2.5-coder,toke,161,454,D-NET,2
D-NET-0020v256,qwen2.5-coder,toke,173,409,D-NET,2
D-NET-0020v260,qwen2.5-coder,toke,124,356,D-NET,2
D-NET-0020v335,qwen2.5-coder,toke,124,342,D-NET,2
D-NET-0020v92,qwen2.5-coder,toke,161,405,D-NET,2
D-TST-0001v259,qwen2.5-coder,toke,105,242,D-TST,1
D-TST-0001v30,qwen2.5-coder,toke,112,255,D-TST,1
D-TST-0002v156,qwen2.5-coder,toke,96,228,D-TST,1
D-TST-0002v188,qwen2.5-coder,toke,104,247,D-TST,1
D-TST-0002v20,qwen2.5-coder,toke,88,204,D-TST,1
D-TST-0002v264,qwen2.5-coder,toke,107,258,D-TST,1
D-TST-0002v37,qwen2.5-coder,toke,95,213,D-TST,1
D-TST-0003v133,qwen2.5-coder,toke,89,197,D-TST,1
D-TST-0003v18,qwen2.5-coder,toke,104,267,D-TST,1
D-TST-0003v247,qwen2.5-coder,toke,90,211,D-TST,1
D-TST-0003v89,qwen2.5-coder,toke,99,236,D-TST,1
D-TST-0004v150,qwen2.5-coder,toke,99,218,D-TST,1
D-TST-0004v237,qwen2.5-coder,toke,77,166,D-TST,1
D-TST-0005v131,qwen2.5-coder,toke,109,252,D-TST,1
D-TST-0005v14,qwen2.5-coder,toke,83,177,D-TST,1
D-TST-0005v242,qwen2.5-coder,toke,104,245,D-TST,1
D-TST-0005v256,qwen2.5-coder,toke,79,181,D-TST,1
D-TST-0005v3,qwen2.5-coder,toke,113,263,D-TST,1
D-TST-0006v144,qwen2.5-coder,toke,107,246,D-TST,1
D-TST-0006v203,qwen2.5-coder,toke,126,286,D-TST,1
D-TST-0007v123,qwen2.5-coder,toke,103,295,D-TST,1
D-TST-0007v228,qwen2.5-coder,toke,103,266,D-TST,1
D-TST-0007v255,qwen2.5-coder,toke,73,173,D-TST,1
D-TST-0008v116,qwen2.5-coder,toke,137,323,D-TST,1
D-TST-0008v200,qwen2.5-coder,toke,79,192,D-TST,1
D-TST-0008v227,qwen2.5-coder,toke,82,202,D-TST,1
D-TST-0008v252,qwen2.5-coder,toke,97,253,D-TST,1
D-TST-0008v265,qwen2.5-coder,toke,107,294,D-TST,1
D-TST-0008v93,qwen2.5-coder,toke,90,250,D-TST,1
D-TST-0009v102,qwen2.5-coder,toke,140,366,D-TST,1
D-TST-0009v147,qwen2.5-coder,toke,110,268,D-TST,1
D-TST-0010v155,qwen2.5-coder,toke,117,300,D-TST,1
D-TST-0010v56,qwen2.5-coder,toke,102,246,D-TST,1
D-TST-0011v183,qwen2.5-coder,toke,108,230,D-TST,2
D-TST-0011v231,qwen2.5-coder,toke,94,248,D-TST,2
D-TST-0011v77,qwen2.5-coder,toke,74,180,D-TST,2
D-TST-0012v141,qwen2.5-coder,toke,110,215,D-TST,2
D-TST-0012v263,qwen2.5-coder,toke,176,398,D-TST,2
D-TST-0012v32,qwen2.5-coder,toke,113,232,D-TST,2
D-TST-0013v143,qwen2.5-coder,toke,112,229,D-TST,2
D-TST-0013v19,qwen2.5-coder,toke,112,225,D-TST,2
D-TST-0013v81,qwen2.5-coder,toke,177,383,D-TST,2
D-TST-0014v19,qwen2.5-coder,toke,159,392,D-TST,2
D-TST-0014v249,qwen2.5-coder,toke,171,411,D-TST,2
D-TST-0014v50,qwen2.5-coder,toke,117,242,D-TST,2
D-TST-0015v14,qwen2.5-coder,toke,138,277,D-TST,2
D-TST-0015v172,qwen2.5-coder,toke,202,459,D-TST,2
D-TST-0015v179,qwen2.5-coder,toke,201,437,D-TST,2
D-TST-0015v206,qwen2.5-coder,toke,213,457,D-TST,2
D-TST-0015v259,qwen2.5-coder,toke,187,439,D-TST,2
D-TST-0015v38,qwen2.5-coder,toke,241,563,D-TST,2
D-TST-0016v114,qwen2.5-coder,toke,123,265,D-TST,2
D-TST-0016v19,qwen2.5-coder,toke,169,411,D-TST,2
D-TST-0016v201,qwen2.5-coder,toke,172,383,D-TST,2
D-TST-0016v30,qwen2.5-coder,toke,145,306,D-TST,2
D-TST-0016v76,qwen2.5-coder,toke,190,465,D-TST,2
D-TST-0016v81,qwen2.5-coder,toke,119,239,D-TST,2
D-TST-0016v91,qwen2.5-coder,toke,224,565,D-TST,2
D-TST-0017v101,qwen2.5-coder,toke,102,239,D-TST,2
D-TST-0017v108,qwen2.5-coder,toke,89,204,D-TST,2
D-TST-0017v148,qwen2.5-coder,toke,76,216,D-TST,2
D-TST-0017v180,qwen2.5-coder,toke,85,199,D-TST,2
D-TST-0017v188,qwen2.5-coder,toke,77,219,D-TST,2
D-TST-0017v243,qwen2.5-coder,toke,79,224,D-TST,2
D-TST-0017v53,qwen2.5-coder,toke,80,212,D-TST,2
D-TST-0018v111,qwen2.5-coder,toke,101,228,D-TST,2
D-TST-0018v261,qwen2.5-coder,toke,120,295,D-TST,2
D-TST-0018v81,qwen2.5-coder,toke,113,251,D-TST,2
D-TST-0018v94,qwen2.5-coder,toke,103,228,D-TST,2
D-TST-0019v169,qwen2.5-coder,toke,112,300,D-TST,2
D-TST-0019v221,qwen2.5-coder,toke,102,274,D-TST,2
D-TST-0019v4,qwen2.5-coder,toke,109,255,D-TST,2
D-TST-0020v11,qwen2.5-coder,toke,100,237,D-TST,2
D-TST-0020v132,qwen2.5-coder,toke,120,302,D-TST,2
D-TST-0020v15,qwen2.5-coder,toke,91,205,D-TST,2
D-TST-0020v161,qwen2.5-coder,toke,115,281,D-TST,2
D-TST-0020v18,qwen2.5-coder,toke,115,301,D-TST,2
D-TST-0020v190,qwen2.5-coder,toke,122,289,D-TST,2
D-TST-0020v21,qwen2.5-coder,toke,96,215,D-TST,2
D-TST-0020v6,qwen2.5-coder,toke,143,312,D-TST,2
D-TST-0021,qwen2.5-coder,toke,113,298,D-TST,2
D-TST-0021v10,qwen2.5-coder,toke,114,300,D-TST,2
D-TST-0021v124,qwen2.5-coder,toke,116,307,D-TST,2
D-TST-0021v14,qwen2.5-coder,toke,163,417,D-TST,2
D-TST-0021v157,qwen2.5-coder,toke,121,307,D-TST,2
D-TST-0021v163,qwen2.5-coder,toke,127,334,D-TST,2
D-TST-0021v170,qwen2.5-coder,toke,117,296,D-TST,2
D-TST-0021v180,qwen2.5-coder,toke,109,282,D-TST,2
D-TST-0021v219,qwen2.5-coder,toke,97,230,D-TST,2
D-TST-0021v221,qwen2.5-coder,toke,111,275,D-TST,2
D-TST-0021v240,qwen2.5-coder,toke,100,233,D-TST,2
D-TST-0021v255,qwen2.5-coder,toke,92,206,D-TST,2
D-TST-0021v260,qwen2.5-coder,toke,105,251,D-TST,2
D-TST-0022v116,qwen2.5-coder,toke,72,175,D-TST,2
D-TST-0022v14,qwen2.5-coder,toke,85,172,D-TST,2
D-TST-0022v193,qwen2.5-coder,toke,77,171,D-TST,2
D-TST-0022v28,qwen2.5-coder,toke,77,176,D-TST,2
D-TST-0022v52,qwen2.5-coder,toke,75,175,D-TST,2
D-TST-0022v69,qwen2.5-coder,toke,71,158,D-TST,2
D-TST-0022v81,qwen2.5-coder,toke,80,196,D-TST,2
D-TST-0022v9,qwen2.5-coder,toke,83,185,D-TST,2
D-TST-0023v102,qwen2.5-coder,toke,85,223,D-TST,3
D-TST-0023v146,qwen2.5-coder,toke,77,210,D-TST,3
D-TST-0023v176,qwen2.5-coder,toke,81,212,D-TST,3
D-TST-0023v185,qwen2.5-coder,toke,75,177,D-TST,3
D-TST-0023v198,qwen2.5-coder,toke,90,226,D-TST,3
D-TST-0023v236,qwen2.5-coder,toke,107,275,D-TST,3
D-TST-0023v237,qwen2.5-coder,toke,70,179,D-TST,3
D-TST-0023v238,qwen2.5-coder,toke,71,168,D-TST,3
D-TST-0023v247,qwen2.5-coder,toke,67,169,D-TST,3
D-TST-0023v259,qwen2.5-coder,toke,102,279,D-TST,3
D-TST-0024v130,qwen2.5-coder,toke,95,250,D-TST,3
D-TST-0024v136,qwen2.5-coder,toke,88,221,D-TST,3
D-TST-0024v154,qwen2.5-coder,toke,103,261,D-TST,3
D-TST-0024v161,qwen2.5-coder,toke,92,229,D-TST,3
D-TST-0024v170,qwen2.5-coder,toke,88,244,D-TST,3
D-TST-0024v185,qwen2.5-coder,toke,97,234,D-TST,3
D-TST-0024v31,qwen2.5-coder,toke,89,230,D-TST,3
D-TST-0024v48,qwen2.5-coder,toke,81,207,D-TST,3
D-TST-0024v5,qwen2.5-coder,toke,78,191,D-TST,3
D-TST-0024v52,qwen2.5-coder,toke,84,234,D-TST,3
D-TST-0024v55,qwen2.5-coder,toke,79,225,D-TST,3
D-TST-0024v65,qwen2.5-coder,toke,95,247,D-TST,3
D-TST-0025v162,qwen2.5-coder,toke,179,518,D-TST,3
D-TST-0025v202,qwen2.5-coder,toke,189,523,D-TST,3
D-TST-0025v207,qwen2.5-coder,toke,145,389,D-TST,3
D-TST-0025v215,qwen2.5-coder,toke,208,563,D-TST,3
D-TST-0025v22,qwen2.5-coder,toke,93,228,D-TST,3
D-TST-0025v241,qwen2.5-coder,toke,147,352,D-TST,3
D-TST-0025v248,qwen2.5-coder,toke,182,462,D-TST,3
D-TST-0025v256,qwen2.5-coder,toke,250,643,D-TST,3
D-TST-0025v73,qwen2.5-coder,toke,108,243,D-TST,3
D-TST-0025v85,qwen2.5-coder,toke,169,461,D-TST,3
D-TST-0025v95,qwen2.5-coder,toke,194,593,D-TST,3
D-WEB-0001v116,qwen2.5-coder,toke,126,323,D-WEB,2
D-WEB-0001v172,qwen2.5-coder,toke,130,328,D-WEB,2
D-WEB-0001v230,qwen2.5-coder,toke,136,336,D-WEB,2
D-WEB-0001v236,qwen2.5-coder,toke,124,315,D-WEB,2
D-WEB-0001v58,qwen2.5-coder,toke,122,355,D-WEB,2
D-WEB-0001v71,qwen2.5-coder,toke,118,304,D-WEB,2
D-WEB-0003v114,qwen2.5-coder,toke,73,179,D-WEB,2
D-WEB-0003v128,qwen2.5-coder,toke,118,322,D-WEB,2
D-WEB-0003v137,qwen2.5-coder,toke,86,229,D-WEB,2
D-WEB-0003v141,qwen2.5-coder,toke,119,292,D-WEB,2
D-WEB-0004v10,qwen2.5-coder,toke,153,425,D-WEB,2
D-WEB-0004v143,qwen2.5-coder,toke,116,305,D-WEB,2
D-WEB-0004v2,qwen2.5-coder,toke,110,281,D-WEB,2
D-WEB-0004v252,qwen2.5-coder,toke,124,329,D-WEB,2
D-WEB-0005v24,qwen2.5-coder,toke,179,447,D-WEB,3
D-WEB-0005v248,qwen2.5-coder,toke,173,435,D-WEB,3
D-WEB-0005v5,qwen2.5-coder,toke,210,563,D-WEB,3
D-WEB-0005v63,qwen2.5-coder,toke,133,350,D-WEB,3
D-WEB-0005v65,qwen2.5-coder,toke,191,475,D-WEB,3
D-WEB-0006v128,qwen2.5-coder,toke,88,205,D-WEB,3
D-WEB-0006v148,qwen2.5-coder,toke,125,309,D-WEB,3
D-WEB-0006v16,qwen2.5-coder,toke,139,365,D-WEB,3
D-WEB-0006v177,qwen2.5-coder,toke,139,312,D-WEB,3
D-WEB-0006v179,qwen2.5-coder,toke,124,281,D-WEB,3
D-WEB-0006v190,qwen2.5-coder,toke,103,247,D-WEB,3
D-WEB-0006v222,qwen2.5-coder,toke,91,241,D-WEB,3
D-WEB-0006v224,qwen2.5-coder,toke,138,341,D-WEB,3
D-WEB-0006v6,qwen2.5-coder,toke,145,368,D-WEB,3
D-WEB-0007v12,qwen2.5-coder,toke,109,272,D-WEB,3
D-WEB-0007v177,qwen2.5-coder,toke,122,338,D-WEB,3
D-WEB-0007v193,qwen2.5-coder,toke,113,260,D-WEB,3
D-WEB-0007v207,qwen2.5-coder,toke,100,232,D-WEB,3
D-WEB-0007v70,qwen2.5-coder,toke,102,246,D-WEB,3
D-WEB-0008v102,qwen2.5-coder,toke,162,386,D-WEB,3
D-WEB-0008v139,qwen2.5-coder,toke,151,354,D-WEB,3
D-WEB-0008v147,qwen2.5-coder,toke,236,552,D-WEB,3
D-WEB-0008v15,qwen2.5-coder,toke,73,196,D-WEB,3
D-WEB-0008v172,qwen2.5-coder,toke,97,279,D-WEB,3
D-WEB-0008v209,qwen2.5-coder,toke,159,443,D-WEB,3
D-WEB-0008v75,qwen2.5-coder,toke,90,212,D-WEB,3
D-WEB-0008v93,qwen2.5-coder,toke,164,390,D-WEB,3
D-WEB-0009v1,qwen2.5-coder,toke,103,230,D-WEB,2
D-WEB-0009v107,qwen2.5-coder,toke,107,258,D-WEB,2
D-WEB-0009v138,qwen2.5-coder,toke,215,404,D-WEB,2
D-WEB-0009v198,qwen2.5-coder,toke,97,207,D-WEB,2
D-WEB-0010v178,qwen2.5-coder,toke,74,208,D-WEB,2
D-WEB-0010v208,qwen2.5-coder,toke,65,154,D-WEB,2
D-WEB-0010v217,qwen2.5-coder,toke,71,158,D-WEB,2
D-WEB-0010v29,qwen2.5-coder,toke,94,259,D-WEB,2
D-WEB-0010v84,qwen2.5-coder,toke,85,248,D-WEB,2
D-WEB-0010v87,qwen2.5-coder,toke,68,193,D-WEB,2
D-WEB-0011v170,qwen2.5-coder,toke,122,249,D-WEB,2
D-WEB-0012v125,qwen2.5-coder,toke,67,145,D-WEB,2
D-WEB-0012v178,qwen2.5-coder,toke,114,276,D-WEB,2
D-WEB-0013v242,qwen2.5-coder,toke,233,539,D-WEB,2
D-WEB-0013v35,qwen2.5-coder,toke,138,358,D-WEB,2
D-WEB-0013v41,qwen2.5-coder,toke,142,323,D-WEB,2
D-WEB-0013v47,qwen2.5-coder,toke,126,296,D-WEB,2
D-WEB-0013v6,qwen2.5-coder,toke,83,209,D-WEB,2
D-WEB-0013v63,qwen2.5-coder,toke,130,319,D-WEB,2
D-WEB-0013v74,qwen2.5-coder,toke,140,302,D-WEB,2
D-WEB-0013v76,qwen2.5-coder,toke,83,220,D-WEB,2
D-WEB-0013v97,qwen2.5-coder,toke,139,283,D-WEB,2
D-WEB-0014v139,qwen2.5-coder,toke,77,229,D-WEB,2
D-WEB-0014v181,qwen2.5-coder,toke,76,182,D-WEB,2
D-WEB-0014v222,qwen2.5-coder,toke,80,240,D-WEB,2
D-WEB-0014v228,qwen2.5-coder,toke,66,188,D-WEB,2
D-WEB-0014v232,qwen2.5-coder,toke,79,192,D-WEB,2
D-WEB-0014v62,qwen2.5-coder,toke,118,299,D-WEB,2
D-WEB-0014v85,qwen2.5-coder,toke,61,180,D-WEB,2
D-WEB-0015v183,qwen2.5-coder,toke,84,217,D-WEB,2
D-WEB-0015v230,qwen2.5-coder,toke,151,384,D-WEB,2
D-WEB-0015v236,qwen2.5-coder,toke,96,243,D-WEB,2
D-WEB-0015v38,qwen2.5-coder,toke,93,223,D-WEB,2
D-WEB-0015v94,qwen2.5-coder,toke,75,178,D-WEB,2
D-WEB-0016v120,qwen2.5-coder,toke,80,199,D-WEB,2
D-WEB-0016v194,qwen2.5-coder,toke,73,182,D-WEB,2
D-WEB-0016v253,qwen2.5-coder,toke,66,149,D-WEB,2
D-WEB-0016v4,qwen2.5-coder,toke,76,189,D-WEB,2
D-WEB-0016v46,qwen2.5-coder,toke,78,187,D-WEB,2
D-WEB-0016v87,qwen2.5-coder,toke,78,197,D-WEB,2
D-WEB-0017v25,qwen2.5-coder,toke,119,296,D-WEB,2
D-WEB-0017v44,qwen2.5-coder,toke,91,244,D-WEB,2
D-WEB-0017v73,qwen2.5-coder,toke,88,210,D-WEB,2
D-WEB-0018v10,qwen2.5-coder,toke,72,171,D-WEB,2
D-WEB-0018v119,qwen2.5-coder,toke,84,226,D-WEB,2
D-WEB-0018v142,qwen2.5-coder,toke,88,223,D-WEB,2
D-WEB-0018v145,qwen2.5-coder,toke,98,263,D-WEB,2
D-WEB-0018v247,qwen2.5-coder,toke,78,189,D-WEB,2
D-WEB-0018v65,qwen2.5-coder,toke,99,234,D-WEB,2
D-WEB-0018v68,qwen2.5-coder,toke,110,306,D-WEB,2
D-WEB-0019v133,qwen2.5-coder,toke,58,132,D-WEB,2
D-WEB-0019v182,qwen2.5-coder,toke,59,140,D-WEB,2
D-WEB-0019v67,qwen2.5-coder,toke,64,152,D-WEB,2
D-WEB-0020v105,qwen2.5-coder,toke,90,205,D-WEB,2
D-WEB-0020v109,qwen2.5-coder,toke,77,211,D-WEB,2
D-WEB-0020v177,qwen2.5-coder,toke,50,112,D-WEB,2
D-WEB-0021v12,qwen2.5-coder,toke,90,227,D-WEB,2
D-WEB-0021v123,qwen2.5-coder,toke,71,222,D-WEB,2
D-WEB-0021v125,qwen2.5-coder,toke,68,159,D-WEB,2
D-WEB-0021v180,qwen2.5-coder,toke,88,224,D-WEB,2
D-WEB-0021v29,qwen2.5-coder,toke,63,168,D-WEB,2
D-WEB-0021v4,qwen2.5-coder,toke,80,197,D-WEB,2
D-WEB-0021v70,qwen2.5-coder,toke,111,296,D-WEB,2
D-WEB-0021v92,qwen2.5-coder,toke,77,199,D-WEB,2
D-WEB-0022v119,qwen2.5-coder,toke,64,197,D-WEB,2
D-WEB-0022v183,qwen2.5-coder,toke,76,237,D-WEB,2
D-WEB-0022v222,qwen2.5-coder,toke,71,203,D-WEB,2
D-WEB-0023v91,qwen2.5-coder,toke,113,284,D-WEB,2
D-WEB-0023v97,qwen2.5-coder,toke,72,186,D-WEB,2
D-WEB-0024v108,qwen2.5-coder,toke,84,209,D-WEB,2
D-WEB-0024v220,qwen2.5-coder,toke,73,211,D-WEB,2
D-WEB-0024v27,qwen2.5-coder,toke,112,316,D-WEB,2
D-WEB-0025v139,qwen2.5-coder,toke,124,347,D-WEB,3
D-WEB-0025v192,qwen2.5-coder,toke,111,302,D-WEB,3
D-WEB-0025v199,qwen2.5-coder,toke,137,353,D-WEB,3
D-WEB-0025v30,qwen2.5-coder,toke,142,351,D-WEB,3
D-WEB-0025v89,qwen2.5-coder,toke,142,383,D-WEB,3
D-WEB-0026v187,qwen2.5-coder,toke,119,340,D-WEB,3
D-WEB-0026v205,qwen2.5-coder,toke,75,223,D-WEB,3
D-WEB-0026v217,qwen2.5-coder,toke,68,199,D-WEB,3
D-WEB-0026v238,qwen2.5-coder,toke,164,410,D-WEB,3
D-WEB-0026v28,qwen2.5-coder,toke,144,402,D-WEB,3
D-WEB-0026v96,qwen2.5-coder,toke,58,156,D-WEB,3
D-WEB-0027v173,qwen2.5-coder,toke,100,254,D-WEB,3
D-WEB-0027v182,qwen2.5-coder,toke,94,221,D-WEB,3
D-WEB-0027v241,qwen2.5-coder,toke,93,216,D-WEB,3
MIG-B-D-CFG-0013v334-2f9e09c6,qwen2.5-coder,toke,182,478,D-CFG,2
MIG-B-D-CFG-0015v338-0c7d6653,qwen2.5-coder,toke,157,390,D-CFG,2
MIG-B-D-CLI-0013v279-c2e9fb64,qwen2.5-coder,toke,132,271,D-CLI,2
MIG-B-D-CRY-0009v250-d8b6ddd9,qwen2.5-coder,toke,63,122,D-CRY,2
MIG-B-D-CRY-0020v230-784b9394,qwen2.5-coder,toke,117,233,D-CRY,2
MIG-B-D-DAT-0011v241-abe6727f,qwen2.5-coder,toke,79,185,D-DAT,2
MIG-B-D-NET-0019v330-7a853f80,qwen2.5-coder,toke,200,519,D-NET,2
MIG-B-D-WEB-0004v237-bfa34332,qwen2.5-coder,toke,339,747,D-WEB,2
MIG-B-D-WEB-0015v234-dc2f99e3,qwen2.5-coder,toke,43,103,D-WEB,2
MIG-B-D-WEB-0026v228-b74d7296,qwen2.5-coder,toke,85,213,D-WEB,2
MIG-P2-A-A-ARR-0008v23-ae88119c,qwen2.5-coder,toke,69,150,A-ARR,2
MIG-P2-A-A-ARR-0019v13-3d367c21,qwen2.5-coder,toke,53,133,A-ARR,2
MIG-P2-A-A-ARR-0019v4-5e28336f,qwen2.5-coder,toke,58,149,A-ARR,2
MIG-P2-A-A-ARR-0019v8-2eaaa735,qwen2.5-coder,toke,55,140,A-ARR,2
MIG-P2-A-A-ARR-0021v30-c15769ff,qwen2.5-coder,toke,60,148,A-ARR,2
MIG-P2-A-A-ARR-0022v37-de4fbe4a,qwen2.5-coder,toke,51,134,A-ARR,2
MIG-P2-A-A-ARR-0023v23-e8274f00,qwen2.5-coder,toke,59,122,A-ARR,2
MIG-P2-A-A-ARR-0023v3-3c505ac3,qwen2.5-coder,toke,53,105,A-ARR,2
MIG-P2-A-A-ARR-0030v36-e678a533,qwen2.5-coder,toke,71,186,A-ARR,2
MIG-P2-A-A-ARR-0037v3-9abdcbad,qwen2.5-coder,toke,62,133,A-ARR,2
MIG-P2-A-A-ARR-0043v12-154fffbd,qwen2.5-coder,toke,76,191,A-ARR,2
MIG-P2-A-A-ARR-0045v32-9af55752,qwen2.5-coder,toke,69,144,A-ARR,2
MIG-P2-A-A-ARR-0046v19-13f13762,qwen2.5-coder,toke,153,349,A-ARR,2
MIG-P2-A-A-ARR-0046v24-dc98b531,qwen2.5-coder,toke,70,160,A-ARR,2
MIG-P2-A-A-ARR-0053v13-e347d91b,qwen2.5-coder,toke,86,231,A-ARR,2
MIG-P2-A-A-ARR-0088v34-cb00cec3,qwen2.5-coder,toke,161,433,A-ARR,2
MIG-P2-A-A-ARR-0096v20-1f0ac9b4,qwen2.5-coder,toke,109,257,A-ARR,2
MIG-P2-A-A-ARR-0110v26-252adcd9,qwen2.5-coder,toke,91,207,A-ARR,2
MIG-P2-A-A-ARR-0118v25-0c4bf30d,qwen2.5-coder,toke,64,134,A-ARR,2
MIG-P2-A-A-CND-0019v52-f1a11ceb,qwen2.5-coder,toke,69,173,A-CND,2
MIG-P2-A-A-CND-0021v8-0d4d7403,qwen2.5-coder,toke,25,45,A-CND,2
MIG-P2-A-A-CND-0021v9-241e94a7,qwen2.5-coder,toke,39,82,A-CND,2
MIG-P2-A-A-CND-0032v19-15802cc1,qwen2.5-coder,toke,30,65,A-CND,2
MIG-P2-A-A-CND-0032v58-07ed9fc4,qwen2.5-coder,toke,49,113,A-CND,2
MIG-P2-A-A-CND-0034v59-07537151,qwen2.5-coder,toke,28,71,A-CND,2
MIG-P2-A-A-CND-0035v52-d4847f10,qwen2.5-coder,toke,116,267,A-CND,2
MIG-P2-A-A-CND-0039v18-7b71273a,qwen2.5-coder,toke,69,148,A-CND,2
MIG-P2-A-A-CND-0044v13-2380a8e3,qwen2.5-coder,toke,118,247,A-CND,2
MIG-P2-A-A-CND-0051v1-5c505ede,qwen2.5-coder,toke,96,156,A-CND,2
MIG-P2-A-A-CND-0051v38-9ea196b9,qwen2.5-coder,toke,103,178,A-CND,2
MIG-P2-A-A-CND-0078v23-18671631,qwen2.5-coder,toke,86,193,A-CND,2
MIG-P2-A-A-CND-0097v24-25d4955c,qwen2.5-coder,toke,53,114,A-CND,2
MIG-P2-A-A-MTH-0004v39-49269e9b,qwen2.5-coder,toke,48,116,A-MTH,2
MIG-P2-A-A-MTH-0037v23-24c04434,qwen2.5-coder,toke,47,128,A-MTH,2
MIG-P2-A-A-MTH-0039v21-19d018a1,qwen2.5-coder,toke,19,37,A-MTH,2
MIG-P2-A-A-MTH-0039v4-404e4422,qwen2.5-coder,toke,33,70,A-MTH,2
MIG-P2-A-A-MTH-0040v26-08958192,qwen2.5-coder,toke,60,135,A-MTH,2
MIG-P2-A-A-MTH-0042v42-b246a5bd,qwen2.5-coder,toke,56,129,A-MTH,2
MIG-P2-A-A-MTH-0047v46-410872d5,qwen2.5-coder,toke,86,156,A-MTH,2
MIG-P2-A-A-MTH-0048v28-b6993bae,qwen2.5-coder,toke,152,286,A-MTH,2
MIG-P2-A-A-MTH-0050v45-a689613c,qwen2.5-coder,toke,82,172,A-MTH,2
MIG-P2-A-A-MTH-0063v45-aeefdf19,qwen2.5-coder,toke,92,239,A-MTH,2
MIG-P2-A-A-MTH-0068v20-6618397e,qwen2.5-coder,toke,157,396,A-MTH,2
MIG-P2-A-A-MTH-0069v19-695e76dc,qwen2.5-coder,toke,77,175,A-MTH,2
MIG-P2-A-A-MTH-0072v42-c8d759e2,qwen2.5-coder,toke,66,146,A-MTH,2
MIG-P2-A-A-MTH-0083v2-627dd976,qwen2.5-coder,toke,98,171,A-MTH,2
MIG-P2-A-A-MTH-0085v18-2cfb7d84,qwen2.5-coder,toke,97,202,A-MTH,2
MIG-P2-A-A-MTH-0086v7-8f36e7b8,qwen2.5-coder,toke,47,96,A-MTH,2
MIG-P2-A-A-MTH-0108v13-3cb3cc13,qwen2.5-coder,toke,116,223,A-MTH,2
MIG-P2-A-A-MTH-0108v16-9047b806,qwen2.5-coder,toke,102,195,A-MTH,2
MIG-P2-A-A-MTH-0116v26-1fd6fb1a,qwen2.5-coder,toke,56,102,A-MTH,2
MIG-P2-A-A-SRT-0003v19-3b9be894,qwen2.5-coder,toke,121,321,A-SRT,2
MIG-P2-A-A-SRT-0006v56-e6aa959b,qwen2.5-coder,toke,131,357,A-SRT,2
MIG-P2-A-A-SRT-0007v39-4ba3035e,qwen2.5-coder,toke,108,249,A-SRT,2
MIG-P2-A-A-SRT-0020v53-ec8dd469,qwen2.5-coder,toke,152,365,A-SRT,2
MIG-P2-A-A-SRT-0023v4-0062cf5a,qwen2.5-coder,toke,60,122,A-SRT,2
MIG-P2-A-A-SRT-0023v60-c30f8c00,qwen2.5-coder,toke,63,144,A-SRT,2
MIG-P2-A-A-SRT-0024v49-af6234f8,qwen2.5-coder,toke,51,101,A-SRT,2
MIG-P2-A-A-SRT-0024v58-20099721,qwen2.5-coder,toke,57,117,A-SRT,2
MIG-P2-A-A-SRT-0025v16-1d3bf000,qwen2.5-coder,toke,77,181,A-SRT,2
MIG-P2-A-A-SRT-0029v48-7d3bc71a,qwen2.5-coder,toke,122,242,A-SRT,2
MIG-P2-A-A-SRT-0040v18-70357253,qwen2.5-coder,toke,156,372,A-SRT,2
MIG-P2-A-A-SRT-0065v2-1a9f9974,qwen2.5-coder,toke,94,201,A-SRT,2
MIG-P2-A-A-SRT-0066v19-eb81fcb7,qwen2.5-coder,toke,160,365,A-SRT,2
MIG-P2-A-A-SRT-0084v17-44ea7a4a,qwen2.5-coder,toke,188,416,A-SRT,2
MIG-P2-A-A-SRT-0098v27-f911f1fc,qwen2.5-coder,toke,126,273,A-SRT,2
MIG-P2-A-A-STR-0003v11-d23bf18e,qwen2.5-coder,toke,122,331,A-STR,2
MIG-P2-A-A-STR-0027v82-517bed3c,qwen2.5-coder,toke,29,66,A-STR,2
MIG-P2-A-A-STR-0028v78-0e07a50c,qwen2.5-coder,toke,152,374,A-STR,2
MIG-P2-A-A-STR-0030v56-e095c21a,qwen2.5-coder,toke,135,329,A-STR,2
MIG-P2-A-A-STR-0032v34-1c7e052f,qwen2.5-coder,toke,36,76,A-STR,2
MIG-P2-A-A-STR-0033v32-244d6ffc,qwen2.5-coder,toke,105,242,A-STR,2
MIG-P2-A-A-STR-0046v37-5a720218,qwen2.5-coder,toke,117,295,A-STR,2
MIG-P2-A-A-STR-0052v35-8e4b0988,qwen2.5-coder,toke,103,247,A-STR,2
MIG-P2-A-A-STR-0056v1-0c1b6949,qwen2.5-coder,toke,89,222,A-STR,2
MIG-P2-A-A-STR-0066v11-2b170eef,qwen2.5-coder,toke,251,635,A-STR,2
MIG-P2-A-A-STR-0070v15-2feca867,qwen2.5-coder,toke,173,404,A-STR,2
MIG-P2-A-A-STR-0074v7-4696e45d,qwen2.5-coder,toke,119,306,A-STR,2
MIG-P2-A-A-STR-0077v20-cbaead5a,qwen2.5-coder,toke,118,308,A-STR,2
MIG-P2-A-A-STR-0089v30-08ec95b3,qwen2.5-coder,toke,92,222,A-STR,2
MIG-P2-B-D-CFG-0003v306-8f80e8fb,qwen2.5-coder,toke,118,286,D-CFG,2
MIG-P2-B-D-CFG-0004v303-01e53bc8,qwen2.5-coder,toke,48,135,D-CFG,2
MIG-P2-B-D-CFG-0004v305-76249577,qwen2.5-coder,toke,65,136,D-CFG,2
MIG-P2-B-D-CFG-0004v359-b5e6239f,qwen2.5-coder,toke,76,170,D-CFG,2
MIG-P2-B-D-CFG-0005v353-e1a5e3c3,qwen2.5-coder,toke,74,161,D-CFG,2
MIG-P2-B-D-CFG-0006v309-dbfc914d,qwen2.5-coder,toke,112,246,D-CFG,2
MIG-P2-B-D-CFG-0006v321-78fa5c0b,qwen2.5-coder,toke,81,196,D-CFG,2
MIG-P2-B-D-CFG-0007v352-0f6e22a3,qwen2.5-coder,toke,109,259,D-CFG,2
MIG-P2-B-D-CFG-0009v325-467d8fd6,qwen2.5-coder,toke,30,57,D-CFG,2
MIG-P2-B-D-CFG-0009v355-d2eb8205,qwen2.5-coder,toke,55,139,D-CFG,2
MIG-P2-B-D-CFG-0014v360-17471713,qwen2.5-coder,toke,98,234,D-CFG,2
MIG-P2-B-D-CFG-0015v293-32e2b410,qwen2.5-coder,toke,105,230,D-CFG,2
MIG-P2-B-D-CFG-0015v326-4bbca610,qwen2.5-coder,toke,51,136,D-CFG,2
MIG-P2-B-D-CFG-0015v358-137b329a,qwen2.5-coder,toke,126,259,D-CFG,2
MIG-P2-B-D-CFG-0016v322-52d734a6,qwen2.5-coder,toke,66,138,D-CFG,2
MIG-P2-B-D-CFG-0016v331-1cb9caf9,qwen2.5-coder,toke,72,152,D-CFG,2
MIG-P2-B-D-CFG-0017v317-a2d78110,qwen2.5-coder,toke,88,197,D-CFG,2
MIG-P2-B-D-CFG-0017v354-af88686b,qwen2.5-coder,toke,71,149,D-CFG,2
MIG-P2-B-D-CFG-0017v361-09adc8ec,qwen2.5-coder,toke,81,160,D-CFG,2
MIG-P2-B-D-CFG-0018v339-9d0216cd,qwen2.5-coder,toke,66,136,D-CFG,2
MIG-P2-B-D-CFG-0018v347-4a6e4aba,qwen2.5-coder,toke,112,251,D-CFG,2
MIG-P2-B-D-CLI-0005v238-79c32f52,qwen2.5-coder,toke,133,275,D-CLI,2
MIG-P2-B-D-CLI-0006v234-0bce5989,qwen2.5-coder,toke,55,129,D-CLI,2
MIG-P2-B-D-CLI-0007v283-d0929b7c,qwen2.5-coder,toke,113,250,D-CLI,2
MIG-P2-B-D-CLI-0008v234-e295ddbc,qwen2.5-coder,toke,224,448,D-CLI,2
MIG-P2-B-D-CLI-0009v255-57d2b57e,qwen2.5-coder,toke,78,189,D-CLI,2
MIG-P2-B-D-CLI-0010v265-0089a60a,qwen2.5-coder,toke,92,234,D-CLI,2
MIG-P2-B-D-CLI-0013v238-81d3a3f8,qwen2.5-coder,toke,126,292,D-CLI,2
MIG-P2-B-D-CLI-0013v280-21f5adca,qwen2.5-coder,toke,142,307,D-CLI,2
MIG-P2-B-D-CLI-0014v274-592e1717,qwen2.5-coder,toke,167,374,D-CLI,2
MIG-P2-B-D-CLI-0016v270-3025e72b,qwen2.5-coder,toke,36,88,D-CLI,2
MIG-P2-B-D-CLI-0016v278-ae52b8ba,qwen2.5-coder,toke,49,116,D-CLI,2
MIG-P2-B-D-CLI-0016v282-bdf817f1,qwen2.5-coder,toke,47,104,D-CLI,2
MIG-P2-B-D-CLI-0017v274-ed94674e,qwen2.5-coder,toke,48,117,D-CLI,2
MIG-P2-B-D-CLI-0018v270-e718052b,qwen2.5-coder,toke,221,482,D-CLI,2
MIG-P2-B-D-CLI-0022v265-5cbbd599,qwen2.5-coder,toke,61,108,D-CLI,2
MIG-P2-B-D-CLI-0024v241-103fab47,qwen2.5-coder,toke,32,61,D-CLI,2
MIG-P2-B-D-CRY-0003v261-698bf164,qwen2.5-coder,toke,144,284,D-CRY,2
MIG-P2-B-D-CRY-0006v232-990b7eb9,qwen2.5-coder,toke,94,183,D-CRY,2
MIG-P2-B-D-CRY-0006v249-cc82b861,qwen2.5-coder,toke,65,179,D-CRY,2
MIG-P2-B-D-CRY-0006v280-f8103207,qwen2.5-coder,toke,118,282,D-CRY,2
MIG-P2-B-D-CRY-0008v232-1c78e288,qwen2.5-coder,toke,81,152,D-CRY,2
MIG-P2-B-D-CRY-0008v235-64734bfb,qwen2.5-coder,toke,116,257,D-CRY,2
MIG-P2-B-D-CRY-0008v266-500af4a7,qwen2.5-coder,toke,102,251,D-CRY,2
MIG-P2-B-D-CRY-0008v284-3c28ddd2,qwen2.5-coder,toke,153,305,D-CRY,2
MIG-P2-B-D-CRY-0011v261-0ef0fb1b,qwen2.5-coder,toke,76,151,D-CRY,2
MIG-P2-B-D-CRY-0011v265-5aab77e7,qwen2.5-coder,toke,36,81,D-CRY,2
MIG-P2-B-D-CRY-0012v248-a45f9e25,qwen2.5-coder,toke,44,98,D-CRY,2
MIG-P2-B-D-CRY-0015v233-7b8394f7,qwen2.5-coder,toke,89,186,D-CRY,2
MIG-P2-B-D-CRY-0018v267-ec102dd0,qwen2.5-coder,toke,98,206,D-CRY,2
MIG-P2-B-D-CRY-0023v273-be7b4a51,qwen2.5-coder,toke,71,146,D-CRY,2
MIG-P2-B-D-CRY-0024v231-ef799997,qwen2.5-coder,toke,80,195,D-CRY,2
MIG-P2-B-D-CRY-0024v250-de2d5cc8,qwen2.5-coder,toke,78,209,D-CRY,2
MIG-P2-B-D-DAT-0002v215-795c142a,qwen2.5-coder,toke,123,374,D-DAT,2
MIG-P2-B-D-DAT-0002v226-bdc6ac15,qwen2.5-coder,toke,48,134,D-DAT,2
MIG-P2-B-D-DAT-0002v233-6953d039,qwen2.5-coder,toke,116,261,D-DAT,2
MIG-P2-B-D-DAT-0008v219-afca7ba9,qwen2.5-coder,toke,107,194,D-DAT,2
MIG-P2-B-D-DAT-0011v260-4218a520,qwen2.5-coder,toke,69,187,D-DAT,2
MIG-P2-B-D-DAT-0012v260-40d6e501,qwen2.5-coder,toke,46,110,D-DAT,2
MIG-P2-B-D-DAT-0016v231-9c55c629,qwen2.5-coder,toke,82,228,D-DAT,2
MIG-P2-B-D-DAT-0016v249-a406dfc4,qwen2.5-coder,toke,41,82,D-DAT,2
MIG-P2-B-D-DAT-0022v214-5129e0d9,qwen2.5-coder,toke,192,414,D-DAT,2
MIG-P2-B-D-DAT-0024v225-21f80817,qwen2.5-coder,toke,67,161,D-DAT,2
MIG-P2-B-D-FIO-0002v379-199aa5a0,qwen2.5-coder,toke,94,220,D-FIO,2
MIG-P2-B-D-FIO-0005v352-8fabc9a6,qwen2.5-coder,toke,77,154,D-FIO,2
MIG-P2-B-D-FIO-0006v376-09e089e5,qwen2.5-coder,toke,55,123,D-FIO,2
MIG-P2-B-D-FIO-0007v319-7305c7e8,qwen2.5-coder,toke,115,269,D-FIO,2
MIG-P2-B-D-FIO-0007v379-20b5f9c7,qwen2.5-coder,toke,60,138,D-FIO,2
MIG-P2-B-D-FIO-0010v320-88acb6f9,qwen2.5-coder,toke,45,105,D-FIO,2
MIG-P2-B-D-FIO-0010v374-f2afddb2,qwen2.5-coder,toke,122,327,D-FIO,2
MIG-P2-B-D-FIO-0011v355-7b964ad5,qwen2.5-coder,toke,118,255,D-FIO,2
MIG-P2-B-D-FIO-0012v318-8e9820e8,qwen2.5-coder,toke,130,319,D-FIO,2
MIG-P2-B-D-FIO-0013v310-85110f2e,qwen2.5-coder,toke,174,399,D-FIO,2
MIG-P2-B-D-FIO-0013v313-5e9cf1fb,qwen2.5-coder,toke,108,262,D-FIO,2
MIG-P2-B-D-FIO-0013v374-e5b44242,qwen2.5-coder,toke,62,160,D-FIO,2
MIG-P2-B-D-FIO-0014v336-72972580,qwen2.5-coder,toke,88,218,D-FIO,2
MIG-P2-B-D-FIO-0014v362-e89d5150,qwen2.5-coder,toke,118,334,D-FIO,2
MIG-P2-B-D-FIO-0016v371-ba28ac96,qwen2.5-coder,toke,95,169,D-FIO,2
MIG-P2-B-D-FIO-0018v312-63f385af,qwen2.5-coder,toke,53,142,D-FIO,2
MIG-P2-B-D-FIO-0018v331-bd4e61c9,qwen2.5-coder,toke,213,530,D-FIO,2
MIG-P2-B-D-NET-0001v310-54f88a7b,qwen2.5-coder,toke,101,253,D-NET,2
MIG-P2-B-D-NET-0003v281-faca71e6,qwen2.5-coder,toke,143,278,D-NET,2
MIG-P2-B-D-NET-0004v342-8aadac55,qwen2.5-coder,toke,204,522,D-NET,2
MIG-P2-B-D-NET-0006v301-8935d440,qwen2.5-coder,toke,165,390,D-NET,2
MIG-P2-B-D-NET-0006v328-3e70884f,qwen2.5-coder,toke,162,384,D-NET,2
MIG-P2-B-D-NET-0011v282-f9c0c6a9,qwen2.5-coder,toke,183,440,D-NET,2
MIG-P2-B-D-NET-0011v320-804c83b1,qwen2.5-coder,toke,94,185,D-NET,2
MIG-P2-B-D-NET-0013v313-1073206f,qwen2.5-coder,toke,61,167,D-NET,2
MIG-P2-B-D-NET-0013v322-c854f5f5,qwen2.5-coder,toke,70,197,D-NET,2
MIG-P2-B-D-NET-0013v329-939624dc,qwen2.5-coder,toke,138,345,D-NET,2
MIG-P2-B-D-NET-0015v325-843708ad,qwen2.5-coder,toke,31,46,D-NET,2
MIG-P2-B-D-NET-0017v319-2eece785,qwen2.5-coder,toke,31,66,D-NET,2
MIG-P2-B-D-NET-0018v322-ae4d934a,qwen2.5-coder,toke,113,279,D-NET,2
MIG-P2-B-D-NET-0020v316-7d750f1c,qwen2.5-coder,toke,93,235,D-NET,2
MIG-P2-B-D-NET-0020v342-34df5d4e,qwen2.5-coder,toke,168,379,D-NET,2
MIG-P2-B-D-TST-0002v250-cbd4628c,qwen2.5-coder,toke,57,109,D-TST,2
MIG-P2-B-D-TST-0002v265-acfe291b,qwen2.5-coder,toke,25,44,D-TST,2
MIG-P2-B-D-TST-0002v270-db71ba13,qwen2.5-coder,toke,90,193,D-TST,2
MIG-P2-B-D-TST-0003v245-622ce171,qwen2.5-coder,toke,153,351,D-TST,2
MIG-P2-B-D-TST-0004v242-2e8154bf,qwen2.5-coder,toke,38,94,D-TST,2
MIG-P2-B-D-TST-0007v272-bb002a3e,qwen2.5-coder,toke,36,82,D-TST,2
MIG-P2-B-D-TST-0015v268-801bc724,qwen2.5-coder,toke,106,234,D-TST,2
MIG-P2-B-D-TST-0019v245-0707d0f2,qwen2.5-coder,toke,58,134,D-TST,2
MIG-P2-B-D-TST-0019v257-16c417b7,qwen2.5-coder,toke,73,143,D-TST,2
MIG-P2-B-D-TST-0021v268-b52bd1bc,qwen2.5-coder,toke,69,172,D-TST,2
MIG-P2-B-D-TST-0022v254-6bee1db8,qwen2.5-coder,toke,33,60,D-TST,2
MIG-P2-B-D-TST-0023v242-fa54d782,qwen2.5-coder,toke,40,98,D-TST,2
MIG-P2-B-D-WEB-0002v213-797460ee,qwen2.5-coder,toke,156,395,D-WEB,2
MIG-P2-B-D-WEB-0007v243-5e0cbdbf,qwen2.5-coder,toke,144,301,D-WEB,2
MIG-P2-B-D-WEB-0008v232-da6994f4,qwen2.5-coder,toke,102,236,D-WEB,2
MIG-P2-B-D-WEB-0008v246-78fe17d1,qwen2.5-coder,toke,100,235,D-WEB,2
MIG-P2-B-D-WEB-0010v251-0751b4cc,qwen2.5-coder,toke,48,140,D-WEB,2
MIG-P2-B-D-WEB-0011v214-77df7b1e,qwen2.5-coder,toke,132,259,D-WEB,2
MIG-P2-B-D-WEB-0014v206-9dd1dd17,qwen2.5-coder,toke,185,393,D-WEB,2
MIG-P2-B-D-WEB-0015v227-65b0fef3,qwen2.5-coder,toke,118,245,D-WEB,2
MIG-P2-B-D-WEB-0020v249-b7da0e52,qwen2.5-coder,toke,85,209,D-WEB,2
MIG-P2-B-D-WEB-0022v232-55baa0ea,qwen2.5-coder,toke,87,181,D-WEB,2
MIG-P2-B-D-WEB-0024v212-8082c866,qwen2.5-coder,toke,102,233,D-WEB,2
MIG-P2-B-D-WEB-0027v235-e7acc931,qwen2.5-coder,toke,35,75,D-WEB,2
A-ARR-0001v7,cl100k_base,toke,110,245,A-ARR,1
A-ARR-0003v63,cl100k_base,toke,73,165,A-ARR,1
A-ARR-0005v10,cl100k_base,toke,124,288,A-ARR,1
A-ARR-0006v23,cl100k_base,toke,103,253,A-ARR,1
A-ARR-0007v18,cl100k_base,toke,43,93,A-ARR,1
A-ARR-0008v69,cl100k_base,toke,57,125,A-ARR,1
A-ARR-0009v4,cl100k_base,toke,89,196,A-ARR,1
A-ARR-0010v41,cl100k_base,toke,56,109,A-ARR,1
A-ARR-0011v61,cl100k_base,toke,93,218,A-ARR,1
A-ARR-0011v63,cl100k_base,toke,81,192,A-ARR,1
A-ARR-0014v66,cl100k_base,toke,76,205,A-ARR,1
A-ARR-0015v55,cl100k_base,toke,54,112,A-ARR,1
A-ARR-0017v1,cl100k_base,toke,69,144,A-ARR,1
A-ARR-0018v28,cl100k_base,toke,78,197,A-ARR,1
A-ARR-0018v54,cl100k_base,toke,111,295,A-ARR,1
A-ARR-0018v68,cl100k_base,toke,72,197,A-ARR,1
A-ARR-0021v1,cl100k_base,toke,56,126,A-ARR,1
A-ARR-0021v29,cl100k_base,toke,127,299,A-ARR,1
A-ARR-0022v58,cl100k_base,toke,129,358,A-ARR,1
A-ARR-0024v21,cl100k_base,toke,134,304,A-ARR,1
A-ARR-0025v57,cl100k_base,toke,136,268,A-ARR,1
A-ARR-0026v17,cl100k_base,toke,100,234,A-ARR,1
A-ARR-0027v10,cl100k_base,toke,73,168,A-ARR,1
A-ARR-0028v31,cl100k_base,toke,123,271,A-ARR,1
A-ARR-0028v38,cl100k_base,toke,68,155,A-ARR,1
A-ARR-0031v64,cl100k_base,toke,39,90,A-ARR,1
A-ARR-0032v15,cl100k_base,toke,61,140,A-ARR,1
A-ARR-0032v21,cl100k_base,toke,119,255,A-ARR,1
A-ARR-0032v46,cl100k_base,toke,194,451,A-ARR,1
A-ARR-0033,cl100k_base,toke,102,244,A-ARR,1
A-ARR-0033v2,cl100k_base,toke,97,201,A-ARR,1
A-ARR-0033v26,cl100k_base,toke,114,281,A-ARR,1
A-ARR-0034v28,cl100k_base,toke,77,201,A-ARR,1
A-ARR-0035v20,cl100k_base,toke,122,267,A-ARR,2
A-ARR-0035v41,cl100k_base,toke,155,399,A-ARR,2
A-ARR-0035v54,cl100k_base,toke,92,186,A-ARR,2
A-ARR-0037v61,cl100k_base,toke,178,451,A-ARR,2
A-ARR-0041v65,cl100k_base,toke,67,157,A-ARR,2
A-ARR-0041v69,cl100k_base,toke,66,155,A-ARR,2
A-ARR-0042v45,cl100k_base,toke,149,363,A-ARR,2
A-ARR-0042v57,cl100k_base,toke,66,162,A-ARR,2
A-ARR-0042v63,cl100k_base,toke,132,316,A-ARR,2
A-ARR-0043v6,cl100k_base,toke,131,285,A-ARR,2
A-ARR-0044v11,cl100k_base,toke,68,164,A-ARR,2
A-ARR-0045v8,cl100k_base,toke,180,452,A-ARR,2
A-ARR-0046v39,cl100k_base,toke,197,490,A-ARR,2
A-ARR-0047v22,cl100k_base,toke,112,253,A-ARR,2
A-ARR-0047v68,cl100k_base,toke,62,138,A-ARR,2
A-ARR-0048v3,cl100k_base,toke,119,263,A-ARR,2
A-ARR-0048v44,cl100k_base,toke,144,349,A-ARR,2
A-ARR-0049v13,cl100k_base,toke,92,189,A-ARR,2
A-ARR-0049v40,cl100k_base,toke,67,150,A-ARR,2
A-ARR-0049v66,cl100k_base,toke,71,160,A-ARR,2
A-ARR-0051v63,cl100k_base,toke,106,250,A-ARR,2
A-ARR-0052v53,cl100k_base,toke,186,406,A-ARR,2
A-ARR-0052v63,cl100k_base,toke,105,243,A-ARR,2
A-ARR-0056v65,cl100k_base,toke,198,408,A-ARR,2
A-ARR-0057v15,cl100k_base,toke,217,518,A-ARR,2
A-ARR-0058v13,cl100k_base,toke,106,250,A-ARR,2
A-ARR-0058v24,cl100k_base,toke,119,261,A-ARR,2
A-ARR-0063v46,cl100k_base,toke,131,278,A-ARR,2
A-ARR-0066v24,cl100k_base,toke,145,298,A-ARR,2
A-ARR-0066v53,cl100k_base,toke,66,137,A-ARR,2
A-ARR-0066v9,cl100k_base,toke,65,129,A-ARR,2
A-ARR-0067v66,cl100k_base,toke,66,156,A-ARR,2
A-ARR-0068v30,cl100k_base,toke,191,414,A-ARR,2
A-ARR-0069v8,cl100k_base,toke,172,393,A-ARR,2
A-ARR-0071v8,cl100k_base,toke,241,538,A-ARR,2
A-ARR-0072v13,cl100k_base,toke,82,203,A-ARR,2
A-ARR-0072v19,cl100k_base,toke,199,435,A-ARR,2
A-ARR-0072v2,cl100k_base,toke,144,303,A-ARR,2
A-ARR-0073v68,cl100k_base,toke,214,493,A-ARR,2
A-ARR-0074v36,cl100k_base,toke,148,381,A-ARR,2
A-ARR-0076v10,cl100k_base,toke,61,135,A-ARR,3
A-ARR-0076v30,cl100k_base,toke,144,318,A-ARR,3
A-ARR-0076v62,cl100k_base,toke,84,199,A-ARR,3
A-ARR-0076v8,cl100k_base,toke,123,292,A-ARR,3
A-ARR-0077v34,cl100k_base,toke,83,197,A-ARR,3
A-ARR-0077v36,cl100k_base,toke,84,199,A-ARR,3
A-ARR-0078v35,cl100k_base,toke,129,288,A-ARR,3
A-ARR-0078v57,cl100k_base,toke,169,359,A-ARR,3
A-ARR-0079v20,cl100k_base,toke,243,541,A-ARR,3
A-ARR-0079v49,cl100k_base,toke,88,192,A-ARR,3
A-ARR-0080v55,cl100k_base,toke,261,679,A-ARR,3
A-ARR-0080v58,cl100k_base,toke,196,440,A-ARR,3
A-ARR-0081v16,cl100k_base,toke,132,291,A-ARR,3
A-ARR-0081v23,cl100k_base,toke,231,509,A-ARR,3
A-ARR-0081v30,cl100k_base,toke,94,223,A-ARR,3
A-ARR-0081v64,cl100k_base,toke,86,198,A-ARR,3
A-ARR-0081v66,cl100k_base,toke,213,471,A-ARR,3
A-ARR-0082v45,cl100k_base,toke,148,359,A-ARR,3
A-ARR-0084v35,cl100k_base,toke,144,335,A-ARR,3
A-ARR-0084v55,cl100k_base,toke,273,626,A-ARR,3
A-ARR-0084v62,cl100k_base,toke,214,443,A-ARR,3
A-ARR-0086,cl100k_base,toke,116,297,A-ARR,3
A-ARR-0086v45,cl100k_base,toke,238,613,A-ARR,3
A-ARR-0086v57,cl100k_base,toke,174,417,A-ARR,3
A-ARR-0087v1,cl100k_base,toke,147,335,A-ARR,3
A-ARR-0087v12,cl100k_base,toke,236,599,A-ARR,3
A-ARR-0088v12,cl100k_base,toke,106,270,A-ARR,3
A-ARR-0088v13,cl100k_base,toke,100,239,A-ARR,3
A-ARR-0088v33,cl100k_base,toke,170,364,A-ARR,3
A-ARR-0090v13,cl100k_base,toke,148,349,A-ARR,3
A-ARR-0091v64,cl100k_base,toke,123,307,A-ARR,2
A-ARR-0092v1,cl100k_base,toke,127,315,A-ARR,2
A-ARR-0092v19,cl100k_base,toke,183,439,A-ARR,2
A-ARR-0094v16,cl100k_base,toke,126,335,A-ARR,2
A-ARR-0094v17,cl100k_base,toke,172,419,A-ARR,2
A-ARR-0096v36,cl100k_base,toke,178,450,A-ARR,2
A-ARR-0096v66,cl100k_base,toke,131,335,A-ARR,2
A-ARR-0099v32,cl100k_base,toke,113,294,A-ARR,2
A-ARR-0103,cl100k_base,toke,112,238,A-ARR,2
A-ARR-0105v25,cl100k_base,toke,77,186,A-ARR,2
A-ARR-0105v37,cl100k_base,toke,137,315,A-ARR,2
A-ARR-0105v67,cl100k_base,toke,72,171,A-ARR,2
A-ARR-0107v49,cl100k_base,toke,76,179,A-ARR,2
A-ARR-0108v11,cl100k_base,toke,201,444,A-ARR,2
A-ARR-0112v42,cl100k_base,toke,203,469,A-ARR,2
A-ARR-0112v52,cl100k_base,toke,206,442,A-ARR,2
A-ARR-0113v39,cl100k_base,toke,81,213,A-ARR,3
A-ARR-0114v12,cl100k_base,toke,144,358,A-ARR,3
A-ARR-0116v40,cl100k_base,toke,116,264,A-ARR,2
A-ARR-0116v59,cl100k_base,toke,67,169,A-ARR,2
A-ARR-0117v38,cl100k_base,toke,120,291,A-ARR,2
A-ARR-0117v40,cl100k_base,toke,106,257,A-ARR,2
A-ARR-0117v9,cl100k_base,toke,66,147,A-ARR,2
A-ARR-0118v9,cl100k_base,toke,59,137,A-ARR,2
A-ARR-0119v6,cl100k_base,toke,121,262,A-ARR,3
A-CND-0005v22,cl100k_base,toke,99,205,A-CND,1
A-CND-0008v82,cl100k_base,toke,149,290,A-CND,1
A-CND-0012v42,cl100k_base,toke,70,156,A-CND,1
A-CND-0013v51,cl100k_base,toke,120,326,A-CND,1
A-CND-0014v38,cl100k_base,toke,38,82,A-CND,1
A-CND-0015v75,cl100k_base,toke,70,187,A-CND,1
A-CND-0017v20,cl100k_base,toke,85,233,A-CND,1
A-CND-0020v70,cl100k_base,toke,112,242,A-CND,1
A-CND-0024v9,cl100k_base,toke,98,204,A-CND,1
A-CND-0029v44,cl100k_base,toke,120,285,A-CND,1
A-CND-0029v48,cl100k_base,toke,53,117,A-CND,1
A-CND-0032v49,cl100k_base,toke,86,185,A-CND,1
A-CND-0034v67,cl100k_base,toke,128,315,A-CND,1
A-CND-0038v23,cl100k_base,toke,130,291,A-CND,1
A-CND-0040v16,cl100k_base,toke,69,156,A-CND,2
A-CND-0040v83,cl100k_base,toke,77,184,A-CND,2
A-CND-0041v48,cl100k_base,toke,158,348,A-CND,2
A-CND-0041v66,cl100k_base,toke,116,288,A-CND,2
A-CND-0042v25,cl100k_base,toke,103,225,A-CND,2
A-CND-0042v37,cl100k_base,toke,68,153,A-CND,2
A-CND-0042v41,cl100k_base,toke,65,121,A-CND,2
A-CND-0043v16,cl100k_base,toke,124,266,A-CND,2
A-CND-0043v45,cl100k_base,toke,139,309,A-CND,2
A-CND-0043v48,cl100k_base,toke,124,256,A-CND,2
A-CND-0043v72,cl100k_base,toke,130,271,A-CND,2
A-CND-0044,cl100k_base,toke,86,159,A-CND,2
A-CND-0044v21,cl100k_base,toke,164,344,A-CND,2
A-CND-0044v36,cl100k_base,toke,191,374,A-CND,2
A-CND-0044v47,cl100k_base,toke,114,215,A-CND,2
A-CND-0044v55,cl100k_base,toke,160,331,A-CND,2
A-CND-0044v8,cl100k_base,toke,152,335,A-CND,2
A-CND-0046v72,cl100k_base,toke,114,256,A-CND,2
A-CND-0047v49,cl100k_base,toke,159,323,A-CND,2
A-CND-0047v71,cl100k_base,toke,144,276,A-CND,2
A-CND-0048v38,cl100k_base,toke,157,323,A-CND,2
A-CND-0049v27,cl100k_base,toke,99,183,A-CND,2
A-CND-0050v18,cl100k_base,toke,207,448,A-CND,3
A-CND-0050v4,cl100k_base,toke,280,621,A-CND,3
A-CND-0050v43,cl100k_base,toke,269,612,A-CND,3
A-CND-0050v44,cl100k_base,toke,140,267,A-CND,3
A-CND-0050v46,cl100k_base,toke,132,257,A-CND,3
A-CND-0050v47,cl100k_base,toke,223,487,A-CND,3
A-CND-0050v58,cl100k_base,toke,214,478,A-CND,3
A-CND-0050v74,cl100k_base,toke,326,693,A-CND,3
A-CND-0050v8,cl100k_base,toke,115,225,A-CND,3
A-CND-0051v24,cl100k_base,toke,128,221,A-CND,3
A-CND-0051v28,cl100k_base,toke,119,246,A-CND,3
A-CND-0051v35,cl100k_base,toke,247,466,A-CND,3
A-CND-0051v42,cl100k_base,toke,123,200,A-CND,3
A-CND-0051v47,cl100k_base,toke,107,211,A-CND,3
A-CND-0051v48,cl100k_base,toke,254,478,A-CND,3
A-CND-0051v69,cl100k_base,toke,238,455,A-CND,3
A-CND-0051v72,cl100k_base,toke,234,441,A-CND,3
A-CND-0051v81,cl100k_base,toke,228,419,A-CND,3
A-CND-0052v15,cl100k_base,toke,179,378,A-CND,3
A-CND-0052v35,cl100k_base,toke,192,435,A-CND,3
A-CND-0052v41,cl100k_base,toke,221,477,A-CND,3
A-CND-0052v80,cl100k_base,toke,197,456,A-CND,3
A-CND-0053v60,cl100k_base,toke,91,207,A-CND,2
A-CND-0053v77,cl100k_base,toke,97,231,A-CND,2
A-CND-0054v17,cl100k_base,toke,126,292,A-CND,3
A-CND-0054v18,cl100k_base,toke,119,278,A-CND,3
A-CND-0054v26,cl100k_base,toke,119,278,A-CND,3
A-CND-0054v36,cl100k_base,toke,201,540,A-CND,3
A-CND-0054v5,cl100k_base,toke,178,502,A-CND,3
A-CND-0054v75,cl100k_base,toke,135,312,A-CND,3
A-CND-0054v9,cl100k_base,toke,110,260,A-CND,3
A-CND-0056v64,cl100k_base,toke,73,150,A-CND,1
A-CND-0058v19,cl100k_base,toke,105,278,A-CND,1
A-CND-0059v20,cl100k_base,toke,127,326,A-CND,1
A-CND-0059v6,cl100k_base,toke,183,442,A-CND,1
A-CND-0064v12,cl100k_base,toke,98,227,A-CND,2
A-CND-0064v5,cl100k_base,toke,136,350,A-CND,2
A-CND-0065v17,cl100k_base,toke,128,344,A-CND,2
A-CND-0065v45,cl100k_base,toke,81,183,A-CND,2
A-CND-0065v55,cl100k_base,toke,125,333,A-CND,2
A-CND-0065v58,cl100k_base,toke,128,344,A-CND,2
A-CND-0065v59,cl100k_base,toke,80,182,A-CND,2
A-CND-0066v15,cl100k_base,toke,93,195,A-CND,2
A-CND-0067v4,cl100k_base,toke,77,167,A-CND,2
A-CND-0067v43,cl100k_base,toke,92,212,A-CND,2
A-CND-0068v44,cl100k_base,toke,121,299,A-CND,2
A-CND-0069v11,cl100k_base,toke,162,403,A-CND,2
A-CND-0069v16,cl100k_base,toke,85,156,A-CND,2
A-CND-0069v35,cl100k_base,toke,162,394,A-CND,2
A-CND-0070v19,cl100k_base,toke,161,404,A-CND,1
A-CND-0070v27,cl100k_base,toke,140,346,A-CND,1
A-CND-0070v58,cl100k_base,toke,130,337,A-CND,1
A-CND-0071v16,cl100k_base,toke,37,91,A-CND,1
A-CND-0072v17,cl100k_base,toke,103,233,A-CND,2
A-CND-0072v24,cl100k_base,toke,180,401,A-CND,2
A-CND-0072v75,cl100k_base,toke,105,215,A-CND,2
A-CND-0073v21,cl100k_base,toke,60,147,A-CND,1
A-CND-0073v48,cl100k_base,toke,98,233,A-CND,1
A-CND-0073v66,cl100k_base,toke,62,148,A-CND,1
A-CND-0074v11,cl100k_base,toke,116,253,A-CND,2
A-CND-0075v32,cl100k_base,toke,78,155,A-CND,2
A-CND-0075v38,cl100k_base,toke,146,426,A-CND,2
A-CND-0075v50,cl100k_base,toke,141,420,A-CND,2
A-CND-0077v44,cl100k_base,toke,151,278,A-CND,2
A-CND-0078v54,cl100k_base,toke,186,497,A-CND,2
A-CND-0078v56,cl100k_base,toke,71,149,A-CND,2
A-CND-0078v7,cl100k_base,toke,86,180,A-CND,2
A-CND-0080v79,cl100k_base,toke,125,269,A-CND,1
A-CND-0082v55,cl100k_base,toke,88,194,A-CND,1
A-CND-0083v17,cl100k_base,toke,43,88,A-CND,1
A-CND-0083v74,cl100k_base,toke,97,244,A-CND,1
A-CND-0084v83,cl100k_base,toke,66,136,A-CND,1
A-CND-0085v71,cl100k_base,toke,83,190,A-CND,1
A-CND-0087v75,cl100k_base,toke,135,315,A-CND,1
A-CND-0088v7,cl100k_base,toke,111,261,A-CND,1
A-CND-0088v70,cl100k_base,toke,43,92,A-CND,1
A-CND-0089v2,cl100k_base,toke,85,174,A-CND,2
A-CND-0090v14,cl100k_base,toke,57,113,A-CND,1
A-CND-0090v65,cl100k_base,toke,106,246,A-CND,1
A-CND-0091v1,cl100k_base,toke,104,204,A-CND,2
A-CND-0091v30,cl100k_base,toke,84,188,A-CND,2
A-CND-0091v68,cl100k_base,toke,66,168,A-CND,2
A-CND-0091v81,cl100k_base,toke,130,311,A-CND,2
A-CND-0092v10,cl100k_base,toke,89,213,A-CND,2
A-CND-0092v31,cl100k_base,toke,93,229,A-CND,2
A-CND-0092v50,cl100k_base,toke,115,288,A-CND,2
A-CND-0092v56,cl100k_base,toke,114,287,A-CND,2
A-CND-0093v40,cl100k_base,toke,74,150,A-CND,2
A-CND-0094v29,cl100k_base,toke,91,197,A-CND,2
A-CND-0094v58,cl100k_base,toke,35,75,A-CND,2
A-CND-0095v27,cl100k_base,toke,75,178,A-CND,2
A-CND-0095v46,cl100k_base,toke,122,268,A-CND,2
A-CND-0096v25,cl100k_base,toke,94,151,A-CND,2
A-CND-0096v63,cl100k_base,toke,88,160,A-CND,2
A-CND-0097v34,cl100k_base,toke,54,123,A-CND,2
A-CND-0097v37,cl100k_base,toke,61,113,A-CND,2
A-CND-0098v60,cl100k_base,toke,198,453,A-CND,2
A-CND-0098v76,cl100k_base,toke,187,442,A-CND,2
A-ERR-0003v19,cl100k_base,toke,154,332,A-ERR,1
A-ERR-0003v85,cl100k_base,toke,96,211,A-ERR,1
A-ERR-0004v57,cl100k_base,toke,190,450,A-ERR,1
A-ERR-0005v24,cl100k_base,toke,96,256,A-ERR,1
A-ERR-0007v72,cl100k_base,toke,159,408,A-ERR,1
A-ERR-0009v55,cl100k_base,toke,68,191,A-ERR,1
A-ERR-0009v64,cl100k_base,toke,148,355,A-ERR,1
A-ERR-0010v24,cl100k_base,toke,139,338,A-ERR,1
A-ERR-0010v25,cl100k_base,toke,66,179,A-ERR,1
A-ERR-0011v18,cl100k_base,toke,64,185,A-ERR,1
A-ERR-0011v35,cl100k_base,toke,119,313,A-ERR,1
A-ERR-0012v52,cl100k_base,toke,68,192,A-ERR,1
A-ERR-0013v77,cl100k_base,toke,147,377,A-ERR,1
A-ERR-0014v15,cl100k_base,toke,139,335,A-ERR,1
A-ERR-0014v55,cl100k_base,toke,70,195,A-ERR,1
A-ERR-0015v74,cl100k_base,toke,66,192,A-ERR,1
A-ERR-0018v10,cl100k_base,toke,110,256,A-ERR,2
A-ERR-0018v29,cl100k_base,toke,246,604,A-ERR,2
A-ERR-0018v59,cl100k_base,toke,357,791,A-ERR,2
A-ERR-0018v77,cl100k_base,toke,162,392,A-ERR,2
A-ERR-0019v37,cl100k_base,toke,177,356,A-ERR,2
A-ERR-0020v67,cl100k_base,toke,99,228,A-ERR,2
A-ERR-0020v86,cl100k_base,toke,97,220,A-ERR,2
A-ERR-0021v48,cl100k_base,toke,80,203,A-ERR,2
A-ERR-0022v50,cl100k_base,toke,124,351,A-ERR,2
A-ERR-0022v62,cl100k_base,toke,122,333,A-ERR,2
A-ERR-0022v65,cl100k_base,toke,176,439,A-ERR,2
A-ERR-0023v71,cl100k_base,toke,149,382,A-ERR,2
A-ERR-0024v57,cl100k_base,toke,215,487,A-ERR,2
A-ERR-0024v63,cl100k_base,toke,245,595,A-ERR,2
A-ERR-0025v29,cl100k_base,toke,271,644,A-ERR,3
A-ERR-0025v68,cl100k_base,toke,246,582,A-ERR,3
A-ERR-0026v83,cl100k_base,toke,211,548,A-ERR,3
A-ERR-0028v31,cl100k_base,toke,232,597,A-ERR,3
A-ERR-0028v62,cl100k_base,toke,172,513,A-ERR,3
A-ERR-0028v76,cl100k_base,toke,199,564,A-ERR,3
A-ERR-0030v55,cl100k_base,toke,207,548,A-ERR,3
A-ERR-0030v64,cl100k_base,toke,235,623,A-ERR,3
A-ERR-0030v83,cl100k_base,toke,242,636,A-ERR,3
A-ERR-0031v44,cl100k_base,toke,255,583,A-ERR,3
A-ERR-0033v23,cl100k_base,toke,183,409,A-ERR,1
A-ERR-0034v81,cl100k_base,toke,125,290,A-ERR,1
A-ERR-0036v44,cl100k_base,toke,93,229,A-ERR,2
A-ERR-0036v48,cl100k_base,toke,178,419,A-ERR,2
A-ERR-0036v76,cl100k_base,toke,209,475,A-ERR,2
A-ERR-0038v13,cl100k_base,toke,94,230,A-ERR,2
A-ERR-0038v66,cl100k_base,toke,95,231,A-ERR,2
A-ERR-0039v39,cl100k_base,toke,188,436,A-ERR,2
A-ERR-0039v44,cl100k_base,toke,206,479,A-ERR,2
A-ERR-0041v13,cl100k_base,toke,87,222,A-ERR,2
A-ERR-0041v27,cl100k_base,toke,187,455,A-ERR,2
A-ERR-0041v28,cl100k_base,toke,84,225,A-ERR,2
A-ERR-0041v62,cl100k_base,toke,84,217,A-ERR,2
A-ERR-0041v7,cl100k_base,toke,169,428,A-ERR,2
A-ERR-0041v81,cl100k_base,toke,83,222,A-ERR,2
A-ERR-0041v83,cl100k_base,toke,143,362,A-ERR,2
A-ERR-0042v25,cl100k_base,toke,148,352,A-ERR,2
A-ERR-0042v68,cl100k_base,toke,141,342,A-ERR,2
A-ERR-0042v83,cl100k_base,toke,87,210,A-ERR,2
A-ERR-0043v15,cl100k_base,toke,73,193,A-ERR,2
A-ERR-0043v57,cl100k_base,toke,144,335,A-ERR,2
A-ERR-0044v5,cl100k_base,toke,272,644,A-ERR,2
A-ERR-0044v65,cl100k_base,toke,151,371,A-ERR,2
A-ERR-0045v30,cl100k_base,toke,169,418,A-ERR,2
A-ERR-0045v41,cl100k_base,toke,203,476,A-ERR,2
A-ERR-0045v58,cl100k_base,toke,99,267,A-ERR,2
A-ERR-0045v7,cl100k_base,toke,175,428,A-ERR,2
A-ERR-0046v33,cl100k_base,toke,156,405,A-ERR,1
A-ERR-0046v51,cl100k_base,toke,134,381,A-ERR,1
A-ERR-0046v72,cl100k_base,toke,138,378,A-ERR,1
A-ERR-0047v1,cl100k_base,toke,125,316,A-ERR,2
A-ERR-0047v86,cl100k_base,toke,94,232,A-ERR,2
A-ERR-0048v11,cl100k_base,toke,214,515,A-ERR,2
A-ERR-0048v22,cl100k_base,toke,124,303,A-ERR,2
A-ERR-0049v15,cl100k_base,toke,155,349,A-ERR,2
A-ERR-0049v39,cl100k_base,toke,130,287,A-ERR,2
A-ERR-0050v3,cl100k_base,toke,77,192,A-ERR,1
A-ERR-0050v9,cl100k_base,toke,121,309,A-ERR,1
A-ERR-0052v69,cl100k_base,toke,198,465,A-ERR,1
A-ERR-0053v50,cl100k_base,toke,116,320,A-ERR,1
A-ERR-0053v72,cl100k_base,toke,134,349,A-ERR,1
A-ERR-0053v87,cl100k_base,toke,125,335,A-ERR,1
A-ERR-0054v35,cl100k_base,toke,86,223,A-ERR,1
A-ERR-0054v46,cl100k_base,toke,148,400,A-ERR,1
A-ERR-0055v48,cl100k_base,toke,62,163,A-ERR,1
A-ERR-0055v53,cl100k_base,toke,64,163,A-ERR,1
A-ERR-0056v44,cl100k_base,toke,169,427,A-ERR,1
A-ERR-0057v27,cl100k_base,toke,156,393,A-ERR,1
A-ERR-0059v14,cl100k_base,toke,241,491,A-ERR,2
A-ERR-0059v20,cl100k_base,toke,196,424,A-ERR,2
A-ERR-0059v55,cl100k_base,toke,175,390,A-ERR,2
A-ERR-0060v18,cl100k_base,toke,161,395,A-ERR,2
A-ERR-0061v48,cl100k_base,toke,174,374,A-ERR,2
A-ERR-0062v22,cl100k_base,toke,194,454,A-ERR,2
A-ERR-0062v52,cl100k_base,toke,190,437,A-ERR,2
A-ERR-0064v3,cl100k_base,toke,206,437,A-ERR,3
A-ERR-0065v18,cl100k_base,toke,166,405,A-ERR,3
A-ERR-0065v3,cl100k_base,toke,199,512,A-ERR,3
A-ERR-0066v31,cl100k_base,toke,72,191,A-ERR,3
A-ERR-0067v62,cl100k_base,toke,180,452,A-ERR,2
A-ERR-0069v49,cl100k_base,toke,60,146,A-ERR,2
A-ERR-0071v56,cl100k_base,toke,240,601,A-ERR,2
A-ERR-0074v22,cl100k_base,toke,181,415,A-ERR,3
A-ERR-0074v23,cl100k_base,toke,184,434,A-ERR,3
A-ERR-0074v36,cl100k_base,toke,204,503,A-ERR,3
A-ERR-0074v49,cl100k_base,toke,100,246,A-ERR,3
A-ERR-0076v10,cl100k_base,toke,211,527,A-ERR,2
A-ERR-0076v45,cl100k_base,toke,204,505,A-ERR,2
A-ERR-0076v86,cl100k_base,toke,109,264,A-ERR,2
A-ERR-0077,cl100k_base,toke,196,527,A-ERR,2
A-ERR-0077v30,cl100k_base,toke,232,615,A-ERR,2
A-ERR-0078v10,cl100k_base,toke,132,369,A-ERR,2
A-ERR-0078v11,cl100k_base,toke,110,282,A-ERR,2
A-ERR-0078v33,cl100k_base,toke,122,313,A-ERR,2
A-ERR-0079v81,cl100k_base,toke,184,478,A-ERR,2
A-ERR-0080v37,cl100k_base,toke,201,446,A-ERR,3
A-ERR-0081,cl100k_base,toke,137,342,A-ERR,3
A-ERR-0081v17,cl100k_base,toke,184,461,A-ERR,3
A-ERR-0082v61,cl100k_base,toke,215,535,A-ERR,3
A-ERR-0083v25,cl100k_base,toke,178,483,A-ERR,3
A-ERR-0084v15,cl100k_base,toke,160,359,A-ERR,3
A-ERR-0085v2,cl100k_base,toke,182,420,A-ERR,3
A-ERR-0086v55,cl100k_base,toke,237,557,A-ERR,3
A-ERR-0088v75,cl100k_base,toke,206,544,A-ERR,3
A-ERR-0089v26,cl100k_base,toke,89,231,A-ERR,3
A-ERR-0089v40,cl100k_base,toke,214,562,A-ERR,3
A-ERR-0091v33,cl100k_base,toke,89,226,A-ERR,3
A-ERR-0092v26,cl100k_base,toke,283,636,A-ERR,2
A-ERR-0092v4,cl100k_base,toke,278,630,A-ERR,2
A-ERR-0093v7,cl100k_base,toke,174,425,A-ERR,3
A-ERR-0094v31,cl100k_base,toke,128,291,A-ERR,3
A-ERR-0095v19,cl100k_base,toke,147,364,A-ERR,3
A-MTH-0001v3,cl100k_base,toke,88,194,A-MTH,1
A-MTH-0002v3,cl100k_base,toke,57,126,A-MTH,1
A-MTH-0005v54,cl100k_base,toke,76,173,A-MTH,1
A-MTH-0005v69,cl100k_base,toke,114,274,A-MTH,1
A-MTH-0010v43,cl100k_base,toke,69,168,A-MTH,1
A-MTH-0010v60,cl100k_base,toke,147,368,A-MTH,1
A-MTH-0011v8,cl100k_base,toke,87,184,A-MTH,1
A-MTH-0017v11,cl100k_base,toke,65,133,A-MTH,1
A-MTH-0019v4,cl100k_base,toke,77,173,A-MTH,1
A-MTH-0019v7,cl100k_base,toke,80,161,A-MTH,1
A-MTH-0020,cl100k_base,toke,74,159,A-MTH,1
A-MTH-0023v36,cl100k_base,toke,97,246,A-MTH,1
A-MTH-0024v26,cl100k_base,toke,102,213,A-MTH,1
A-MTH-0024v44,cl100k_base,toke,108,251,A-MTH,1
A-MTH-0025v43,cl100k_base,toke,135,298,A-MTH,1
A-MTH-0025v67,cl100k_base,toke,60,131,A-MTH,1
A-MTH-0026v48,cl100k_base,toke,67,164,A-MTH,1
A-MTH-0027v65,cl100k_base,toke,66,143,A-MTH,1
A-MTH-0029v28,cl100k_base,toke,35,73,A-MTH,1
A-MTH-0032v15,cl100k_base,toke,97,205,A-MTH,1
A-MTH-0032v35,cl100k_base,toke,115,237,A-MTH,1
A-MTH-0036v17,cl100k_base,toke,142,290,A-MTH,1
A-MTH-0037v44,cl100k_base,toke,37,93,A-MTH,1
A-MTH-0038v7,cl100k_base,toke,48,114,A-MTH,1
A-MTH-0039v35,cl100k_base,toke,29,62,A-MTH,1
A-MTH-0040v23,cl100k_base,toke,65,127,A-MTH,2
A-MTH-0041v24,cl100k_base,toke,121,309,A-MTH,2
A-MTH-0042v15,cl100k_base,toke,95,252,A-MTH,2
A-MTH-0043v24,cl100k_base,toke,114,250,A-MTH,2
A-MTH-0043v65,cl100k_base,toke,82,159,A-MTH,2
A-MTH-0044v57,cl100k_base,toke,64,126,A-MTH,2
A-MTH-0045v25,cl100k_base,toke,111,248,A-MTH,2
A-MTH-0045v29,cl100k_base,toke,99,214,A-MTH,2
A-MTH-0046v2,cl100k_base,toke,91,214,A-MTH,2
A-MTH-0046v35,cl100k_base,toke,123,259,A-MTH,2
A-MTH-0047v12,cl100k_base,toke,124,272,A-MTH,2
A-MTH-0047v44,cl100k_base,toke,146,326,A-MTH,2
A-MTH-0047v51,cl100k_base,toke,97,191,A-MTH,2
A-MTH-0048v65,cl100k_base,toke,132,256,A-MTH,2
A-MTH-0050v55,cl100k_base,toke,76,176,A-MTH,2
A-MTH-0051v15,cl100k_base,toke,92,202,A-MTH,2
A-MTH-0054v59,cl100k_base,toke,120,291,A-MTH,2
A-MTH-0055v1,cl100k_base,toke,106,194,A-MTH,2
A-MTH-0055v14,cl100k_base,toke,119,291,A-MTH,2
A-MTH-0055v56,cl100k_base,toke,131,313,A-MTH,2
A-MTH-0055v65,cl100k_base,toke,89,185,A-MTH,2
A-MTH-0056v7,cl100k_base,toke,154,374,A-MTH,2
A-MTH-0058v24,cl100k_base,toke,136,310,A-MTH,3
A-MTH-0058v36,cl100k_base,toke,88,197,A-MTH,3
A-MTH-0058v47,cl100k_base,toke,142,297,A-MTH,3
A-MTH-0058v61,cl100k_base,toke,87,185,A-MTH,3
A-MTH-0059v15,cl100k_base,toke,117,260,A-MTH,3
A-MTH-0059v43,cl100k_base,toke,144,293,A-MTH,3
A-MTH-0060v48,cl100k_base,toke,188,455,A-MTH,3
A-MTH-0060v49,cl100k_base,toke,180,430,A-MTH,3
A-MTH-0061v1,cl100k_base,toke,200,387,A-MTH,3
A-MTH-0063v25,cl100k_base,toke,121,278,A-MTH,3
A-MTH-0063v67,cl100k_base,toke,84,165,A-MTH,3
A-MTH-0063v9,cl100k_base,toke,130,314,A-MTH,3
A-MTH-0064v4,cl100k_base,toke,117,276,A-MTH,2
A-MTH-0065v26,cl100k_base,toke,145,347,A-MTH,2
A-MTH-0065v38,cl100k_base,toke,138,323,A-MTH,2
A-MTH-0065v9,cl100k_base,toke,112,246,A-MTH,2
A-MTH-0066v21,cl100k_base,toke,116,251,A-MTH,2
A-MTH-0066v40,cl100k_base,toke,130,292,A-MTH,2
A-MTH-0067v15,cl100k_base,toke,194,372,A-MTH,2
A-MTH-0067v41,cl100k_base,toke,187,397,A-MTH,2
A-MTH-0068v54,cl100k_base,toke,121,264,A-MTH,3
A-MTH-0069v17,cl100k_base,toke,63,131,A-MTH,3
A-MTH-0069v64,cl100k_base,toke,92,180,A-MTH,3
A-MTH-0071v44,cl100k_base,toke,83,168,A-MTH,1
A-MTH-0072v25,cl100k_base,toke,100,235,A-MTH,2
A-MTH-0074,cl100k_base,toke,95,186,A-MTH,3
A-MTH-0074v27,cl100k_base,toke,122,282,A-MTH,3
A-MTH-0074v32,cl100k_base,toke,186,425,A-MTH,3
A-MTH-0074v42,cl100k_base,toke,148,348,A-MTH,3
A-MTH-0074v63,cl100k_base,toke,102,254,A-MTH,3
A-MTH-0077v25,cl100k_base,toke,69,148,A-MTH,1
A-MTH-0077v41,cl100k_base,toke,70,140,A-MTH,1
A-MTH-0078v58,cl100k_base,toke,101,253,A-MTH,1
A-MTH-0079v45,cl100k_base,toke,91,244,A-MTH,1
A-MTH-0080v10,cl100k_base,toke,109,225,A-MTH,1
A-MTH-0081v17,cl100k_base,toke,85,152,A-MTH,2
A-MTH-0084v13,cl100k_base,toke,82,160,A-MTH,2
A-MTH-0085v14,cl100k_base,toke,48,91,A-MTH,2
A-MTH-0085v35,cl100k_base,toke,151,277,A-MTH,2
A-MTH-0087v37,cl100k_base,toke,45,94,A-MTH,2
A-MTH-0088v41,cl100k_base,toke,135,353,A-MTH,2
A-MTH-0089v34,cl100k_base,toke,82,166,A-MTH,2
A-MTH-0089v4,cl100k_base,toke,116,265,A-MTH,2
A-MTH-0090v45,cl100k_base,toke,77,140,A-MTH,2
A-MTH-0091,cl100k_base,toke,117,264,A-MTH,2
A-MTH-0091v23,cl100k_base,toke,121,263,A-MTH,2
A-MTH-0091v46,cl100k_base,toke,105,240,A-MTH,2
A-MTH-0094v29,cl100k_base,toke,79,156,A-MTH,2
A-MTH-0094v39,cl100k_base,toke,88,190,A-MTH,2
A-MTH-0095v9,cl100k_base,toke,148,321,A-MTH,2
A-MTH-0097v38,cl100k_base,toke,109,257,A-MTH,2
A-MTH-0097v56,cl100k_base,toke,96,248,A-MTH,2
A-MTH-0097v9,cl100k_base,toke,210,464,A-MTH,2
A-MTH-0098v31,cl100k_base,toke,141,317,A-MTH,2
A-MTH-0099,cl100k_base,toke,111,239,A-MTH,3
A-MTH-0101v4,cl100k_base,toke,154,319,A-MTH,2
A-MTH-0102v68,cl100k_base,toke,83,195,A-MTH,2
A-MTH-0103v13,cl100k_base,toke,187,404,A-MTH,3
A-MTH-0103v54,cl100k_base,toke,170,378,A-MTH,3
A-MTH-0103v59,cl100k_base,toke,123,243,A-MTH,3
A-MTH-0103v6,cl100k_base,toke,177,365,A-MTH,3
A-MTH-0103v67,cl100k_base,toke,114,195,A-MTH,3
A-MTH-0104v37,cl100k_base,toke,107,216,A-MTH,2
A-MTH-0104v49,cl100k_base,toke,63,118,A-MTH,2
A-MTH-0104v9,cl100k_base,toke,83,169,A-MTH,2
A-MTH-0105v14,cl100k_base,toke,81,155,A-MTH,2
A-MTH-0106v33,cl100k_base,toke,98,208,A-MTH,2
A-MTH-0108,cl100k_base,toke,113,211,A-MTH,3
A-MTH-0108v22,cl100k_base,toke,150,322,A-MTH,3
A-MTH-0108v23,cl100k_base,toke,136,308,A-MTH,3
A-MTH-0108v29,cl100k_base,toke,147,319,A-MTH,3
A-MTH-0108v34,cl100k_base,toke,142,316,A-MTH,3
A-MTH-0109v43,cl100k_base,toke,131,273,A-MTH,2
A-MTH-0110v35,cl100k_base,toke,204,422,A-MTH,3
A-MTH-0110v62,cl100k_base,toke,186,406,A-MTH,3
A-MTH-0115v42,cl100k_base,toke,210,443,A-MTH,2
A-MTH-0115v49,cl100k_base,toke,183,375,A-MTH,2
A-MTH-0115v61,cl100k_base,toke,191,407,A-MTH,2
A-MTH-0116v26,cl100k_base,toke,47,84,A-MTH,1
A-MTH-0116v44,cl100k_base,toke,80,169,A-MTH,1
A-MTH-0119v8,cl100k_base,toke,55,120,A-MTH,2
A-SRT-0001v10,cl100k_base,toke,123,275,A-SRT,1
A-SRT-0001v24,cl100k_base,toke,135,308,A-SRT,1
A-SRT-0001v44,cl100k_base,toke,224,480,A-SRT,1
A-SRT-0001v51,cl100k_base,toke,239,568,A-SRT,1
A-SRT-0001v66,cl100k_base,toke,226,494,A-SRT,1
A-SRT-0002v62,cl100k_base,toke,374,825,A-SRT,1
A-SRT-0002v78,cl100k_base,toke,153,313,A-SRT,1
A-SRT-0003v7,cl100k_base,toke,175,415,A-SRT,1
A-SRT-0004v10,cl100k_base,toke,121,274,A-SRT,1
A-SRT-0007v38,cl100k_base,toke,178,379,A-SRT,1
A-SRT-0007v39,cl100k_base,toke,140,325,A-SRT,1
A-SRT-0007v41,cl100k_base,toke,215,466,A-SRT,1
A-SRT-0008v25,cl100k_base,toke,371,799,A-SRT,1
A-SRT-0008v72,cl100k_base,toke,166,340,A-SRT,1
A-SRT-0009v20,cl100k_base,toke,145,314,A-SRT,1
A-SRT-0009v35,cl100k_base,toke,151,325,A-SRT,1
A-SRT-0009v68,cl100k_base,toke,235,551,A-SRT,1
A-SRT-0010v17,cl100k_base,toke,284,640,A-SRT,2
A-SRT-0010v43,cl100k_base,toke,309,716,A-SRT,2
A-SRT-0010v65,cl100k_base,toke,220,491,A-SRT,2
A-SRT-0011v24,cl100k_base,toke,310,716,A-SRT,2
A-SRT-0013v52,cl100k_base,toke,187,475,A-SRT,2
A-SRT-0014v82,cl100k_base,toke,299,741,A-SRT,2
A-SRT-0015v21,cl100k_base,toke,263,649,A-SRT,2
A-SRT-0015v56,cl100k_base,toke,340,830,A-SRT,2
A-SRT-0017v20,cl100k_base,toke,365,850,A-SRT,2
A-SRT-0017v25,cl100k_base,toke,181,421,A-SRT,2
A-SRT-0017v36,cl100k_base,toke,315,725,A-SRT,2
A-SRT-0017v52,cl100k_base,toke,260,579,A-SRT,2
A-SRT-0017v62,cl100k_base,toke,296,695,A-SRT,2
A-SRT-0018v29,cl100k_base,toke,368,801,A-SRT,2
A-SRT-0019v76,cl100k_base,toke,151,334,A-SRT,2
A-SRT-0020v26,cl100k_base,toke,107,222,A-SRT,2
A-SRT-0021v48,cl100k_base,toke,176,362,A-SRT,2
A-SRT-0022v31,cl100k_base,toke,154,316,A-SRT,2
A-SRT-0022v37,cl100k_base,toke,158,317,A-SRT,2
A-SRT-0022v60,cl100k_base,toke,198,402,A-SRT,2
A-SRT-0024v26,cl100k_base,toke,59,129,A-SRT,1
A-SRT-0024v56,cl100k_base,toke,61,131,A-SRT,1
A-SRT-0025v34,cl100k_base,toke,112,238,A-SRT,1
A-SRT-0026,cl100k_base,toke,106,252,A-SRT,1
A-SRT-0026v34,cl100k_base,toke,101,266,A-SRT,1
A-SRT-0026v35,cl100k_base,toke,59,131,A-SRT,1
A-SRT-0026v50,cl100k_base,toke,57,129,A-SRT,1
A-SRT-0026v63,cl100k_base,toke,127,321,A-SRT,1
A-SRT-0027v28,cl100k_base,toke,174,375,A-SRT,2
A-SRT-0027v46,cl100k_base,toke,191,405,A-SRT,2
A-SRT-0029v34,cl100k_base,toke,189,399,A-SRT,2
A-SRT-0030v35,cl100k_base,toke,115,290,A-SRT,2
A-SRT-0032v31,cl100k_base,toke,127,276,A-SRT,2
A-SRT-0032v56,cl100k_base,toke,136,282,A-SRT,2
A-SRT-0035v49,cl100k_base,toke,132,312,A-SRT,2
A-SRT-0035v69,cl100k_base,toke,62,131,A-SRT,2
A-SRT-0038v47,cl100k_base,toke,80,186,A-SRT,2
A-SRT-0038v64,cl100k_base,toke,72,171,A-SRT,2
A-SRT-0039v16,cl100k_base,toke,178,385,A-SRT,2
A-SRT-0039v53,cl100k_base,toke,138,283,A-SRT,2
A-SRT-0040v25,cl100k_base,toke,232,515,A-SRT,2
A-SRT-0041v25,cl100k_base,toke,116,241,A-SRT,2
A-SRT-0041v82,cl100k_base,toke,288,616,A-SRT,2
A-SRT-0042v70,cl100k_base,toke,300,675,A-SRT,3
A-SRT-0043v30,cl100k_base,toke,149,315,A-SRT,3
A-SRT-0043v46,cl100k_base,toke,229,524,A-SRT,3
A-SRT-0044v35,cl100k_base,toke,161,363,A-SRT,3
A-SRT-0044v50,cl100k_base,toke,299,633,A-SRT,3
A-SRT-0044v78,cl100k_base,toke,152,342,A-SRT,3
A-SRT-0045,cl100k_base,toke,150,348,A-SRT,3
A-SRT-0047v60,cl100k_base,toke,169,344,A-SRT,3
A-SRT-0049v76,cl100k_base,toke,173,394,A-SRT,3
A-SRT-0050v19,cl100k_base,toke,91,192,A-SRT,3
A-SRT-0050v28,cl100k_base,toke,90,193,A-SRT,3
A-SRT-0050v63,cl100k_base,toke,162,365,A-SRT,3
A-SRT-0051v53,cl100k_base,toke,136,263,A-SRT,3
A-SRT-0053v21,cl100k_base,toke,66,154,A-SRT,1
A-SRT-0053v75,cl100k_base,toke,105,261,A-SRT,1
A-SRT-0054v30,cl100k_base,toke,134,313,A-SRT,1
A-SRT-0054v67,cl100k_base,toke,116,291,A-SRT,1
A-SRT-0055v66,cl100k_base,toke,68,159,A-SRT,1
A-SRT-0056v19,cl100k_base,toke,220,411,A-SRT,2
A-SRT-0056v53,cl100k_base,toke,230,516,A-SRT,2
A-SRT-0056v63,cl100k_base,toke,227,463,A-SRT,2
A-SRT-0056v72,cl100k_base,toke,215,447,A-SRT,2
A-SRT-0058v42,cl100k_base,toke,218,523,A-SRT,2
A-SRT-0058v58,cl100k_base,toke,103,223,A-SRT,2
A-SRT-0060v9,cl100k_base,toke,202,442,A-SRT,2
A-SRT-0061v63,cl100k_base,toke,177,391,A-SRT,2
A-SRT-0062v32,cl100k_base,toke,68,156,A-SRT,1
A-SRT-0062v66,cl100k_base,toke,123,286,A-SRT,1
A-SRT-0062v7,cl100k_base,toke,157,371,A-SRT,1
A-SRT-0063v61,cl100k_base,toke,182,419,A-SRT,2
A-SRT-0063v75,cl100k_base,toke,129,273,A-SRT,2
A-SRT-0064v5,cl100k_base,toke,176,411,A-SRT,2
A-SRT-0065v13,cl100k_base,toke,131,266,A-SRT,2
A-SRT-0065v8,cl100k_base,toke,210,487,A-SRT,2
A-SRT-0066,cl100k_base,toke,195,420,A-SRT,2
A-SRT-0066v30,cl100k_base,toke,174,370,A-SRT,2
A-SRT-0067v63,cl100k_base,toke,192,430,A-SRT,2
A-SRT-0068v81,cl100k_base,toke,251,561,A-SRT,2
A-SRT-0069v74,cl100k_base,toke,116,250,A-SRT,2
A-SRT-0070v24,cl100k_base,toke,81,180,A-SRT,2
A-SRT-0071v54,cl100k_base,toke,148,341,A-SRT,3
A-SRT-0072v16,cl100k_base,toke,168,336,A-SRT,3
A-SRT-0075v2,cl100k_base,toke,210,468,A-SRT,3
A-SRT-0075v40,cl100k_base,toke,148,324,A-SRT,3
A-SRT-0076v63,cl100k_base,toke,221,485,A-SRT,3
A-SRT-0077v24,cl100k_base,toke,146,327,A-SRT,2
A-SRT-0077v4,cl100k_base,toke,204,483,A-SRT,2
A-SRT-0079v4,cl100k_base,toke,368,836,A-SRT,3
A-SRT-0079v50,cl100k_base,toke,158,369,A-SRT,3
A-SRT-0079v51,cl100k_base,toke,303,701,A-SRT,3
A-SRT-0080v9,cl100k_base,toke,281,616,A-SRT,3
A-SRT-0081v35,cl100k_base,toke,253,575,A-SRT,3
A-SRT-0082v40,cl100k_base,toke,353,824,A-SRT,3
A-SRT-0083v16,cl100k_base,toke,313,678,A-SRT,2
A-SRT-0083v31,cl100k_base,toke,161,369,A-SRT,2
A-SRT-0085v14,cl100k_base,toke,224,529,A-SRT,3
A-SRT-0086v38,cl100k_base,toke,138,341,A-SRT,3
A-SRT-0089v11,cl100k_base,toke,277,616,A-SRT,3
A-SRT-0089v54,cl100k_base,toke,135,319,A-SRT,3
A-SRT-0091v37,cl100k_base,toke,365,782,A-SRT,3
A-SRT-0091v5,cl100k_base,toke,383,817,A-SRT,3
A-SRT-0094v13,cl100k_base,toke,279,634,A-SRT,2
A-SRT-0094v14,cl100k_base,toke,194,445,A-SRT,2
A-SRT-0096v17,cl100k_base,toke,247,541,A-SRT,2
A-SRT-0096v32,cl100k_base,toke,236,496,A-SRT,2
A-SRT-0096v73,cl100k_base,toke,253,517,A-SRT,2
A-SRT-0097v20,cl100k_base,toke,210,487,A-SRT,3
A-SRT-0098v16,cl100k_base,toke,123,288,A-SRT,3
A-SRT-0098v76,cl100k_base,toke,175,406,A-SRT,3
A-SRT-0099v51,cl100k_base,toke,268,612,A-SRT,2
A-SRT-0099v80,cl100k_base,toke,330,770,A-SRT,2
A-SRT-0100v57,cl100k_base,toke,321,717,A-SRT,2
A-STR-0001,cl100k_base,toke,66,151,A-STR,1
A-STR-0001v62,cl100k_base,toke,119,259,A-STR,1
A-STR-0001v65,cl100k_base,toke,29,70,A-STR,1
A-STR-0004v19,cl100k_base,toke,54,110,A-STR,1
A-STR-0004v5,cl100k_base,toke,30,65,A-STR,1
A-STR-0006v30,cl100k_base,toke,55,148,A-STR,1
A-STR-0007v38,cl100k_base,toke,95,234,A-STR,1
A-STR-0007v74,cl100k_base,toke,100,252,A-STR,1
A-STR-0007v80,cl100k_base,toke,54,123,A-STR,1
A-STR-0008v36,cl100k_base,toke,56,148,A-STR,1
A-STR-0008v39,cl100k_base,toke,111,258,A-STR,1
A-STR-0009v19,cl100k_base,toke,77,199,A-STR,1
A-STR-0009v32,cl100k_base,toke,92,240,A-STR,1
A-STR-0009v80,cl100k_base,toke,36,97,A-STR,1
A-STR-0010v18,cl100k_base,toke,78,220,A-STR,1
A-STR-0010v55,cl100k_base,toke,153,393,A-STR,1
A-STR-0011v27,cl100k_base,toke,137,344,A-STR,1
A-STR-0011v80,cl100k_base,toke,67,208,A-STR,1
A-STR-0012v46,cl100k_base,toke,31,70,A-STR,1
A-STR-0013v28,cl100k_base,toke,90,218,A-STR,1
A-STR-0014v26,cl100k_base,toke,168,426,A-STR,1
A-STR-0014v40,cl100k_base,toke,98,249,A-STR,1
A-STR-0014v67,cl100k_base,toke,180,442,A-STR,1
A-STR-0014v74,cl100k_base,toke,154,356,A-STR,1
A-STR-0014v9,cl100k_base,toke,122,287,A-STR,1
A-STR-0015v43,cl100k_base,toke,111,277,A-STR,2
A-STR-0016v4,cl100k_base,toke,145,400,A-STR,2
A-STR-0016v55,cl100k_base,toke,174,469,A-STR,2
A-STR-0016v74,cl100k_base,toke,113,273,A-STR,2
A-STR-0019v2,cl100k_base,toke,83,217,A-STR,2
A-STR-0019v7,cl100k_base,toke,140,356,A-STR,2
A-STR-0020v45,cl100k_base,toke,83,178,A-STR,2
A-STR-0022v44,cl100k_base,toke,167,465,A-STR,2
A-STR-0022v81,cl100k_base,toke,95,286,A-STR,2
A-STR-0023v22,cl100k_base,toke,162,377,A-STR,2
A-STR-0025v54,cl100k_base,toke,61,152,A-STR,2
A-STR-0026v30,cl100k_base,toke,137,373,A-STR,2
A-STR-0026v75,cl100k_base,toke,105,276,A-STR,2
A-STR-0027v17,cl100k_base,toke,140,355,A-STR,2
A-STR-0028v19,cl100k_base,toke,147,385,A-STR,2
A-STR-0028v39,cl100k_base,toke,133,322,A-STR,2
A-STR-0029v57,cl100k_base,toke,68,159,A-STR,2
A-STR-0029v68,cl100k_base,toke,90,230,A-STR,2
A-STR-0030v44,cl100k_base,toke,93,243,A-STR,2
A-STR-0031v26,cl100k_base,toke,195,427,A-STR,2
A-STR-0033v17,cl100k_base,toke,61,148,A-STR,3
A-STR-0033v21,cl100k_base,toke,121,355,A-STR,3
A-STR-0033v23,cl100k_base,toke,59,160,A-STR,3
A-STR-0033v34,cl100k_base,toke,81,252,A-STR,3
A-STR-0034v23,cl100k_base,toke,182,431,A-STR,3
A-STR-0034v39,cl100k_base,toke,211,480,A-STR,3
A-STR-0034v5,cl100k_base,toke,282,739,A-STR,3
A-STR-0035v25,cl100k_base,toke,156,402,A-STR,3
A-STR-0035v26,cl100k_base,toke,193,460,A-STR,3
A-STR-0035v75,cl100k_base,toke,173,413,A-STR,3
A-STR-0035v80,cl100k_base,toke,148,383,A-STR,3
A-STR-0035v9,cl100k_base,toke,109,276,A-STR,3
A-STR-0036v72,cl100k_base,toke,162,357,A-STR,3
A-STR-0037v14,cl100k_base,toke,201,494,A-STR,3
A-STR-0037v22,cl100k_base,toke,152,354,A-STR,3
A-STR-0037v38,cl100k_base,toke,216,552,A-STR,3
A-STR-0039v67,cl100k_base,toke,80,214,A-STR,1
A-STR-0042v36,cl100k_base,toke,45,115,A-STR,1
A-STR-0042v5,cl100k_base,toke,91,261,A-STR,1
A-STR-0045v34,cl100k_base,toke,107,234,A-STR,2
A-STR-0046v74,cl100k_base,toke,166,457,A-STR,2
A-STR-0049v22,cl100k_base,toke,155,378,A-STR,2
A-STR-0051v76,cl100k_base,toke,115,301,A-STR,2
A-STR-0052v52,cl100k_base,toke,95,245,A-STR,2
A-STR-0054v28,cl100k_base,toke,86,219,A-STR,1
A-STR-0055v18,cl100k_base,toke,80,210,A-STR,1
A-STR-0055v3,cl100k_base,toke,87,198,A-STR,1
A-STR-0055v70,cl100k_base,toke,149,379,A-STR,1
A-STR-0056v68,cl100k_base,toke,151,421,A-STR,1
A-STR-0057v18,cl100k_base,toke,127,318,A-STR,2
A-STR-0059v53,cl100k_base,toke,103,279,A-STR,2
A-STR-0060v5,cl100k_base,toke,107,301,A-STR,2
A-STR-0061v17,cl100k_base,toke,118,323,A-STR,2
A-STR-0062v69,cl100k_base,toke,142,379,A-STR,2
A-STR-0064v19,cl100k_base,toke,72,187,A-STR,2
A-STR-0064v80,cl100k_base,toke,71,177,A-STR,2
A-STR-0065v42,cl100k_base,toke,121,329,A-STR,2
A-STR-0065v43,cl100k_base,toke,117,355,A-STR,2
A-STR-0065v45,cl100k_base,toke,99,265,A-STR,2
A-STR-0066v23,cl100k_base,toke,178,448,A-STR,2
A-STR-0067v62,cl100k_base,toke,126,308,A-STR,2
A-STR-0067v64,cl100k_base,toke,123,310,A-STR,2
A-STR-0069v24,cl100k_base,toke,139,350,A-STR,2
A-STR-0069v30,cl100k_base,toke,175,418,A-STR,2
A-STR-0070v15,cl100k_base,toke,220,552,A-STR,3
A-STR-0070v9,cl100k_base,toke,304,688,A-STR,3
A-STR-0071v49,cl100k_base,toke,137,299,A-STR,2
A-STR-0071v63,cl100k_base,toke,122,260,A-STR,2
A-STR-0073v30,cl100k_base,toke,125,286,A-STR,2
A-STR-0075v16,cl100k_base,toke,133,365,A-STR,2
A-STR-0075v69,cl100k_base,toke,86,212,A-STR,2
A-STR-0075v9,cl100k_base,toke,124,365,A-STR,2
A-STR-0076v18,cl100k_base,toke,126,292,A-STR,2
A-STR-0076v25,cl100k_base,toke,196,502,A-STR,2
A-STR-0076v36,cl100k_base,toke,129,298,A-STR,2
A-STR-0076v54,cl100k_base,toke,179,497,A-STR,2
A-STR-0077v26,cl100k_base,toke,156,405,A-STR,2
A-STR-0077v30,cl100k_base,toke,150,373,A-STR,2
A-STR-0078v42,cl100k_base,toke,150,355,A-STR,2
A-STR-0078v77,cl100k_base,toke,147,372,A-STR,2
A-STR-0079v11,cl100k_base,toke,87,221,A-STR,2
A-STR-0081v15,cl100k_base,toke,124,350,A-STR,2
A-STR-0081v71,cl100k_base,toke,134,339,A-STR,2
A-STR-0082v39,cl100k_base,toke,128,326,A-STR,2
A-STR-0083v18,cl100k_base,toke,132,329,A-STR,2
A-STR-0083v39,cl100k_base,toke,134,337,A-STR,2
A-STR-0084v2,cl100k_base,toke,175,448,A-STR,3
A-STR-0084v33,cl100k_base,toke,134,331,A-STR,3
A-STR-0084v71,cl100k_base,toke,158,390,A-STR,3
A-STR-0086v14,cl100k_base,toke,94,279,A-STR,3
A-STR-0086v78,cl100k_base,toke,135,384,A-STR,3
A-STR-0086v80,cl100k_base,toke,91,264,A-STR,3
A-STR-0087v2,cl100k_base,toke,179,468,A-STR,3
A-STR-0088v25,cl100k_base,toke,244,647,A-STR,3
A-STR-0088v68,cl100k_base,toke,232,603,A-STR,3
A-STR-0089v49,cl100k_base,toke,52,142,A-STR,2
A-STR-0090v15,cl100k_base,toke,143,353,A-STR,3
A-STR-0090v66,cl100k_base,toke,189,467,A-STR,3
A-STR-0090v78,cl100k_base,toke,149,350,A-STR,3
A-STR-0091v31,cl100k_base,toke,304,663,A-STR,2
A-STR-0093v13,cl100k_base,toke,365,758,A-STR,3
A-STR-0093v32,cl100k_base,toke,264,621,A-STR,3
A-STR-0093v39,cl100k_base,toke,316,758,A-STR,3
A-STR-0095v11,cl100k_base,toke,109,304,A-STR,2
A-STR-0096v56,cl100k_base,toke,116,321,A-STR,2
A-STR-0098v68,cl100k_base,toke,78,190,A-STR,2
A-STR-0099v24,cl100k_base,toke,38,90,A-STR,2
A-STR-0099v60,cl100k_base,toke,45,115,A-STR,2
D-CFG-0001v21,cl100k_base,toke,89,206,D-CFG,2
D-CFG-0001v224,cl100k_base,toke,69,203,D-CFG,2
D-CFG-0001v315,cl100k_base,toke,89,256,D-CFG,2
D-CFG-0001v327,cl100k_base,toke,97,269,D-CFG,2
D-CFG-0002v111,cl100k_base,toke,59,167,D-CFG,2
D-CFG-0002v171,cl100k_base,toke,98,256,D-CFG,2
D-CFG-0002v60,cl100k_base,toke,86,238,D-CFG,2
D-CFG-0003v13,cl100k_base,toke,79,227,D-CFG,2
D-CFG-0003v183,cl100k_base,toke,92,243,D-CFG,2
D-CFG-0003v185,cl100k_base,toke,110,292,D-CFG,2
D-CFG-0003v191,cl100k_base,toke,109,299,D-CFG,2
D-CFG-0003v200,cl100k_base,toke,96,268,D-CFG,2
D-CFG-0003v217,cl100k_base,toke,100,280,D-CFG,2
D-CFG-0003v243,cl100k_base,toke,88,263,D-CFG,2
D-CFG-0003v47,cl100k_base,toke,73,193,D-CFG,2
D-CFG-0004v130,cl100k_base,toke,97,289,D-CFG,2
D-CFG-0004v150,cl100k_base,toke,106,296,D-CFG,2
D-CFG-0004v189,cl100k_base,toke,87,227,D-CFG,2
D-CFG-0004v35,cl100k_base,toke,64,180,D-CFG,2
D-CFG-0004v351,cl100k_base,toke,90,234,D-CFG,2
D-CFG-0004v40,cl100k_base,toke,89,227,D-CFG,2
D-CFG-0004v74,cl100k_base,toke,112,313,D-CFG,2
D-CFG-0005v126,cl100k_base,toke,79,242,D-CFG,2
D-CFG-0005v139,cl100k_base,toke,94,258,D-CFG,2
D-CFG-0005v145,cl100k_base,toke,110,268,D-CFG,2
D-CFG-0005v170,cl100k_base,toke,56,144,D-CFG,2
D-CFG-0005v295,cl100k_base,toke,100,244,D-CFG,2
D-CFG-0005v306,cl100k_base,toke,123,310,D-CFG,2
D-CFG-0005v324,cl100k_base,toke,109,296,D-CFG,2
D-CFG-0006v14,cl100k_base,toke,66,184,D-CFG,2
D-CFG-0007v17,cl100k_base,toke,136,331,D-CFG,2
D-CFG-0007v317,cl100k_base,toke,120,340,D-CFG,2
D-CFG-0007v341,cl100k_base,toke,150,395,D-CFG,2
D-CFG-0007v49,cl100k_base,toke,131,317,D-CFG,2
D-CFG-0007v56,cl100k_base,toke,138,359,D-CFG,2
D-CFG-0007v99,cl100k_base,toke,122,298,D-CFG,2
D-CFG-0008v132,cl100k_base,toke,96,237,D-CFG,2
D-CFG-0008v229,cl100k_base,toke,71,165,D-CFG,2
D-CFG-0008v239,cl100k_base,toke,85,209,D-CFG,2
D-CFG-0008v242,cl100k_base,toke,88,223,D-CFG,2
D-CFG-0008v275,cl100k_base,toke,91,220,D-CFG,2
D-CFG-0008v342,cl100k_base,toke,77,184,D-CFG,2
D-CFG-0008v85,cl100k_base,toke,77,202,D-CFG,2
D-CFG-0008v96,cl100k_base,toke,87,238,D-CFG,2
D-CFG-0009v127,cl100k_base,toke,90,242,D-CFG,2
D-CFG-0009v163,cl100k_base,toke,99,262,D-CFG,2
D-CFG-0009v19,cl100k_base,toke,88,199,D-CFG,2
D-CFG-0009v207,cl100k_base,toke,112,299,D-CFG,2
D-CFG-0009v235,cl100k_base,toke,98,252,D-CFG,2
D-CFG-0009v257,cl100k_base,toke,94,214,D-CFG,2
D-CFG-0009v278,cl100k_base,toke,103,244,D-CFG,2
D-CFG-0009v305,cl100k_base,toke,101,265,D-CFG,2
D-CFG-0009v60,cl100k_base,toke,112,285,D-CFG,2
D-CFG-0010v107,cl100k_base,toke,106,278,D-CFG,2
D-CFG-0010v165,cl100k_base,toke,129,281,D-CFG,2
D-CFG-0010v180,cl100k_base,toke,101,268,D-CFG,2
D-CFG-0010v252,cl100k_base,toke,101,268,D-CFG,2
D-CFG-0010v264,cl100k_base,toke,89,227,D-CFG,2
D-CFG-0010v32,cl100k_base,toke,93,239,D-CFG,2
D-CFG-0010v342,cl100k_base,toke,158,377,D-CFG,2
D-CFG-0010v79,cl100k_base,toke,111,296,D-CFG,2
D-CFG-0011v228,cl100k_base,toke,113,343,D-CFG,2
D-CFG-0011v243,cl100k_base,toke,110,317,D-CFG,2
D-CFG-0011v341,cl100k_base,toke,88,219,D-CFG,2
D-CFG-0012v18,cl100k_base,toke,216,557,D-CFG,3
D-CFG-0012v212,cl100k_base,toke,200,522,D-CFG,3
D-CFG-0012v243,cl100k_base,toke,214,547,D-CFG,3
D-CFG-0013,cl100k_base,toke,139,358,D-CFG,3
D-CFG-0013v135,cl100k_base,toke,152,407,D-CFG,3
D-CFG-0013v14,cl100k_base,toke,146,383,D-CFG,3
D-CFG-0013v155,cl100k_base,toke,123,321,D-CFG,3
D-CFG-0013v157,cl100k_base,toke,82,232,D-CFG,3
D-CFG-0013v235,cl100k_base,toke,141,363,D-CFG,3
D-CFG-0013v237,cl100k_base,toke,91,217,D-CFG,3
D-CFG-0013v283,cl100k_base,toke,127,338,D-CFG,3
D-CFG-0013v296,cl100k_base,toke,119,320,D-CFG,3
D-CFG-0013v348,cl100k_base,toke,144,396,D-CFG,3
D-CFG-0013v350,cl100k_base,toke,118,333,D-CFG,3
D-CFG-0013v69,cl100k_base,toke,134,316,D-CFG,3
D-CFG-0014v127,cl100k_base,toke,166,448,D-CFG,3
D-CFG-0014v145,cl100k_base,toke,171,451,D-CFG,3
D-CFG-0014v195,cl100k_base,toke,89,238,D-CFG,3
D-CFG-0014v203,cl100k_base,toke,265,718,D-CFG,3
D-CFG-0014v86,cl100k_base,toke,247,671,D-CFG,3
D-CFG-0015v118,cl100k_base,toke,124,329,D-CFG,3
D-CFG-0015v202,cl100k_base,toke,53,134,D-CFG,3
D-CFG-0015v214,cl100k_base,toke,102,270,D-CFG,3
D-CFG-0015v224,cl100k_base,toke,90,220,D-CFG,3
D-CFG-0015v233,cl100k_base,toke,104,260,D-CFG,3
D-CFG-0015v248,cl100k_base,toke,108,261,D-CFG,3
D-CFG-0015v275,cl100k_base,toke,109,286,D-CFG,3
D-CFG-0015v298,cl100k_base,toke,123,323,D-CFG,3
D-CFG-0015v324,cl100k_base,toke,109,284,D-CFG,3
D-CFG-0016v137,cl100k_base,toke,111,274,D-CFG,2
D-CFG-0016v176,cl100k_base,toke,61,170,D-CFG,2
D-CFG-0016v215,cl100k_base,toke,125,356,D-CFG,2
D-CFG-0016v232,cl100k_base,toke,86,235,D-CFG,2
D-CFG-0016v313,cl100k_base,toke,70,195,D-CFG,2
D-CFG-0016v349,cl100k_base,toke,71,213,D-CFG,2
D-CFG-0017v166,cl100k_base,toke,86,201,D-CFG,2
D-CFG-0017v201,cl100k_base,toke,73,158,D-CFG,2
D-CFG-0017v324,cl100k_base,toke,90,214,D-CFG,2
D-CFG-0017v35,cl100k_base,toke,83,201,D-CFG,2
D-CFG-0017v47,cl100k_base,toke,68,219,D-CFG,2
D-CFG-0018v113,cl100k_base,toke,77,183,D-CFG,2
D-CFG-0018v129,cl100k_base,toke,88,256,D-CFG,2
D-CFG-0018v200,cl100k_base,toke,68,169,D-CFG,2
D-CFG-0019v120,cl100k_base,toke,111,315,D-CFG,2
D-CFG-0019v150,cl100k_base,toke,118,316,D-CFG,2
D-CFG-0019v153,cl100k_base,toke,117,267,D-CFG,2
D-CFG-0019v260,cl100k_base,toke,114,324,D-CFG,2
D-CFG-0019v305,cl100k_base,toke,126,288,D-CFG,2
D-CFG-0019v7,cl100k_base,toke,106,310,D-CFG,2
D-CLI-0001v178,cl100k_base,toke,133,336,D-CLI,2
D-CLI-0001v225,cl100k_base,toke,138,361,D-CLI,2
D-CLI-0001v264,cl100k_base,toke,122,324,D-CLI,2
D-CLI-0001v30,cl100k_base,toke,128,340,D-CLI,2
D-CLI-0001v37,cl100k_base,toke,130,316,D-CLI,2
D-CLI-0001v89,cl100k_base,toke,127,305,D-CLI,2
D-CLI-0002v10,cl100k_base,toke,118,285,D-CLI,2
D-CLI-0002v175,cl100k_base,toke,114,297,D-CLI,2
D-CLI-0002v46,cl100k_base,toke,152,377,D-CLI,2
D-CLI-0002v49,cl100k_base,toke,115,283,D-CLI,2
D-CLI-0002v64,cl100k_base,toke,112,273,D-CLI,2
D-CLI-0002v88,cl100k_base,toke,116,278,D-CLI,2
D-CLI-0003v153,cl100k_base,toke,116,299,D-CLI,2
D-CLI-0003v161,cl100k_base,toke,118,297,D-CLI,2
D-CLI-0003v216,cl100k_base,toke,120,333,D-CLI,2
D-CLI-0003v46,cl100k_base,toke,142,365,D-CLI,2
D-CLI-0003v6,cl100k_base,toke,147,383,D-CLI,2
D-CLI-0003v65,cl100k_base,toke,119,275,D-CLI,2
D-CLI-0004v171,cl100k_base,toke,151,393,D-CLI,2
D-CLI-0004v244,cl100k_base,toke,210,545,D-CLI,2
D-CLI-0004v93,cl100k_base,toke,185,452,D-CLI,2
D-CLI-0005v210,cl100k_base,toke,108,310,D-CLI,2
D-CLI-0005v224,cl100k_base,toke,111,293,D-CLI,2
D-CLI-0005v260,cl100k_base,toke,115,295,D-CLI,2
D-CLI-0005v285,cl100k_base,toke,95,262,D-CLI,2
D-CLI-0006v1,cl100k_base,toke,103,254,D-CLI,2
D-CLI-0006v106,cl100k_base,toke,102,258,D-CLI,2
D-CLI-0006v224,cl100k_base,toke,81,209,D-CLI,2
D-CLI-0006v285,cl100k_base,toke,77,201,D-CLI,2
D-CLI-0006v62,cl100k_base,toke,132,320,D-CLI,2
D-CLI-0006v83,cl100k_base,toke,77,205,D-CLI,2
D-CLI-0007v133,cl100k_base,toke,69,191,D-CLI,2
D-CLI-0007v180,cl100k_base,toke,91,268,D-CLI,2
D-CLI-0007v192,cl100k_base,toke,75,221,D-CLI,2
D-CLI-0007v246,cl100k_base,toke,92,260,D-CLI,2
D-CLI-0007v266,cl100k_base,toke,68,189,D-CLI,2
D-CLI-0007v276,cl100k_base,toke,90,266,D-CLI,2
D-CLI-0007v43,cl100k_base,toke,83,242,D-CLI,2
D-CLI-0007v8,cl100k_base,toke,97,246,D-CLI,2
D-CLI-0008v246,cl100k_base,toke,97,260,D-CLI,2
D-CLI-0008v62,cl100k_base,toke,106,280,D-CLI,2
D-CLI-0009v135,cl100k_base,toke,106,253,D-CLI,3
D-CLI-0009v157,cl100k_base,toke,145,311,D-CLI,3
D-CLI-0009v227,cl100k_base,toke,112,254,D-CLI,3
D-CLI-0009v31,cl100k_base,toke,128,302,D-CLI,3
D-CLI-0009v92,cl100k_base,toke,95,243,D-CLI,3
D-CLI-0010v127,cl100k_base,toke,108,265,D-CLI,3
D-CLI-0010v153,cl100k_base,toke,139,320,D-CLI,3
D-CLI-0010v209,cl100k_base,toke,132,323,D-CLI,3
D-CLI-0010v24,cl100k_base,toke,91,238,D-CLI,3
D-CLI-0011v217,cl100k_base,toke,82,191,D-CLI,3
D-CLI-0011v74,cl100k_base,toke,158,380,D-CLI,3
D-CLI-0012v190,cl100k_base,toke,296,744,D-CLI,3
D-CLI-0012v203,cl100k_base,toke,195,459,D-CLI,3
D-CLI-0012v24,cl100k_base,toke,151,386,D-CLI,3
D-CLI-0013v253,cl100k_base,toke,120,295,D-CLI,3
D-CLI-0013v267,cl100k_base,toke,171,383,D-CLI,3
D-CLI-0013v38,cl100k_base,toke,145,341,D-CLI,3
D-CLI-0013v68,cl100k_base,toke,149,397,D-CLI,3
D-CLI-0014v22,cl100k_base,toke,96,222,D-CLI,3
D-CLI-0014v223,cl100k_base,toke,98,213,D-CLI,3
D-CLI-0015v116,cl100k_base,toke,94,244,D-CLI,3
D-CLI-0015v135,cl100k_base,toke,104,237,D-CLI,3
D-CLI-0015v206,cl100k_base,toke,96,224,D-CLI,3
D-CLI-0015v41,cl100k_base,toke,114,232,D-CLI,3
D-CLI-0015v47,cl100k_base,toke,89,221,D-CLI,3
D-CLI-0015v84,cl100k_base,toke,92,231,D-CLI,3
D-CLI-0016v117,cl100k_base,toke,115,278,D-CLI,2
D-CLI-0016v145,cl100k_base,toke,71,159,D-CLI,2
D-CLI-0016v162,cl100k_base,toke,71,167,D-CLI,2
D-CLI-0016v243,cl100k_base,toke,47,111,D-CLI,2
D-CLI-0016v264,cl100k_base,toke,69,166,D-CLI,2
D-CLI-0017v105,cl100k_base,toke,85,211,D-CLI,2
D-CLI-0017v172,cl100k_base,toke,65,171,D-CLI,2
D-CLI-0017v5,cl100k_base,toke,30,64,D-CLI,2
D-CLI-0018,cl100k_base,toke,54,135,D-CLI,2
D-CLI-0018v242,cl100k_base,toke,68,161,D-CLI,2
D-CLI-0018v25,cl100k_base,toke,73,191,D-CLI,2
D-CLI-0018v74,cl100k_base,toke,64,172,D-CLI,2
D-CLI-0018v96,cl100k_base,toke,60,165,D-CLI,2
D-CLI-0019v182,cl100k_base,toke,123,309,D-CLI,2
D-CLI-0019v193,cl100k_base,toke,132,327,D-CLI,2
D-CLI-0019v241,cl100k_base,toke,170,441,D-CLI,2
D-CLI-0019v261,cl100k_base,toke,130,338,D-CLI,2
D-CLI-0019v72,cl100k_base,toke,139,368,D-CLI,2
D-CLI-0019v85,cl100k_base,toke,178,474,D-CLI,2
D-CLI-0019v86,cl100k_base,toke,124,313,D-CLI,2
D-CLI-0019v9,cl100k_base,toke,139,330,D-CLI,2
D-CLI-0019v93,cl100k_base,toke,145,382,D-CLI,2
D-CLI-0020v115,cl100k_base,toke,75,174,D-CLI,1
D-CLI-0021v119,cl100k_base,toke,72,182,D-CLI,1
D-CLI-0021v129,cl100k_base,toke,78,191,D-CLI,1
D-CLI-0021v148,cl100k_base,toke,84,208,D-CLI,1
D-CLI-0021v151,cl100k_base,toke,71,186,D-CLI,1
D-CLI-0021v178,cl100k_base,toke,73,171,D-CLI,1
D-CLI-0021v182,cl100k_base,toke,76,174,D-CLI,1
D-CLI-0021v200,cl100k_base,toke,65,149,D-CLI,1
D-CLI-0021v264,cl100k_base,toke,75,202,D-CLI,1
D-CLI-0021v285,cl100k_base,toke,78,204,D-CLI,1
D-CLI-0021v72,cl100k_base,toke,43,100,D-CLI,1
D-CLI-0021v77,cl100k_base,toke,72,188,D-CLI,1
D-CLI-0022v1,cl100k_base,toke,87,211,D-CLI,1
D-CLI-0022v140,cl100k_base,toke,121,320,D-CLI,1
D-CLI-0022v188,cl100k_base,toke,124,301,D-CLI,1
D-CLI-0022v195,cl100k_base,toke,109,268,D-CLI,1
D-CLI-0022v241,cl100k_base,toke,110,269,D-CLI,1
D-CLI-0022v261,cl100k_base,toke,104,269,D-CLI,1
D-CLI-0022v66,cl100k_base,toke,87,209,D-CLI,1
D-CLI-0022v91,cl100k_base,toke,115,317,D-CLI,1
D-CLI-0023v13,cl100k_base,toke,63,196,D-CLI,1
D-CLI-0023v171,cl100k_base,toke,66,209,D-CLI,1
D-CLI-0023v210,cl100k_base,toke,71,201,D-CLI,1
D-CLI-0023v27,cl100k_base,toke,63,161,D-CLI,1
D-CLI-0023v272,cl100k_base,toke,57,177,D-CLI,1
D-CLI-0023v45,cl100k_base,toke,57,176,D-CLI,1
D-CLI-0023v49,cl100k_base,toke,62,171,D-CLI,1
D-CLI-0024v104,cl100k_base,toke,59,141,D-CLI,1
D-CLI-0024v127,cl100k_base,toke,56,135,D-CLI,1
D-CLI-0024v128,cl100k_base,toke,60,131,D-CLI,1
D-CLI-0024v170,cl100k_base,toke,64,151,D-CLI,1
D-CLI-0024v198,cl100k_base,toke,56,151,D-CLI,1
D-CLI-0024v228,cl100k_base,toke,68,173,D-CLI,1
D-CRY-0001v103,cl100k_base,toke,106,273,D-CRY,2
D-CRY-0001v149,cl100k_base,toke,98,237,D-CRY,2
D-CRY-0001v181,cl100k_base,toke,228,458,D-CRY,2
D-CRY-0001v184,cl100k_base,toke,243,491,D-CRY,2
D-CRY-0001v225,cl100k_base,toke,230,469,D-CRY,2
D-CRY-0001v231,cl100k_base,toke,159,340,D-CRY,2
D-CRY-0001v71,cl100k_base,toke,132,326,D-CRY,2
D-CRY-0002v249,cl100k_base,toke,165,318,D-CRY,2
D-CRY-0002v95,cl100k_base,toke,105,223,D-CRY,2
D-CRY-0003v104,cl100k_base,toke,153,378,D-CRY,2
D-CRY-0003v22,cl100k_base,toke,142,278,D-CRY,2
D-CRY-0003v243,cl100k_base,toke,105,274,D-CRY,2
D-CRY-0003v261,cl100k_base,toke,135,347,D-CRY,2
D-CRY-0003v35,cl100k_base,toke,154,305,D-CRY,2
D-CRY-0003v79,cl100k_base,toke,93,240,D-CRY,2
D-CRY-0003v87,cl100k_base,toke,75,209,D-CRY,2
D-CRY-0003v95,cl100k_base,toke,134,272,D-CRY,2
D-CRY-0004v128,cl100k_base,toke,66,197,D-CRY,2
D-CRY-0004v139,cl100k_base,toke,166,418,D-CRY,2
D-CRY-0004v187,cl100k_base,toke,149,379,D-CRY,2
D-CRY-0004v196,cl100k_base,toke,103,237,D-CRY,2
D-CRY-0004v61,cl100k_base,toke,171,381,D-CRY,2
D-CRY-0004v62,cl100k_base,toke,83,189,D-CRY,2
D-CRY-0004v65,cl100k_base,toke,83,233,D-CRY,2
D-CRY-0005v101,cl100k_base,toke,130,309,D-CRY,2
D-CRY-0005v181,cl100k_base,toke,84,186,D-CRY,2
D-CRY-0005v227,cl100k_base,toke,102,276,D-CRY,2
D-CRY-0005v239,cl100k_base,toke,96,224,D-CRY,2
D-CRY-0005v261,cl100k_base,toke,76,161,D-CRY,2
D-CRY-0005v88,cl100k_base,toke,81,177,D-CRY,2
D-CRY-0005v99,cl100k_base,toke,153,394,D-CRY,2
D-CRY-0006v176,cl100k_base,toke,139,366,D-CRY,2
D-CRY-0006v223,cl100k_base,toke,206,522,D-CRY,2
D-CRY-0006v233,cl100k_base,toke,149,346,D-CRY,2
D-CRY-0006v258,cl100k_base,toke,109,261,D-CRY,2
D-CRY-0006v276,cl100k_base,toke,136,294,D-CRY,2
D-CRY-0006v39,cl100k_base,toke,88,205,D-CRY,2
D-CRY-0006v76,cl100k_base,toke,116,253,D-CRY,2
D-CRY-0007v108,cl100k_base,toke,123,291,D-CRY,2
D-CRY-0007v279,cl100k_base,toke,114,295,D-CRY,2
D-CRY-0008v115,cl100k_base,toke,150,361,D-CRY,2
D-CRY-0008v147,cl100k_base,toke,157,367,D-CRY,2
D-CRY-0008v241,cl100k_base,toke,110,224,D-CRY,2
D-CRY-0008v250,cl100k_base,toke,149,355,D-CRY,2
D-CRY-0009v111,cl100k_base,toke,98,211,D-CRY,2
D-CRY-0009v129,cl100k_base,toke,95,207,D-CRY,2
D-CRY-0009v145,cl100k_base,toke,101,190,D-CRY,2
D-CRY-0009v18,cl100k_base,toke,98,207,D-CRY,2
D-CRY-0009v275,cl100k_base,toke,119,236,D-CRY,2
D-CRY-0009v89,cl100k_base,toke,97,183,D-CRY,2
D-CRY-0009v90,cl100k_base,toke,94,226,D-CRY,2
D-CRY-0010v126,cl100k_base,toke,74,205,D-CRY,2
D-CRY-0010v157,cl100k_base,toke,63,161,D-CRY,2
D-CRY-0010v182,cl100k_base,toke,97,255,D-CRY,2
D-CRY-0010v189,cl100k_base,toke,74,154,D-CRY,2
D-CRY-0010v229,cl100k_base,toke,68,175,D-CRY,2
D-CRY-0010v64,cl100k_base,toke,67,179,D-CRY,2
D-CRY-0011v101,cl100k_base,toke,91,255,D-CRY,2
D-CRY-0011v155,cl100k_base,toke,94,235,D-CRY,2
D-CRY-0011v176,cl100k_base,toke,129,340,D-CRY,2
D-CRY-0011v255,cl100k_base,toke,95,284,D-CRY,2
D-CRY-0011v52,cl100k_base,toke,113,338,D-CRY,2
D-CRY-0011v79,cl100k_base,toke,90,243,D-CRY,2
D-CRY-0012v189,cl100k_base,toke,83,177,D-CRY,2
D-CRY-0012v20,cl100k_base,toke,124,329,D-CRY,2
D-CRY-0012v209,cl100k_base,toke,109,300,D-CRY,2
D-CRY-0012v211,cl100k_base,toke,130,367,D-CRY,2
D-CRY-0012v234,cl100k_base,toke,93,232,D-CRY,2
D-CRY-0012v269,cl100k_base,toke,82,182,D-CRY,2
D-CRY-0012v282,cl100k_base,toke,97,220,D-CRY,2
D-CRY-0012v45,cl100k_base,toke,80,167,D-CRY,2
D-CRY-0012v98,cl100k_base,toke,92,206,D-CRY,2
D-CRY-0013v101,cl100k_base,toke,93,232,D-CRY,2
D-CRY-0013v116,cl100k_base,toke,127,339,D-CRY,2
D-CRY-0013v128,cl100k_base,toke,95,213,D-CRY,2
D-CRY-0013v190,cl100k_base,toke,93,253,D-CRY,2
D-CRY-0013v248,cl100k_base,toke,94,266,D-CRY,2
D-CRY-0013v265,cl100k_base,toke,90,195,D-CRY,2
D-CRY-0013v59,cl100k_base,toke,95,248,D-CRY,2
D-CRY-0013v85,cl100k_base,toke,82,173,D-CRY,2
D-CRY-0014v105,cl100k_base,toke,128,273,D-CRY,3
D-CRY-0014v117,cl100k_base,toke,89,251,D-CRY,3
D-CRY-0014v146,cl100k_base,toke,133,279,D-CRY,3
D-CRY-0014v187,cl100k_base,toke,96,279,D-CRY,3
D-CRY-0014v47,cl100k_base,toke,113,307,D-CRY,3
D-CRY-0014v60,cl100k_base,toke,95,261,D-CRY,3
D-CRY-0014v94,cl100k_base,toke,124,263,D-CRY,3
D-CRY-0015v108,cl100k_base,toke,132,281,D-CRY,3
D-CRY-0015v202,cl100k_base,toke,129,273,D-CRY,3
D-CRY-0015v213,cl100k_base,toke,120,323,D-CRY,3
D-CRY-0015v243,cl100k_base,toke,98,273,D-CRY,3
D-CRY-0015v245,cl100k_base,toke,99,270,D-CRY,3
D-CRY-0015v35,cl100k_base,toke,96,262,D-CRY,3
D-CRY-0015v62,cl100k_base,toke,157,356,D-CRY,3
D-CRY-0016v16,cl100k_base,toke,88,199,D-CRY,3
D-CRY-0016v183,cl100k_base,toke,88,209,D-CRY,3
D-CRY-0016v200,cl100k_base,toke,92,205,D-CRY,3
D-CRY-0016v212,cl100k_base,toke,100,248,D-CRY,3
D-CRY-0016v264,cl100k_base,toke,93,187,D-CRY,3
D-CRY-0016v278,cl100k_base,toke,96,181,D-CRY,3
D-CRY-0016v53,cl100k_base,toke,94,216,D-CRY,3
D-CRY-0016v6,cl100k_base,toke,89,190,D-CRY,3
D-CRY-0017v104,cl100k_base,toke,79,194,D-CRY,3
D-CRY-0017v135,cl100k_base,toke,79,204,D-CRY,3
D-CRY-0017v78,cl100k_base,toke,87,214,D-CRY,3
D-CRY-0017v95,cl100k_base,toke,94,234,D-CRY,3
D-CRY-0018v112,cl100k_base,toke,88,195,D-CRY,3
D-CRY-0018v197,cl100k_base,toke,97,209,D-CRY,3
D-CRY-0018v249,cl100k_base,toke,129,260,D-CRY,3
D-CRY-0018v42,cl100k_base,toke,125,264,D-CRY,3
D-CRY-0019v10,cl100k_base,toke,113,243,D-CRY,3
D-CRY-0019v121,cl100k_base,toke,118,220,D-CRY,3
D-CRY-0019v246,cl100k_base,toke,110,267,D-CRY,3
D-CRY-0020v180,cl100k_base,toke,98,196,D-CRY,3
D-CRY-0020v214,cl100k_base,toke,148,294,D-CRY,3
D-CRY-0021v116,cl100k_base,toke,101,245,D-CRY,3
D-CRY-0021v51,cl100k_base,toke,98,198,D-CRY,3
D-CRY-0021v86,cl100k_base,toke,82,188,D-CRY,3
D-CRY-0022v105,cl100k_base,toke,86,187,D-CRY,3
D-CRY-0022v138,cl100k_base,toke,112,247,D-CRY,3
D-CRY-0022v244,cl100k_base,toke,109,222,D-CRY,3
D-CRY-0022v99,cl100k_base,toke,88,221,D-CRY,3
D-CRY-0023v39,cl100k_base,toke,106,252,D-CRY,3
D-CRY-0023v76,cl100k_base,toke,117,294,D-CRY,3
D-CRY-0023v99,cl100k_base,toke,108,266,D-CRY,3
D-CRY-0024v180,cl100k_base,toke,108,272,D-CRY,3
D-CRY-0024v250,cl100k_base,toke,137,315,D-CRY,3
D-CRY-0024v283,cl100k_base,toke,100,201,D-CRY,3
D-DAT-0001v181,cl100k_base,toke,74,225,D-DAT,2
D-DAT-0001v204,cl100k_base,toke,76,182,D-DAT,2
D-DAT-0001v231,cl100k_base,toke,70,164,D-DAT,2
D-DAT-0001v99,cl100k_base,toke,90,212,D-DAT,2
D-DAT-0002v113,cl100k_base,toke,91,235,D-DAT,2
D-DAT-0002v139,cl100k_base,toke,103,284,D-DAT,2
D-DAT-0002v149,cl100k_base,toke,62,162,D-DAT,2
D-DAT-0002v220,cl100k_base,toke,91,228,D-DAT,2
D-DAT-0002v239,cl100k_base,toke,67,188,D-DAT,2
D-DAT-0002v260,cl100k_base,toke,116,309,D-DAT,2
D-DAT-0002v57,cl100k_base,toke,78,200,D-DAT,2
D-DAT-0002v68,cl100k_base,toke,95,259,D-DAT,2
D-DAT-0003v116,cl100k_base,toke,119,281,D-DAT,2
D-DAT-0003v120,cl100k_base,toke,127,313,D-DAT,2
D-DAT-0003v132,cl100k_base,toke,110,249,D-DAT,2
D-DAT-0003v166,cl100k_base,toke,171,432,D-DAT,2
D-DAT-0003v260,cl100k_base,toke,130,353,D-DAT,2
D-DAT-0003v44,cl100k_base,toke,123,281,D-DAT,2
D-DAT-0003v91,cl100k_base,toke,97,260,D-DAT,2
D-DAT-0004v1,cl100k_base,toke,120,290,D-DAT,2
D-DAT-0004v110,cl100k_base,toke,184,484,D-DAT,2
D-DAT-0004v192,cl100k_base,toke,197,531,D-DAT,2
D-DAT-0004v211,cl100k_base,toke,113,288,D-DAT,2
D-DAT-0004v217,cl100k_base,toke,111,266,D-DAT,2
D-DAT-0004v227,cl100k_base,toke,205,545,D-DAT,2
D-DAT-0004v88,cl100k_base,toke,203,550,D-DAT,2
D-DAT-0005v117,cl100k_base,toke,96,231,D-DAT,2
D-DAT-0005v146,cl100k_base,toke,114,254,D-DAT,2
D-DAT-0005v155,cl100k_base,toke,89,186,D-DAT,2
D-DAT-0005v184,cl100k_base,toke,98,265,D-DAT,2
D-DAT-0005v228,cl100k_base,toke,100,217,D-DAT,2
D-DAT-0005v237,cl100k_base,toke,91,188,D-DAT,2
D-DAT-0005v44,cl100k_base,toke,97,206,D-DAT,2
D-DAT-0005v53,cl100k_base,toke,88,180,D-DAT,2
D-DAT-0006v103,cl100k_base,toke,108,231,D-DAT,2
D-DAT-0006v225,cl100k_base,toke,105,208,D-DAT,2
D-DAT-0006v242,cl100k_base,toke,113,264,D-DAT,2
D-DAT-0006v255,cl100k_base,toke,114,271,D-DAT,2
D-DAT-0007v175,cl100k_base,toke,178,450,D-DAT,2
D-DAT-0007v232,cl100k_base,toke,128,301,D-DAT,2
D-DAT-0007v233,cl100k_base,toke,110,236,D-DAT,2
D-DAT-0007v37,cl100k_base,toke,127,312,D-DAT,2
D-DAT-0008v127,cl100k_base,toke,126,290,D-DAT,2
D-DAT-0008v14,cl100k_base,toke,124,266,D-DAT,2
D-DAT-0008v243,cl100k_base,toke,136,317,D-DAT,2
D-DAT-0008v258,cl100k_base,toke,122,308,D-DAT,2
D-DAT-0008v39,cl100k_base,toke,110,250,D-DAT,2
D-DAT-0009v175,cl100k_base,toke,108,302,D-DAT,2
D-DAT-0009v221,cl100k_base,toke,107,299,D-DAT,2
D-DAT-0009v235,cl100k_base,toke,95,189,D-DAT,2
D-DAT-0009v263,cl100k_base,toke,94,200,D-DAT,2
D-DAT-0009v52,cl100k_base,toke,141,401,D-DAT,2
D-DAT-0009v62,cl100k_base,toke,163,405,D-DAT,2
D-DAT-0010v170,cl100k_base,toke,212,475,D-DAT,3
D-DAT-0010v223,cl100k_base,toke,182,433,D-DAT,3
D-DAT-0010v43,cl100k_base,toke,102,211,D-DAT,3
D-DAT-0011v131,cl100k_base,toke,100,219,D-DAT,3
D-DAT-0011v160,cl100k_base,toke,96,219,D-DAT,3
D-DAT-0011v177,cl100k_base,toke,187,498,D-DAT,3
D-DAT-0011v3,cl100k_base,toke,194,469,D-DAT,3
D-DAT-0011v37,cl100k_base,toke,176,444,D-DAT,3
D-DAT-0012v134,cl100k_base,toke,170,395,D-DAT,3
D-DAT-0012v3,cl100k_base,toke,93,203,D-DAT,3
D-DAT-0012v80,cl100k_base,toke,93,192,D-DAT,3
D-DAT-0013v129,cl100k_base,toke,100,218,D-DAT,3
D-DAT-0013v143,cl100k_base,toke,175,414,D-DAT,3
D-DAT-0013v264,cl100k_base,toke,97,209,D-DAT,3
D-DAT-0013v48,cl100k_base,toke,153,377,D-DAT,3
D-DAT-0014v116,cl100k_base,toke,117,279,D-DAT,3
D-DAT-0014v175,cl100k_base,toke,209,536,D-DAT,3
D-DAT-0014v245,cl100k_base,toke,188,461,D-DAT,3
D-DAT-0014v261,cl100k_base,toke,107,246,D-DAT,3
D-DAT-0014v46,cl100k_base,toke,107,233,D-DAT,3
D-DAT-0015v100,cl100k_base,toke,200,558,D-DAT,3
D-DAT-0015v127,cl100k_base,toke,129,311,D-DAT,3
D-DAT-0015v81,cl100k_base,toke,136,308,D-DAT,3
D-DAT-0016v201,cl100k_base,toke,84,217,D-DAT,3
D-DAT-0016v21,cl100k_base,toke,90,231,D-DAT,3
D-DAT-0016v65,cl100k_base,toke,83,212,D-DAT,3
D-DAT-0017v109,cl100k_base,toke,86,198,D-DAT,3
D-DAT-0017v26,cl100k_base,toke,110,261,D-DAT,3
D-DAT-0018v149,cl100k_base,toke,92,199,D-DAT,3
D-DAT-0018v212,cl100k_base,toke,91,213,D-DAT,3
D-DAT-0018v236,cl100k_base,toke,94,209,D-DAT,3
D-DAT-0018v253,cl100k_base,toke,100,215,D-DAT,3
D-DAT-0019v148,cl100k_base,toke,206,506,D-DAT,3
D-DAT-0019v151,cl100k_base,toke,200,489,D-DAT,3
D-DAT-0019v217,cl100k_base,toke,183,480,D-DAT,3
D-DAT-0019v76,cl100k_base,toke,218,564,D-DAT,3
D-DAT-0020v170,cl100k_base,toke,99,236,D-DAT,3
D-DAT-0020v59,cl100k_base,toke,97,223,D-DAT,3
D-DAT-0020v83,cl100k_base,toke,198,509,D-DAT,3
D-DAT-0020v91,cl100k_base,toke,167,388,D-DAT,3
D-DAT-0021v125,cl100k_base,toke,125,383,D-DAT,3
D-DAT-0021v155,cl100k_base,toke,133,332,D-DAT,3
D-DAT-0021v162,cl100k_base,toke,132,381,D-DAT,3
D-DAT-0021v172,cl100k_base,toke,154,391,D-DAT,3
D-DAT-0021v226,cl100k_base,toke,130,341,D-DAT,3
D-DAT-0021v60,cl100k_base,toke,175,469,D-DAT,3
D-DAT-0022v123,cl100k_base,toke,164,449,D-DAT,2
D-DAT-0022v125,cl100k_base,toke,94,222,D-DAT,2
D-DAT-0022v173,cl100k_base,toke,178,456,D-DAT,2
D-DAT-0022v186,cl100k_base,toke,192,467,D-DAT,2
D-DAT-0022v204,cl100k_base,toke,166,432,D-DAT,2
D-DAT-0022v205,cl100k_base,toke,172,438,D-DAT,2
D-DAT-0022v206,cl100k_base,toke,168,444,D-DAT,2
D-DAT-0022v250,cl100k_base,toke,187,465,D-DAT,2
D-DAT-0022v251,cl100k_base,toke,187,456,D-DAT,2
D-DAT-0022v60,cl100k_base,toke,209,536,D-DAT,2
D-DAT-0023v104,cl100k_base,toke,163,408,D-DAT,2
D-DAT-0023v223,cl100k_base,toke,179,444,D-DAT,2
D-DAT-0023v53,cl100k_base,toke,170,416,D-DAT,2
D-DAT-0023v66,cl100k_base,toke,163,401,D-DAT,2
D-DAT-0024v141,cl100k_base,toke,174,455,D-DAT,2
D-DAT-0024v17,cl100k_base,toke,101,222,D-DAT,2
D-DAT-0024v220,cl100k_base,toke,200,543,D-DAT,2
D-DAT-0024v224,cl100k_base,toke,167,390,D-DAT,2
D-DAT-0024v40,cl100k_base,toke,94,210,D-DAT,2
D-DAT-0024v72,cl100k_base,toke,93,227,D-DAT,2
D-DAT-0024v76,cl100k_base,toke,179,431,D-DAT,2
D-DAT-0025v137,cl100k_base,toke,188,469,D-DAT,2
D-DAT-0025v199,cl100k_base,toke,98,237,D-DAT,2
D-DAT-0025v206,cl100k_base,toke,130,325,D-DAT,2
D-DAT-0025v219,cl100k_base,toke,176,463,D-DAT,2
D-DAT-0025v237,cl100k_base,toke,96,220,D-DAT,2
D-DAT-0025v4,cl100k_base,toke,189,519,D-DAT,2
D-DAT-0025v75,cl100k_base,toke,189,520,D-DAT,2
D-DAT-0025v82,cl100k_base,toke,104,256,D-DAT,2
D-DAT-0025v92,cl100k_base,toke,105,258,D-DAT,2
D-DAT-0026v172,cl100k_base,toke,195,510,D-DAT,2
D-DAT-0026v236,cl100k_base,toke,195,510,D-DAT,2
D-DAT-0026v262,cl100k_base,toke,128,298,D-DAT,2
D-DAT-0026v68,cl100k_base,toke,204,551,D-DAT,2
D-DAT-0026v99,cl100k_base,toke,172,434,D-DAT,2
D-FIO-0001v100,cl100k_base,toke,73,215,D-FIO,2
D-FIO-0001v149,cl100k_base,toke,80,211,D-FIO,2
D-FIO-0001v155,cl100k_base,toke,90,267,D-FIO,2
D-FIO-0001v221,cl100k_base,toke,72,212,D-FIO,2
D-FIO-0001v250,cl100k_base,toke,96,238,D-FIO,2
D-FIO-0001v262,cl100k_base,toke,86,208,D-FIO,2
D-FIO-0001v372,cl100k_base,toke,135,343,D-FIO,2
D-FIO-0001v4,cl100k_base,toke,129,296,D-FIO,2
D-FIO-0002,cl100k_base,toke,62,198,D-FIO,2
D-FIO-0002v158,cl100k_base,toke,88,204,D-FIO,2
D-FIO-0002v171,cl100k_base,toke,92,230,D-FIO,2
D-FIO-0002v260,cl100k_base,toke,73,231,D-FIO,2
D-FIO-0002v362,cl100k_base,toke,68,209,D-FIO,2
D-FIO-0003v106,cl100k_base,toke,124,316,D-FIO,2
D-FIO-0003v139,cl100k_base,toke,124,315,D-FIO,2
D-FIO-0003v167,cl100k_base,toke,150,361,D-FIO,2
D-FIO-0003v250,cl100k_base,toke,126,306,D-FIO,2
D-FIO-0003v345,cl100k_base,toke,143,381,D-FIO,2
D-FIO-0003v42,cl100k_base,toke,136,329,D-FIO,2
D-FIO-0003v97,cl100k_base,toke,135,339,D-FIO,2
D-FIO-0004v110,cl100k_base,toke,175,429,D-FIO,2
D-FIO-0004v19,cl100k_base,toke,111,330,D-FIO,2
D-FIO-0004v252,cl100k_base,toke,103,284,D-FIO,2
D-FIO-0004v340,cl100k_base,toke,125,359,D-FIO,2
D-FIO-0004v67,cl100k_base,toke,150,388,D-FIO,2
D-FIO-0005v134,cl100k_base,toke,122,304,D-FIO,2
D-FIO-0005v241,cl100k_base,toke,125,338,D-FIO,2
D-FIO-0005v249,cl100k_base,toke,133,309,D-FIO,2
D-FIO-0005v257,cl100k_base,toke,131,315,D-FIO,2
D-FIO-0005v275,cl100k_base,toke,115,327,D-FIO,2
D-FIO-0005v281,cl100k_base,toke,135,319,D-FIO,2
D-FIO-0005v284,cl100k_base,toke,115,286,D-FIO,2
D-FIO-0005v346,cl100k_base,toke,108,303,D-FIO,2
D-FIO-0005v348,cl100k_base,toke,119,304,D-FIO,2
D-FIO-0005v8,cl100k_base,toke,145,350,D-FIO,2
D-FIO-0006v119,cl100k_base,toke,62,159,D-FIO,2
D-FIO-0006v207,cl100k_base,toke,80,218,D-FIO,2
D-FIO-0006v312,cl100k_base,toke,67,175,D-FIO,2
D-FIO-0006v78,cl100k_base,toke,98,231,D-FIO,2
D-FIO-0007v170,cl100k_base,toke,112,298,D-FIO,2
D-FIO-0007v190,cl100k_base,toke,99,244,D-FIO,2
D-FIO-0007v193,cl100k_base,toke,116,332,D-FIO,2
D-FIO-0007v225,cl100k_base,toke,115,312,D-FIO,2
D-FIO-0007v258,cl100k_base,toke,106,314,D-FIO,2
D-FIO-0007v261,cl100k_base,toke,100,300,D-FIO,2
D-FIO-0007v306,cl100k_base,toke,117,339,D-FIO,2
D-FIO-0007v309,cl100k_base,toke,95,288,D-FIO,2
D-FIO-0007v318,cl100k_base,toke,111,274,D-FIO,2
D-FIO-0007v61,cl100k_base,toke,103,302,D-FIO,2
D-FIO-0008v109,cl100k_base,toke,166,387,D-FIO,2
D-FIO-0008v115,cl100k_base,toke,135,363,D-FIO,2
D-FIO-0008v189,cl100k_base,toke,103,295,D-FIO,2
D-FIO-0008v202,cl100k_base,toke,135,376,D-FIO,2
D-FIO-0008v290,cl100k_base,toke,133,375,D-FIO,2
D-FIO-0008v296,cl100k_base,toke,114,279,D-FIO,2
D-FIO-0008v325,cl100k_base,toke,151,390,D-FIO,2
D-FIO-0008v39,cl100k_base,toke,140,329,D-FIO,2
D-FIO-0008v93,cl100k_base,toke,134,358,D-FIO,2
D-FIO-0009v265,cl100k_base,toke,68,195,D-FIO,2
D-FIO-0010v113,cl100k_base,toke,107,268,D-FIO,2
D-FIO-0010v119,cl100k_base,toke,152,437,D-FIO,2
D-FIO-0010v196,cl100k_base,toke,93,269,D-FIO,2
D-FIO-0010v208,cl100k_base,toke,76,203,D-FIO,2
D-FIO-0010v284,cl100k_base,toke,93,237,D-FIO,2
D-FIO-0010v292,cl100k_base,toke,97,269,D-FIO,2
D-FIO-0010v33,cl100k_base,toke,92,227,D-FIO,2
D-FIO-0010v54,cl100k_base,toke,103,269,D-FIO,2
D-FIO-0010v94,cl100k_base,toke,99,253,D-FIO,2
D-FIO-0012v14,cl100k_base,toke,70,203,D-FIO,2
D-FIO-0012v229,cl100k_base,toke,66,188,D-FIO,2
D-FIO-0012v241,cl100k_base,toke,88,205,D-FIO,2
D-FIO-0012v252,cl100k_base,toke,69,210,D-FIO,2
D-FIO-0012v279,cl100k_base,toke,71,209,D-FIO,2
D-FIO-0012v74,cl100k_base,toke,74,174,D-FIO,2
D-FIO-0012v75,cl100k_base,toke,83,241,D-FIO,2
D-FIO-0013v115,cl100k_base,toke,102,255,D-FIO,2
D-FIO-0013v298,cl100k_base,toke,118,330,D-FIO,2
D-FIO-0013v356,cl100k_base,toke,103,298,D-FIO,2
D-FIO-0013v41,cl100k_base,toke,112,283,D-FIO,2
D-FIO-0014v185,cl100k_base,toke,116,286,D-FIO,2
D-FIO-0014v230,cl100k_base,toke,123,314,D-FIO,2
D-FIO-0014v28,cl100k_base,toke,91,248,D-FIO,2
D-FIO-0014v297,cl100k_base,toke,115,279,D-FIO,2
D-FIO-0015v219,cl100k_base,toke,116,274,D-FIO,2
D-FIO-0015v326,cl100k_base,toke,117,289,D-FIO,2
D-FIO-0016v125,cl100k_base,toke,100,233,D-FIO,2
D-FIO-0016v189,cl100k_base,toke,93,213,D-FIO,2
D-FIO-0016v255,cl100k_base,toke,101,259,D-FIO,2
D-FIO-0016v284,cl100k_base,toke,96,241,D-FIO,2
D-FIO-0016v338,cl100k_base,toke,111,282,D-FIO,2
D-FIO-0016v73,cl100k_base,toke,64,127,D-FIO,2
D-FIO-0017v111,cl100k_base,toke,102,280,D-FIO,2
D-FIO-0017v114,cl100k_base,toke,96,258,D-FIO,2
D-FIO-0017v15,cl100k_base,toke,83,221,D-FIO,2
D-FIO-0017v204,cl100k_base,toke,111,304,D-FIO,2
D-FIO-0017v218,cl100k_base,toke,107,281,D-FIO,2
D-FIO-0017v230,cl100k_base,toke,98,264,D-FIO,2
D-FIO-0017v252,cl100k_base,toke,103,261,D-FIO,2
D-FIO-0017v260,cl100k_base,toke,106,290,D-FIO,2
D-FIO-0017v284,cl100k_base,toke,83,221,D-FIO,2
D-FIO-0017v287,cl100k_base,toke,97,238,D-FIO,2
D-FIO-0017v332,cl100k_base,toke,81,216,D-FIO,2
D-FIO-0017v335,cl100k_base,toke,82,215,D-FIO,2
D-FIO-0017v347,cl100k_base,toke,65,190,D-FIO,2
D-FIO-0017v376,cl100k_base,toke,64,176,D-FIO,2
D-FIO-0017v90,cl100k_base,toke,70,194,D-FIO,2
D-FIO-0018v100,cl100k_base,toke,171,452,D-FIO,2
D-FIO-0018v126,cl100k_base,toke,154,431,D-FIO,2
D-FIO-0018v148,cl100k_base,toke,129,385,D-FIO,2
D-FIO-0018v151,cl100k_base,toke,143,389,D-FIO,2
D-FIO-0018v225,cl100k_base,toke,186,457,D-FIO,2
D-FIO-0018v3,cl100k_base,toke,98,264,D-FIO,2
D-FIO-0018v6,cl100k_base,toke,131,308,D-FIO,2
D-FIO-0018v63,cl100k_base,toke,113,309,D-FIO,2
D-FIO-0018v92,cl100k_base,toke,133,362,D-FIO,2
D-NET-0001v173,cl100k_base,toke,85,210,D-NET,2
D-NET-0001v218,cl100k_base,toke,87,214,D-NET,2
D-NET-0001v259,cl100k_base,toke,67,203,D-NET,2
D-NET-0001v292,cl100k_base,toke,68,198,D-NET,2
D-NET-0001v302,cl100k_base,toke,132,301,D-NET,2
D-NET-0001v306,cl100k_base,toke,90,226,D-NET,2
D-NET-0001v321,cl100k_base,toke,70,188,D-NET,2
D-NET-0002v139,cl100k_base,toke,95,269,D-NET,2
D-NET-0002v215,cl100k_base,toke,161,417,D-NET,2
D-NET-0003v165,cl100k_base,toke,164,398,D-NET,2
D-NET-0003v192,cl100k_base,toke,154,382,D-NET,2
D-NET-0003v213,cl100k_base,toke,211,529,D-NET,2
D-NET-0003v238,cl100k_base,toke,247,640,D-NET,2
D-NET-0003v283,cl100k_base,toke,185,459,D-NET,2
D-NET-0003v340,cl100k_base,toke,179,509,D-NET,2
D-NET-0003v36,cl100k_base,toke,132,350,D-NET,2
D-NET-0003v94,cl100k_base,toke,161,408,D-NET,2
D-NET-0004v150,cl100k_base,toke,160,387,D-NET,2
D-NET-0004v165,cl100k_base,toke,137,370,D-NET,2
D-NET-0004v212,cl100k_base,toke,158,406,D-NET,2
D-NET-0004v233,cl100k_base,toke,104,258,D-NET,2
D-NET-0004v269,cl100k_base,toke,129,330,D-NET,2
D-NET-0004v63,cl100k_base,toke,135,332,D-NET,2
D-NET-0004v73,cl100k_base,toke,167,456,D-NET,2
D-NET-0005v126,cl100k_base,toke,83,225,D-NET,2
D-NET-0005v2,cl100k_base,toke,89,248,D-NET,2
D-NET-0005v27,cl100k_base,toke,87,229,D-NET,2
D-NET-0005v270,cl100k_base,toke,82,215,D-NET,2
D-NET-0005v280,cl100k_base,toke,88,248,D-NET,2
D-NET-0005v289,cl100k_base,toke,83,203,D-NET,2
D-NET-0005v302,cl100k_base,toke,102,261,D-NET,2
D-NET-0005v48,cl100k_base,toke,87,246,D-NET,2
D-NET-0005v96,cl100k_base,toke,80,214,D-NET,2
D-NET-0006v137,cl100k_base,toke,119,294,D-NET,2
D-NET-0006v172,cl100k_base,toke,136,352,D-NET,2
D-NET-0006v176,cl100k_base,toke,161,402,D-NET,2
D-NET-0007v123,cl100k_base,toke,105,266,D-NET,2
D-NET-0007v132,cl100k_base,toke,118,302,D-NET,2
D-NET-0007v156,cl100k_base,toke,110,285,D-NET,2
D-NET-0007v33,cl100k_base,toke,112,262,D-NET,2
D-NET-0007v38,cl100k_base,toke,124,295,D-NET,2
D-NET-0007v43,cl100k_base,toke,136,324,D-NET,2
D-NET-0007v58,cl100k_base,toke,124,296,D-NET,2
D-NET-0007v59,cl100k_base,toke,128,316,D-NET,2
D-NET-0007v69,cl100k_base,toke,109,260,D-NET,2
D-NET-0008v144,cl100k_base,toke,170,447,D-NET,2
D-NET-0008v238,cl100k_base,toke,136,373,D-NET,2
D-NET-0008v253,cl100k_base,toke,153,426,D-NET,2
D-NET-0008v28,cl100k_base,toke,130,356,D-NET,2
D-NET-0008v329,cl100k_base,toke,180,451,D-NET,2
D-NET-0008v330,cl100k_base,toke,131,337,D-NET,2
D-NET-0008v39,cl100k_base,toke,137,364,D-NET,2
D-NET-0009v171,cl100k_base,toke,95,259,D-NET,2
D-NET-0009v224,cl100k_base,toke,89,248,D-NET,2
D-NET-0009v237,cl100k_base,toke,78,192,D-NET,2
D-NET-0009v264,cl100k_base,toke,85,236,D-NET,2
D-NET-0009v285,cl100k_base,toke,100,270,D-NET,2
D-NET-0009v303,cl100k_base,toke,103,248,D-NET,2
D-NET-0009v36,cl100k_base,toke,114,292,D-NET,2
D-NET-0010v240,cl100k_base,toke,83,206,D-NET,2
D-NET-0010v290,cl100k_base,toke,76,197,D-NET,2
D-NET-0010v69,cl100k_base,toke,74,185,D-NET,2
D-NET-0010v73,cl100k_base,toke,89,216,D-NET,2
D-NET-0011v190,cl100k_base,toke,97,239,D-NET,2
D-NET-0011v195,cl100k_base,toke,115,297,D-NET,2
D-NET-0011v200,cl100k_base,toke,110,305,D-NET,2
D-NET-0011v236,cl100k_base,toke,98,245,D-NET,2
D-NET-0011v296,cl100k_base,toke,101,253,D-NET,2
D-NET-0012v139,cl100k_base,toke,111,316,D-NET,2
D-NET-0012v163,cl100k_base,toke,94,272,D-NET,2
D-NET-0012v183,cl100k_base,toke,100,237,D-NET,2
D-NET-0012v211,cl100k_base,toke,103,274,D-NET,2
D-NET-0012v258,cl100k_base,toke,110,300,D-NET,2
D-NET-0012v290,cl100k_base,toke,94,272,D-NET,2
D-NET-0012v297,cl100k_base,toke,100,257,D-NET,2
D-NET-0012v53,cl100k_base,toke,117,297,D-NET,2
D-NET-0012v6,cl100k_base,toke,126,296,D-NET,2
D-NET-0013v10,cl100k_base,toke,112,327,D-NET,2
D-NET-0013v118,cl100k_base,toke,115,298,D-NET,2
D-NET-0013v147,cl100k_base,toke,106,272,D-NET,2
D-NET-0013v156,cl100k_base,toke,103,293,D-NET,2
D-NET-0013v203,cl100k_base,toke,105,283,D-NET,2
D-NET-0013v328,cl100k_base,toke,92,247,D-NET,2
D-NET-0013v340,cl100k_base,toke,103,242,D-NET,2
D-NET-0013v40,cl100k_base,toke,79,189,D-NET,2
D-NET-0013v80,cl100k_base,toke,94,256,D-NET,2
D-NET-0013v9,cl100k_base,toke,100,268,D-NET,2
D-NET-0014v118,cl100k_base,toke,101,297,D-NET,2
D-NET-0014v134,cl100k_base,toke,112,279,D-NET,2
D-NET-0014v229,cl100k_base,toke,90,248,D-NET,2
D-NET-0014v305,cl100k_base,toke,99,244,D-NET,2
D-NET-0014v59,cl100k_base,toke,116,315,D-NET,2
D-NET-0015v160,cl100k_base,toke,100,242,D-NET,2
D-NET-0015v178,cl100k_base,toke,84,197,D-NET,2
D-NET-0015v183,cl100k_base,toke,102,249,D-NET,2
D-NET-0015v195,cl100k_base,toke,104,277,D-NET,2
D-NET-0015v2,cl100k_base,toke,78,181,D-NET,2
D-NET-0015v21,cl100k_base,toke,90,215,D-NET,2
D-NET-0015v303,cl100k_base,toke,90,228,D-NET,2
D-NET-0015v330,cl100k_base,toke,97,232,D-NET,2
D-NET-0015v337,cl100k_base,toke,95,240,D-NET,2
D-NET-0016v192,cl100k_base,toke,173,427,D-NET,2
D-NET-0016v238,cl100k_base,toke,223,544,D-NET,2
D-NET-0016v33,cl100k_base,toke,173,455,D-NET,2
D-NET-0016v49,cl100k_base,toke,199,476,D-NET,2
D-NET-0016v98,cl100k_base,toke,253,617,D-NET,2
D-NET-0017v1,cl100k_base,toke,90,205,D-NET,2
D-NET-0017v119,cl100k_base,toke,58,175,D-NET,2
D-NET-0017v142,cl100k_base,toke,86,251,D-NET,2
D-NET-0017v177,cl100k_base,toke,87,239,D-NET,2
D-NET-0017v55,cl100k_base,toke,64,193,D-NET,2
D-NET-0018v137,cl100k_base,toke,84,248,D-NET,2
D-NET-0018v234,cl100k_base,toke,69,205,D-NET,2
D-NET-0018v27,cl100k_base,toke,128,308,D-NET,2
D-NET-0018v273,cl100k_base,toke,138,310,D-NET,2
D-NET-0018v63,cl100k_base,toke,75,222,D-NET,2
D-NET-0019v115,cl100k_base,toke,135,357,D-NET,2
D-NET-0019v129,cl100k_base,toke,88,225,D-NET,2
D-NET-0019v18,cl100k_base,toke,118,304,D-NET,2
D-NET-0019v218,cl100k_base,toke,116,286,D-NET,2
D-NET-0019v283,cl100k_base,toke,90,255,D-NET,2
D-NET-0020v119,cl100k_base,toke,123,351,D-NET,2
D-NET-0020v125,cl100k_base,toke,154,372,D-NET,2
D-NET-0020v137,cl100k_base,toke,159,447,D-NET,2
D-NET-0020v156,cl100k_base,toke,141,352,D-NET,2
D-NET-0020v211,cl100k_base,toke,131,374,D-NET,2
D-NET-0020v218,cl100k_base,toke,159,454,D-NET,2
D-NET-0020v256,cl100k_base,toke,170,409,D-NET,2
D-NET-0020v260,cl100k_base,toke,122,356,D-NET,2
D-NET-0020v335,cl100k_base,toke,122,342,D-NET,2
D-NET-0020v92,cl100k_base,toke,159,405,D-NET,2
D-TST-0001v259,cl100k_base,toke,100,242,D-TST,1
D-TST-0001v30,cl100k_base,toke,107,255,D-TST,1
D-TST-0002v156,cl100k_base,toke,91,228,D-TST,1
D-TST-0002v188,cl100k_base,toke,99,247,D-TST,1
D-TST-0002v20,cl100k_base,toke,83,204,D-TST,1
D-TST-0002v264,cl100k_base,toke,102,258,D-TST,1
D-TST-0002v37,cl100k_base,toke,90,213,D-TST,1
D-TST-0003v133,cl100k_base,toke,88,197,D-TST,1
D-TST-0003v18,cl100k_base,toke,103,267,D-TST,1
D-TST-0003v247,cl100k_base,toke,89,211,D-TST,1
D-TST-0003v89,cl100k_base,toke,98,236,D-TST,1
D-TST-0004v150,cl100k_base,toke,96,218,D-TST,1
D-TST-0004v237,cl100k_base,toke,72,166,D-TST,1
D-TST-0005v131,cl100k_base,toke,106,252,D-TST,1
D-TST-0005v14,cl100k_base,toke,78,177,D-TST,1
D-TST-0005v242,cl100k_base,toke,101,245,D-TST,1
D-TST-0005v256,cl100k_base,toke,74,181,D-TST,1
D-TST-0005v3,cl100k_base,toke,110,263,D-TST,1
D-TST-0006v144,cl100k_base,toke,99,246,D-TST,1
D-TST-0006v203,cl100k_base,toke,118,286,D-TST,1
D-TST-0007v123,cl100k_base,toke,102,295,D-TST,1
D-TST-0007v228,cl100k_base,toke,101,266,D-TST,1
D-TST-0007v255,cl100k_base,toke,70,173,D-TST,1
D-TST-0008v116,cl100k_base,toke,131,323,D-TST,1
D-TST-0008v200,cl100k_base,toke,76,192,D-TST,1
D-TST-0008v227,cl100k_base,toke,79,202,D-TST,1
D-TST-0008v252,cl100k_base,toke,94,253,D-TST,1
D-TST-0008v265,cl100k_base,toke,106,294,D-TST,1
D-TST-0008v93,cl100k_base,toke,89,250,D-TST,1
D-TST-0009v102,cl100k_base,toke,139,366,D-TST,1
D-TST-0009v147,cl100k_base,toke,109,268,D-TST,1
D-TST-0010v155,cl100k_base,toke,114,300,D-TST,1
D-TST-0010v56,cl100k_base,toke,100,246,D-TST,1
D-TST-0011v183,cl100k_base,toke,103,230,D-TST,2
D-TST-0011v231,cl100k_base,toke,92,248,D-TST,2
D-TST-0011v77,cl100k_base,toke,71,180,D-TST,2
D-TST-0012v141,cl100k_base,toke,103,215,D-TST,2
D-TST-0012v263,cl100k_base,toke,171,398,D-TST,2
D-TST-0012v32,cl100k_base,toke,106,232,D-TST,2
D-TST-0013v143,cl100k_base,toke,105,229,D-TST,2
D-TST-0013v19,cl100k_base,toke,105,225,D-TST,2
D-TST-0013v81,cl100k_base,toke,171,383,D-TST,2
D-TST-0014v19,cl100k_base,toke,157,392,D-TST,2
D-TST-0014v249,cl100k_base,toke,167,411,D-TST,2
D-TST-0014v50,cl100k_base,toke,112,242,D-TST,2
D-TST-0015v14,cl100k_base,toke,130,277,D-TST,2
D-TST-0015v172,cl100k_base,toke,195,459,D-TST,2
D-TST-0015v179,cl100k_base,toke,194,437,D-TST,2
D-TST-0015v206,cl100k_base,toke,206,457,D-TST,2
D-TST-0015v259,cl100k_base,toke,180,439,D-TST,2
D-TST-0015v38,cl100k_base,toke,234,563,D-TST,2
D-TST-0016v114,cl100k_base,toke,118,265,D-TST,2
D-TST-0016v19,cl100k_base,toke,167,411,D-TST,2
D-TST-0016v201,cl100k_base,toke,170,383,D-TST,2
D-TST-0016v30,cl100k_base,toke,140,306,D-TST,2
D-TST-0016v76,cl100k_base,toke,187,465,D-TST,2
D-TST-0016v81,cl100k_base,toke,114,239,D-TST,2
D-TST-0016v91,cl100k_base,toke,222,565,D-TST,2
D-TST-0017v101,cl100k_base,toke,101,239,D-TST,2
D-TST-0017v108,cl100k_base,toke,87,204,D-TST,2
D-TST-0017v148,cl100k_base,toke,75,216,D-TST,2
D-TST-0017v180,cl100k_base,toke,83,199,D-TST,2
D-TST-0017v188,cl100k_base,toke,76,219,D-TST,2
D-TST-0017v243,cl100k_base,toke,78,224,D-TST,2
D-TST-0017v53,cl100k_base,toke,79,212,D-TST,2
D-TST-0018v111,cl100k_base,toke,98,228,D-TST,2
D-TST-0018v261,cl100k_base,toke,118,295,D-TST,2
D-TST-0018v81,cl100k_base,toke,110,251,D-TST,2
D-TST-0018v94,cl100k_base,toke,100,228,D-TST,2
D-TST-0019v169,cl100k_base,toke,110,300,D-TST,2
D-TST-0019v221,cl100k_base,toke,100,274,D-TST,2
D-TST-0019v4,cl100k_base,toke,106,255,D-TST,2
D-TST-0020v11,cl100k_base,toke,98,237,D-TST,2
D-TST-0020v132,cl100k_base,toke,119,302,D-TST,2
D-TST-0020v15,cl100k_base,toke,89,205,D-TST,2
D-TST-0020v161,cl100k_base,toke,114,281,D-TST,2
D-TST-0020v18,cl100k_base,toke,114,301,D-TST,2
D-TST-0020v190,cl100k_base,toke,121,289,D-TST,2
D-TST-0020v21,cl100k_base,toke,94,215,D-TST,2
D-TST-0020v6,cl100k_base,toke,141,312,D-TST,2
D-TST-0021,cl100k_base,toke,112,298,D-TST,2
D-TST-0021v10,cl100k_base,toke,113,300,D-TST,2
D-TST-0021v124,cl100k_base,toke,115,307,D-TST,2
D-TST-0021v14,cl100k_base,toke,162,417,D-TST,2
D-TST-0021v157,cl100k_base,toke,119,307,D-TST,2
D-TST-0021v163,cl100k_base,toke,125,334,D-TST,2
D-TST-0021v170,cl100k_base,toke,116,296,D-TST,2
D-TST-0021v180,cl100k_base,toke,108,282,D-TST,2
D-TST-0021v219,cl100k_base,toke,95,230,D-TST,2
D-TST-0021v221,cl100k_base,toke,110,275,D-TST,2
D-TST-0021v240,cl100k_base,toke,98,233,D-TST,2
D-TST-0021v255,cl100k_base,toke,90,206,D-TST,2
D-TST-0021v260,cl100k_base,toke,103,251,D-TST,2
D-TST-0022v116,cl100k_base,toke,67,175,D-TST,2
D-TST-0022v14,cl100k_base,toke,81,172,D-TST,2
D-TST-0022v193,cl100k_base,toke,72,171,D-TST,2
D-TST-0022v28,cl100k_base,toke,72,176,D-TST,2
D-TST-0022v52,cl100k_base,toke,70,175,D-TST,2
D-TST-0022v69,cl100k_base,toke,66,158,D-TST,2
D-TST-0022v81,cl100k_base,toke,75,196,D-TST,2
D-TST-0022v9,cl100k_base,toke,78,185,D-TST,2
D-TST-0023v102,cl100k_base,toke,84,223,D-TST,3
D-TST-0023v146,cl100k_base,toke,76,210,D-TST,3
D-TST-0023v176,cl100k_base,toke,81,212,D-TST,3
D-TST-0023v185,cl100k_base,toke,74,177,D-TST,3
D-TST-0023v198,cl100k_base,toke,90,226,D-TST,3
D-TST-0023v236,cl100k_base,toke,107,275,D-TST,3
D-TST-0023v237,cl100k_base,toke,69,179,D-TST,3
D-TST-0023v238,cl100k_base,toke,70,168,D-TST,3
D-TST-0023v247,cl100k_base,toke,66,169,D-TST,3
D-TST-0023v259,cl100k_base,toke,102,279,D-TST,3
D-TST-0024v130,cl100k_base,toke,94,250,D-TST,3
D-TST-0024v136,cl100k_base,toke,87,221,D-TST,3
D-TST-0024v154,cl100k_base,toke,103,261,D-TST,3
D-TST-0024v161,cl100k_base,toke,92,229,D-TST,3
D-TST-0024v170,cl100k_base,toke,87,244,D-TST,3
D-TST-0024v185,cl100k_base,toke,96,234,D-TST,3
D-TST-0024v31,cl100k_base,toke,88,230,D-TST,3
D-TST-0024v48,cl100k_base,toke,80,207,D-TST,3
D-TST-0024v5,cl100k_base,toke,77,191,D-TST,3
D-TST-0024v52,cl100k_base,toke,84,234,D-TST,3
D-TST-0024v55,cl100k_base,toke,78,225,D-TST,3
D-TST-0024v65,cl100k_base,toke,95,247,D-TST,3
D-TST-0025v162,cl100k_base,toke,178,518,D-TST,3
D-TST-0025v202,cl100k_base,toke,188,523,D-TST,3
D-TST-0025v207,cl100k_base,toke,144,389,D-TST,3
D-TST-0025v215,cl100k_base,toke,202,563,D-TST,3
D-TST-0025v22,cl100k_base,toke,93,228,D-TST,3
D-TST-0025v241,cl100k_base,toke,147,352,D-TST,3
D-TST-0025v248,cl100k_base,toke,179,462,D-TST,3
D-TST-0025v256,cl100k_base,toke,249,643,D-TST,3
D-TST-0025v73,cl100k_base,toke,108,243,D-TST,3
D-TST-0025v85,cl100k_base,toke,169,461,D-TST,3
D-TST-0025v95,cl100k_base,toke,193,593,D-TST,3
D-WEB-0001v116,cl100k_base,toke,126,323,D-WEB,2
D-WEB-0001v172,cl100k_base,toke,130,328,D-WEB,2
D-WEB-0001v230,cl100k_base,toke,136,336,D-WEB,2
D-WEB-0001v236,cl100k_base,toke,124,315,D-WEB,2
D-WEB-0001v58,cl100k_base,toke,121,355,D-WEB,2
D-WEB-0001v71,cl100k_base,toke,118,304,D-WEB,2
D-WEB-0003v114,cl100k_base,toke,72,179,D-WEB,2
D-WEB-0003v128,cl100k_base,toke,116,322,D-WEB,2
D-WEB-0003v137,cl100k_base,toke,84,229,D-WEB,2
D-WEB-0003v141,cl100k_base,toke,118,292,D-WEB,2
D-WEB-0004v10,cl100k_base,toke,152,425,D-WEB,2
D-WEB-0004v143,cl100k_base,toke,115,305,D-WEB,2
D-WEB-0004v2,cl100k_base,toke,110,281,D-WEB,2
D-WEB-0004v252,cl100k_base,toke,124,329,D-WEB,2
D-WEB-0005v24,cl100k_base,toke,178,447,D-WEB,3
D-WEB-0005v248,cl100k_base,toke,171,435,D-WEB,3
D-WEB-0005v5,cl100k_base,toke,208,563,D-WEB,3
D-WEB-0005v63,cl100k_base,toke,132,350,D-WEB,3
D-WEB-0005v65,cl100k_base,toke,189,475,D-WEB,3
D-WEB-0006v128,cl100k_base,toke,87,205,D-WEB,3
D-WEB-0006v148,cl100k_base,toke,123,309,D-WEB,3
D-WEB-0006v16,cl100k_base,toke,137,365,D-WEB,3
D-WEB-0006v177,cl100k_base,toke,137,312,D-WEB,3
D-WEB-0006v179,cl100k_base,toke,122,281,D-WEB,3
D-WEB-0006v190,cl100k_base,toke,102,247,D-WEB,3
D-WEB-0006v222,cl100k_base,toke,89,241,D-WEB,3
D-WEB-0006v224,cl100k_base,toke,136,341,D-WEB,3
D-WEB-0006v6,cl100k_base,toke,142,368,D-WEB,3
D-WEB-0007v12,cl100k_base,toke,107,272,D-WEB,3
D-WEB-0007v177,cl100k_base,toke,120,338,D-WEB,3
D-WEB-0007v193,cl100k_base,toke,111,260,D-WEB,3
D-WEB-0007v207,cl100k_base,toke,98,232,D-WEB,3
D-WEB-0007v70,cl100k_base,toke,100,246,D-WEB,3
D-WEB-0008v102,cl100k_base,toke,161,386,D-WEB,3
D-WEB-0008v139,cl100k_base,toke,150,354,D-WEB,3
D-WEB-0008v147,cl100k_base,toke,235,552,D-WEB,3
D-WEB-0008v15,cl100k_base,toke,73,196,D-WEB,3
D-WEB-0008v172,cl100k_base,toke,97,279,D-WEB,3
D-WEB-0008v209,cl100k_base,toke,158,443,D-WEB,3
D-WEB-0008v75,cl100k_base,toke,89,212,D-WEB,3
D-WEB-0008v93,cl100k_base,toke,163,390,D-WEB,3
D-WEB-0009v1,cl100k_base,toke,89,230,D-WEB,2
D-WEB-0009v107,cl100k_base,toke,93,258,D-WEB,2
D-WEB-0009v138,cl100k_base,toke,184,404,D-WEB,2
D-WEB-0009v198,cl100k_base,toke,83,207,D-WEB,2
D-WEB-0010v178,cl100k_base,toke,73,208,D-WEB,2
D-WEB-0010v208,cl100k_base,toke,65,154,D-WEB,2
D-WEB-0010v217,cl100k_base,toke,71,158,D-WEB,2
D-WEB-0010v29,cl100k_base,toke,93,259,D-WEB,2
D-WEB-0010v84,cl100k_base,toke,84,248,D-WEB,2
D-WEB-0010v87,cl100k_base,toke,67,193,D-WEB,2
D-WEB-0011v170,cl100k_base,toke,106,249,D-WEB,2
D-WEB-0012v125,cl100k_base,toke,62,145,D-WEB,2
D-WEB-0012v178,cl100k_base,toke,98,276,D-WEB,2
D-WEB-0013v242,cl100k_base,toke,233,539,D-WEB,2
D-WEB-0013v35,cl100k_base,toke,137,358,D-WEB,2
D-WEB-0013v41,cl100k_base,toke,140,323,D-WEB,2
D-WEB-0013v47,cl100k_base,toke,126,296,D-WEB,2
D-WEB-0013v6,cl100k_base,toke,82,209,D-WEB,2
D-WEB-0013v63,cl100k_base,toke,130,319,D-WEB,2
D-WEB-0013v74,cl100k_base,toke,140,302,D-WEB,2
D-WEB-0013v76,cl100k_base,toke,82,220,D-WEB,2
D-WEB-0013v97,cl100k_base,toke,139,283,D-WEB,2
D-WEB-0014v139,cl100k_base,toke,76,229,D-WEB,2
D-WEB-0014v181,cl100k_base,toke,76,182,D-WEB,2
D-WEB-0014v222,cl100k_base,toke,79,240,D-WEB,2
D-WEB-0014v228,cl100k_base,toke,65,188,D-WEB,2
D-WEB-0014v232,cl100k_base,toke,79,192,D-WEB,2
D-WEB-0014v62,cl100k_base,toke,118,299,D-WEB,2
D-WEB-0014v85,cl100k_base,toke,60,180,D-WEB,2
D-WEB-0015v183,cl100k_base,toke,83,217,D-WEB,2
D-WEB-0015v230,cl100k_base,toke,150,384,D-WEB,2
D-WEB-0015v236,cl100k_base,toke,94,243,D-WEB,2
D-WEB-0015v38,cl100k_base,toke,93,223,D-WEB,2
D-WEB-0015v94,cl100k_base,toke,75,178,D-WEB,2
D-WEB-0016v120,cl100k_base,toke,80,199,D-WEB,2
D-WEB-0016v194,cl100k_base,toke,73,182,D-WEB,2
D-WEB-0016v253,cl100k_base,toke,66,149,D-WEB,2
D-WEB-0016v4,cl100k_base,toke,76,189,D-WEB,2
D-WEB-0016v46,cl100k_base,toke,78,187,D-WEB,2
D-WEB-0016v87,cl100k_base,toke,78,197,D-WEB,2
D-WEB-0017v25,cl100k_base,toke,118,296,D-WEB,2
D-WEB-0017v44,cl100k_base,toke,90,244,D-WEB,2
D-WEB-0017v73,cl100k_base,toke,88,210,D-WEB,2
D-WEB-0018v10,cl100k_base,toke,72,171,D-WEB,2
D-WEB-0018v119,cl100k_base,toke,83,226,D-WEB,2
D-WEB-0018v142,cl100k_base,toke,87,223,D-WEB,2
D-WEB-0018v145,cl100k_base,toke,97,263,D-WEB,2
D-WEB-0018v247,cl100k_base,toke,78,189,D-WEB,2
D-WEB-0018v65,cl100k_base,toke,98,234,D-WEB,2
D-WEB-0018v68,cl100k_base,toke,109,306,D-WEB,2
D-WEB-0019v133,cl100k_base,toke,58,132,D-WEB,2
D-WEB-0019v182,cl100k_base,toke,59,140,D-WEB,2
D-WEB-0019v67,cl100k_base,toke,64,152,D-WEB,2
D-WEB-0020v105,cl100k_base,toke,90,205,D-WEB,2
D-WEB-0020v109,cl100k_base,toke,76,211,D-WEB,2
D-WEB-0020v177,cl100k_base,toke,50,112,D-WEB,2
D-WEB-0021v12,cl100k_base,toke,90,227,D-WEB,2
D-WEB-0021v123,cl100k_base,toke,70,222,D-WEB,2
D-WEB-0021v125,cl100k_base,toke,68,159,D-WEB,2
D-WEB-0021v180,cl100k_base,toke,88,224,D-WEB,2
D-WEB-0021v29,cl100k_base,toke,62,168,D-WEB,2
D-WEB-0021v4,cl100k_base,toke,80,197,D-WEB,2
D-WEB-0021v70,cl100k_base,toke,111,296,D-WEB,2
D-WEB-0021v92,cl100k_base,toke,77,199,D-WEB,2
D-WEB-0022v119,cl100k_base,toke,63,197,D-WEB,2
D-WEB-0022v183,cl100k_base,toke,75,237,D-WEB,2
D-WEB-0022v222,cl100k_base,toke,70,203,D-WEB,2
D-WEB-0023v91,cl100k_base,toke,113,284,D-WEB,2
D-WEB-0023v97,cl100k_base,toke,71,186,D-WEB,2
D-WEB-0024v108,cl100k_base,toke,84,209,D-WEB,2
D-WEB-0024v220,cl100k_base,toke,72,211,D-WEB,2
D-WEB-0024v27,cl100k_base,toke,111,316,D-WEB,2
D-WEB-0025v139,cl100k_base,toke,123,347,D-WEB,3
D-WEB-0025v192,cl100k_base,toke,110,302,D-WEB,3
D-WEB-0025v199,cl100k_base,toke,136,353,D-WEB,3
D-WEB-0025v30,cl100k_base,toke,142,351,D-WEB,3
D-WEB-0025v89,cl100k_base,toke,141,383,D-WEB,3
D-WEB-0026v187,cl100k_base,toke,117,340,D-WEB,3
D-WEB-0026v205,cl100k_base,toke,73,223,D-WEB,3
D-WEB-0026v217,cl100k_base,toke,66,199,D-WEB,3
D-WEB-0026v238,cl100k_base,toke,163,410,D-WEB,3
D-WEB-0026v28,cl100k_base,toke,142,402,D-WEB,3
D-WEB-0026v96,cl100k_base,toke,57,156,D-WEB,3
D-WEB-0027v173,cl100k_base,toke,93,254,D-WEB,3
D-WEB-0027v182,cl100k_base,toke,93,221,D-WEB,3
D-WEB-0027v241,cl100k_base,toke,86,216,D-WEB,3
MIG-B-D-CFG-0013v334-2f9e09c6,cl100k_base,toke,181,478,D-CFG,2
MIG-B-D-CFG-0015v338-0c7d6653,cl100k_base,toke,157,390,D-CFG,2
MIG-B-D-CLI-0013v279-c2e9fb64,cl100k_base,toke,122,271,D-CLI,2
MIG-B-D-CRY-0009v250-d8b6ddd9,cl100k_base,toke,56,122,D-CRY,2
MIG-B-D-CRY-0020v230-784b9394,cl100k_base,toke,114,233,D-CRY,2
MIG-B-D-DAT-0011v241-abe6727f,cl100k_base,toke,77,185,D-DAT,2
MIG-B-D-NET-0019v330-7a853f80,cl100k_base,toke,200,519,D-NET,2
MIG-B-D-WEB-0004v237-bfa34332,cl100k_base,toke,331,747,D-WEB,2
MIG-B-D-WEB-0015v234-dc2f99e3,cl100k_base,toke,43,103,D-WEB,2
MIG-B-D-WEB-0026v228-b74d7296,cl100k_base,toke,82,213,D-WEB,2
MIG-P2-A-A-ARR-0008v23-ae88119c,cl100k_base,toke,67,150,A-ARR,2
MIG-P2-A-A-ARR-0019v13-3d367c21,cl100k_base,toke,51,133,A-ARR,2
MIG-P2-A-A-ARR-0019v4-5e28336f,cl100k_base,toke,56,149,A-ARR,2
MIG-P2-A-A-ARR-0019v8-2eaaa735,cl100k_base,toke,53,140,A-ARR,2
MIG-P2-A-A-ARR-0021v30-c15769ff,cl100k_base,toke,58,148,A-ARR,2
MIG-P2-A-A-ARR-0022v37-de4fbe4a,cl100k_base,toke,51,134,A-ARR,2
MIG-P2-A-A-ARR-0023v23-e8274f00,cl100k_base,toke,56,122,A-ARR,2
MIG-P2-A-A-ARR-0023v3-3c505ac3,cl100k_base,toke,50,105,A-ARR,2
MIG-P2-A-A-ARR-0030v36-e678a533,cl100k_base,toke,70,186,A-ARR,2
MIG-P2-A-A-ARR-0037v3-9abdcbad,cl100k_base,toke,60,133,A-ARR,2
MIG-P2-A-A-ARR-0043v12-154fffbd,cl100k_base,toke,74,191,A-ARR,2
MIG-P2-A-A-ARR-0045v32-9af55752,cl100k_base,toke,67,144,A-ARR,2
MIG-P2-A-A-ARR-0046v19-13f13762,cl100k_base,toke,150,349,A-ARR,2
MIG-P2-A-A-ARR-0046v24-dc98b531,cl100k_base,toke,68,160,A-ARR,2
MIG-P2-A-A-ARR-0053v13-e347d91b,cl100k_base,toke,86,231,A-ARR,2
MIG-P2-A-A-ARR-0088v34-cb00cec3,cl100k_base,toke,158,433,A-ARR,2
MIG-P2-A-A-ARR-0096v20-1f0ac9b4,cl100k_base,toke,107,257,A-ARR,2
MIG-P2-A-A-ARR-0110v26-252adcd9,cl100k_base,toke,87,207,A-ARR,2
MIG-P2-A-A-ARR-0118v25-0c4bf30d,cl100k_base,toke,61,134,A-ARR,2
MIG-P2-A-A-CND-0019v52-f1a11ceb,cl100k_base,toke,67,173,A-CND,2
MIG-P2-A-A-CND-0021v8-0d4d7403,cl100k_base,toke,23,45,A-CND,2
MIG-P2-A-A-CND-0021v9-241e94a7,cl100k_base,toke,37,82,A-CND,2
MIG-P2-A-A-CND-0032v19-15802cc1,cl100k_base,toke,28,65,A-CND,2
MIG-P2-A-A-CND-0032v58-07ed9fc4,cl100k_base,toke,47,113,A-CND,2
MIG-P2-A-A-CND-0034v59-07537151,cl100k_base,toke,26,71,A-CND,2
MIG-P2-A-A-CND-0035v52-d4847f10,cl100k_base,toke,88,267,A-CND,2
MIG-P2-A-A-CND-0039v18-7b71273a,cl100k_base,toke,66,148,A-CND,2
MIG-P2-A-A-CND-0044v13-2380a8e3,cl100k_base,toke,115,247,A-CND,2
MIG-P2-A-A-CND-0051v1-5c505ede,cl100k_base,toke,94,156,A-CND,2
MIG-P2-A-A-CND-0051v38-9ea196b9,cl100k_base,toke,101,178,A-CND,2
MIG-P2-A-A-CND-0078v23-18671631,cl100k_base,toke,84,193,A-CND,2
MIG-P2-A-A-CND-0097v24-25d4955c,cl100k_base,toke,51,114,A-CND,2
MIG-P2-A-A-MTH-0004v39-49269e9b,cl100k_base,toke,45,116,A-MTH,2
MIG-P2-A-A-MTH-0037v23-24c04434,cl100k_base,toke,45,128,A-MTH,2
MIG-P2-A-A-MTH-0039v21-19d018a1,cl100k_base,toke,18,37,A-MTH,2
MIG-P2-A-A-MTH-0039v4-404e4422,cl100k_base,toke,32,70,A-MTH,2
MIG-P2-A-A-MTH-0040v26-08958192,cl100k_base,toke,57,135,A-MTH,2
MIG-P2-A-A-MTH-0042v42-b246a5bd,cl100k_base,toke,54,129,A-MTH,2
MIG-P2-A-A-MTH-0047v46-410872d5,cl100k_base,toke,81,156,A-MTH,2
MIG-P2-A-A-MTH-0048v28-b6993bae,cl100k_base,toke,146,286,A-MTH,2
MIG-P2-A-A-MTH-0050v45-a689613c,cl100k_base,toke,81,172,A-MTH,2
MIG-P2-A-A-MTH-0063v45-aeefdf19,cl100k_base,toke,90,239,A-MTH,2
MIG-P2-A-A-MTH-0068v20-6618397e,cl100k_base,toke,150,396,A-MTH,2
MIG-P2-A-A-MTH-0069v19-695e76dc,cl100k_base,toke,74,175,A-MTH,2
MIG-P2-A-A-MTH-0072v42-c8d759e2,cl100k_base,toke,63,146,A-MTH,2
MIG-P2-A-A-MTH-0083v2-627dd976,cl100k_base,toke,93,171,A-MTH,2
MIG-P2-A-A-MTH-0085v18-2cfb7d84,cl100k_base,toke,92,202,A-MTH,2
MIG-P2-A-A-MTH-0086v7-8f36e7b8,cl100k_base,toke,45,96,A-MTH,2
MIG-P2-A-A-MTH-0108v13-3cb3cc13,cl100k_base,toke,111,223,A-MTH,2
MIG-P2-A-A-MTH-0108v16-9047b806,cl100k_base,toke,97,195,A-MTH,2
MIG-P2-A-A-MTH-0116v26-1fd6fb1a,cl100k_base,toke,53,102,A-MTH,2
MIG-P2-A-A-SRT-0003v19-3b9be894,cl100k_base,toke,119,321,A-SRT,2
MIG-P2-A-A-SRT-0006v56-e6aa959b,cl100k_base,toke,129,357,A-SRT,2
MIG-P2-A-A-SRT-0007v39-4ba3035e,cl100k_base,toke,106,249,A-SRT,2
MIG-P2-A-A-SRT-0020v53-ec8dd469,cl100k_base,toke,150,365,A-SRT,2
MIG-P2-A-A-SRT-0023v4-0062cf5a,cl100k_base,toke,57,122,A-SRT,2
MIG-P2-A-A-SRT-0023v60-c30f8c00,cl100k_base,toke,60,144,A-SRT,2
MIG-P2-A-A-SRT-0024v49-af6234f8,cl100k_base,toke,48,101,A-SRT,2
MIG-P2-A-A-SRT-0024v58-20099721,cl100k_base,toke,53,117,A-SRT,2
MIG-P2-A-A-SRT-0025v16-1d3bf000,cl100k_base,toke,73,181,A-SRT,2
MIG-P2-A-A-SRT-0029v48-7d3bc71a,cl100k_base,toke,116,242,A-SRT,2
MIG-P2-A-A-SRT-0040v18-70357253,cl100k_base,toke,151,372,A-SRT,2
MIG-P2-A-A-SRT-0065v2-1a9f9974,cl100k_base,toke,92,201,A-SRT,2
MIG-P2-A-A-SRT-0066v19-eb81fcb7,cl100k_base,toke,155,365,A-SRT,2
MIG-P2-A-A-SRT-0084v17-44ea7a4a,cl100k_base,toke,184,416,A-SRT,2
MIG-P2-A-A-SRT-0098v27-f911f1fc,cl100k_base,toke,122,273,A-SRT,2
MIG-P2-A-A-STR-0003v11-d23bf18e,cl100k_base,toke,122,331,A-STR,2
MIG-P2-A-A-STR-0027v82-517bed3c,cl100k_base,toke,29,66,A-STR,2
MIG-P2-A-A-STR-0028v78-0e07a50c,cl100k_base,toke,141,374,A-STR,2
MIG-P2-A-A-STR-0030v56-e095c21a,cl100k_base,toke,131,329,A-STR,2
MIG-P2-A-A-STR-0032v34-1c7e052f,cl100k_base,toke,34,76,A-STR,2
MIG-P2-A-A-STR-0033v32-244d6ffc,cl100k_base,toke,102,242,A-STR,2
MIG-P2-A-A-STR-0046v37-5a720218,cl100k_base,toke,116,295,A-STR,2
MIG-P2-A-A-STR-0052v35-8e4b0988,cl100k_base,toke,103,247,A-STR,2
MIG-P2-A-A-STR-0056v1-0c1b6949,cl100k_base,toke,89,222,A-STR,2
MIG-P2-A-A-STR-0066v11-2b170eef,cl100k_base,toke,250,635,A-STR,2
MIG-P2-A-A-STR-0070v15-2feca867,cl100k_base,toke,160,404,A-STR,2
MIG-P2-A-A-STR-0074v7-4696e45d,cl100k_base,toke,118,306,A-STR,2
MIG-P2-A-A-STR-0077v20-cbaead5a,cl100k_base,toke,117,308,A-STR,2
MIG-P2-A-A-STR-0089v30-08ec95b3,cl100k_base,toke,92,222,A-STR,2
MIG-P2-B-D-CFG-0003v306-8f80e8fb,cl100k_base,toke,115,286,D-CFG,2
MIG-P2-B-D-CFG-0004v303-01e53bc8,cl100k_base,toke,48,135,D-CFG,2
MIG-P2-B-D-CFG-0004v305-76249577,cl100k_base,toke,65,136,D-CFG,2
MIG-P2-B-D-CFG-0004v359-b5e6239f,cl100k_base,toke,76,170,D-CFG,2
MIG-P2-B-D-CFG-0005v353-e1a5e3c3,cl100k_base,toke,74,161,D-CFG,2
MIG-P2-B-D-CFG-0006v309-dbfc914d,cl100k_base,toke,112,246,D-CFG,2
MIG-P2-B-D-CFG-0006v321-78fa5c0b,cl100k_base,toke,81,196,D-CFG,2
MIG-P2-B-D-CFG-0007v352-0f6e22a3,cl100k_base,toke,108,259,D-CFG,2
MIG-P2-B-D-CFG-0009v325-467d8fd6,cl100k_base,toke,30,57,D-CFG,2
MIG-P2-B-D-CFG-0009v355-d2eb8205,cl100k_base,toke,55,139,D-CFG,2
MIG-P2-B-D-CFG-0014v360-17471713,cl100k_base,toke,98,234,D-CFG,2
MIG-P2-B-D-CFG-0015v293-32e2b410,cl100k_base,toke,104,230,D-CFG,2
MIG-P2-B-D-CFG-0015v326-4bbca610,cl100k_base,toke,51,136,D-CFG,2
MIG-P2-B-D-CFG-0015v358-137b329a,cl100k_base,toke,126,259,D-CFG,2
MIG-P2-B-D-CFG-0016v322-52d734a6,cl100k_base,toke,65,138,D-CFG,2
MIG-P2-B-D-CFG-0016v331-1cb9caf9,cl100k_base,toke,71,152,D-CFG,2
MIG-P2-B-D-CFG-0017v317-a2d78110,cl100k_base,toke,88,197,D-CFG,2
MIG-P2-B-D-CFG-0017v354-af88686b,cl100k_base,toke,71,149,D-CFG,2
MIG-P2-B-D-CFG-0017v361-09adc8ec,cl100k_base,toke,81,160,D-CFG,2
MIG-P2-B-D-CFG-0018v339-9d0216cd,cl100k_base,toke,66,136,D-CFG,2
MIG-P2-B-D-CFG-0018v347-4a6e4aba,cl100k_base,toke,111,251,D-CFG,2
MIG-P2-B-D-CLI-0005v238-79c32f52,cl100k_base,toke,133,275,D-CLI,2
MIG-P2-B-D-CLI-0006v234-0bce5989,cl100k_base,toke,53,129,D-CLI,2
MIG-P2-B-D-CLI-0007v283-d0929b7c,cl100k_base,toke,113,250,D-CLI,2
MIG-P2-B-D-CLI-0008v234-e295ddbc,cl100k_base,toke,221,448,D-CLI,2
MIG-P2-B-D-CLI-0009v255-57d2b57e,cl100k_base,toke,76,189,D-CLI,2
MIG-P2-B-D-CLI-0010v265-0089a60a,cl100k_base,toke,89,234,D-CLI,2
MIG-P2-B-D-CLI-0013v238-81d3a3f8,cl100k_base,toke,117,292,D-CLI,2
MIG-P2-B-D-CLI-0013v280-21f5adca,cl100k_base,toke,137,307,D-CLI,2
MIG-P2-B-D-CLI-0014v274-592e1717,cl100k_base,toke,160,374,D-CLI,2
MIG-P2-B-D-CLI-0016v270-3025e72b,cl100k_base,toke,36,88,D-CLI,2
MIG-P2-B-D-CLI-0016v278-ae52b8ba,cl100k_base,toke,49,116,D-CLI,2
MIG-P2-B-D-CLI-0016v282-bdf817f1,cl100k_base,toke,45,104,D-CLI,2
MIG-P2-B-D-CLI-0017v274-ed94674e,cl100k_base,toke,48,117,D-CLI,2
MIG-P2-B-D-CLI-0018v270-e718052b,cl100k_base,toke,221,482,D-CLI,2
MIG-P2-B-D-CLI-0022v265-5cbbd599,cl100k_base,toke,58,108,D-CLI,2
MIG-P2-B-D-CLI-0024v241-103fab47,cl100k_base,toke,31,61,D-CLI,2
MIG-P2-B-D-CRY-0003v261-698bf164,cl100k_base,toke,136,284,D-CRY,2
MIG-P2-B-D-CRY-0006v232-990b7eb9,cl100k_base,toke,87,183,D-CRY,2
MIG-P2-B-D-CRY-0006v249-cc82b861,cl100k_base,toke,65,179,D-CRY,2
MIG-P2-B-D-CRY-0006v280-f8103207,cl100k_base,toke,118,282,D-CRY,2
MIG-P2-B-D-CRY-0008v232-1c78e288,cl100k_base,toke,76,152,D-CRY,2
MIG-P2-B-D-CRY-0008v235-64734bfb,cl100k_base,toke,109,257,D-CRY,2
MIG-P2-B-D-CRY-0008v266-500af4a7,cl100k_base,toke,98,251,D-CRY,2
MIG-P2-B-D-CRY-0008v284-3c28ddd2,cl100k_base,toke,130,305,D-CRY,2
MIG-P2-B-D-CRY-0011v261-0ef0fb1b,cl100k_base,toke,66,151,D-CRY,2
MIG-P2-B-D-CRY-0011v265-5aab77e7,cl100k_base,toke,36,81,D-CRY,2
MIG-P2-B-D-CRY-0012v248-a45f9e25,cl100k_base,toke,44,98,D-CRY,2
MIG-P2-B-D-CRY-0015v233-7b8394f7,cl100k_base,toke,81,186,D-CRY,2
MIG-P2-B-D-CRY-0018v267-ec102dd0,cl100k_base,toke,89,206,D-CRY,2
MIG-P2-B-D-CRY-0023v273-be7b4a51,cl100k_base,toke,69,146,D-CRY,2
MIG-P2-B-D-CRY-0024v231-ef799997,cl100k_base,toke,78,195,D-CRY,2
MIG-P2-B-D-CRY-0024v250-de2d5cc8,cl100k_base,toke,77,209,D-CRY,2
MIG-P2-B-D-DAT-0002v215-795c142a,cl100k_base,toke,122,374,D-DAT,2
MIG-P2-B-D-DAT-0002v226-bdc6ac15,cl100k_base,toke,47,134,D-DAT,2
MIG-P2-B-D-DAT-0002v233-6953d039,cl100k_base,toke,115,261,D-DAT,2
MIG-P2-B-D-DAT-0008v219-afca7ba9,cl100k_base,toke,81,194,D-DAT,2
MIG-P2-B-D-DAT-0011v260-4218a520,cl100k_base,toke,68,187,D-DAT,2
MIG-P2-B-D-DAT-0012v260-40d6e501,cl100k_base,toke,45,110,D-DAT,2
MIG-P2-B-D-DAT-0016v231-9c55c629,cl100k_base,toke,81,228,D-DAT,2
MIG-P2-B-D-DAT-0016v249-a406dfc4,cl100k_base,toke,41,82,D-DAT,2
MIG-P2-B-D-DAT-0022v214-5129e0d9,cl100k_base,toke,192,414,D-DAT,2
MIG-P2-B-D-DAT-0024v225-21f80817,cl100k_base,toke,67,161,D-DAT,2
MIG-P2-B-D-FIO-0002v379-199aa5a0,cl100k_base,toke,90,220,D-FIO,2
MIG-P2-B-D-FIO-0005v352-8fabc9a6,cl100k_base,toke,77,154,D-FIO,2
MIG-P2-B-D-FIO-0006v376-09e089e5,cl100k_base,toke,55,123,D-FIO,2
MIG-P2-B-D-FIO-0007v319-7305c7e8,cl100k_base,toke,114,269,D-FIO,2
MIG-P2-B-D-FIO-0007v379-20b5f9c7,cl100k_base,toke,59,138,D-FIO,2
MIG-P2-B-D-FIO-0010v320-88acb6f9,cl100k_base,toke,43,105,D-FIO,2
MIG-P2-B-D-FIO-0010v374-f2afddb2,cl100k_base,toke,121,327,D-FIO,2
MIG-P2-B-D-FIO-0011v355-7b964ad5,cl100k_base,toke,117,255,D-FIO,2
MIG-P2-B-D-FIO-0012v318-8e9820e8,cl100k_base,toke,130,319,D-FIO,2
MIG-P2-B-D-FIO-0013v310-85110f2e,cl100k_base,toke,172,399,D-FIO,2
MIG-P2-B-D-FIO-0013v313-5e9cf1fb,cl100k_base,toke,108,262,D-FIO,2
MIG-P2-B-D-FIO-0013v374-e5b44242,cl100k_base,toke,62,160,D-FIO,2
MIG-P2-B-D-FIO-0014v336-72972580,cl100k_base,toke,88,218,D-FIO,2
MIG-P2-B-D-FIO-0014v362-e89d5150,cl100k_base,toke,118,334,D-FIO,2
MIG-P2-B-D-FIO-0016v371-ba28ac96,cl100k_base,toke,82,169,D-FIO,2
MIG-P2-B-D-FIO-0018v312-63f385af,cl100k_base,toke,53,142,D-FIO,2
MIG-P2-B-D-FIO-0018v331-bd4e61c9,cl100k_base,toke,211,530,D-FIO,2
MIG-P2-B-D-NET-0001v310-54f88a7b,cl100k_base,toke,101,253,D-NET,2
MIG-P2-B-D-NET-0003v281-faca71e6,cl100k_base,toke,141,278,D-NET,2
MIG-P2-B-D-NET-0004v342-8aadac55,cl100k_base,toke,203,522,D-NET,2
MIG-P2-B-D-NET-0006v301-8935d440,cl100k_base,toke,165,390,D-NET,2
MIG-P2-B-D-NET-0006v328-3e70884f,cl100k_base,toke,160,384,D-NET,2
MIG-P2-B-D-NET-0011v282-f9c0c6a9,cl100k_base,toke,182,440,D-NET,2
MIG-P2-B-D-NET-0011v320-804c83b1,cl100k_base,toke,93,185,D-NET,2
MIG-P2-B-D-NET-0013v313-1073206f,cl100k_base,toke,61,167,D-NET,2
MIG-P2-B-D-NET-0013v322-c854f5f5,cl100k_base,toke,70,197,D-NET,2
MIG-P2-B-D-NET-0013v329-939624dc,cl100k_base,toke,137,345,D-NET,2
MIG-P2-B-D-NET-0015v325-843708ad,cl100k_base,toke,28,46,D-NET,2
MIG-P2-B-D-NET-0017v319-2eece785,cl100k_base,toke,31,66,D-NET,2
MIG-P2-B-D-NET-0018v322-ae4d934a,cl100k_base,toke,112,279,D-NET,2
MIG-P2-B-D-NET-0020v316-7d750f1c,cl100k_base,toke,92,235,D-NET,2
MIG-P2-B-D-NET-0020v342-34df5d4e,cl100k_base,toke,162,379,D-NET,2
MIG-P2-B-D-TST-0002v250-cbd4628c,cl100k_base,toke,49,109,D-TST,2
MIG-P2-B-D-TST-0002v265-acfe291b,cl100k_base,toke,23,44,D-TST,2
MIG-P2-B-D-TST-0002v270-db71ba13,cl100k_base,toke,88,193,D-TST,2
MIG-P2-B-D-TST-0003v245-622ce171,cl100k_base,toke,152,351,D-TST,2
MIG-P2-B-D-TST-0004v242-2e8154bf,cl100k_base,toke,36,94,D-TST,2
MIG-P2-B-D-TST-0007v272-bb002a3e,cl100k_base,toke,36,82,D-TST,2
MIG-P2-B-D-TST-0015v268-801bc724,cl100k_base,toke,102,234,D-TST,2
MIG-P2-B-D-TST-0019v245-0707d0f2,cl100k_base,toke,57,134,D-TST,2
MIG-P2-B-D-TST-0019v257-16c417b7,cl100k_base,toke,71,143,D-TST,2
MIG-P2-B-D-TST-0021v268-b52bd1bc,cl100k_base,toke,69,172,D-TST,2
MIG-P2-B-D-TST-0022v254-6bee1db8,cl100k_base,toke,31,60,D-TST,2
MIG-P2-B-D-TST-0023v242-fa54d782,cl100k_base,toke,40,98,D-TST,2
MIG-P2-B-D-WEB-0002v213-797460ee,cl100k_base,toke,156,395,D-WEB,2
MIG-P2-B-D-WEB-0007v243-5e0cbdbf,cl100k_base,toke,139,301,D-WEB,2
MIG-P2-B-D-WEB-0008v232-da6994f4,cl100k_base,toke,102,236,D-WEB,2
MIG-P2-B-D-WEB-0008v246-78fe17d1,cl100k_base,toke,100,235,D-WEB,2
MIG-P2-B-D-WEB-0010v251-0751b4cc,cl100k_base,toke,48,140,D-WEB,2
MIG-P2-B-D-WEB-0011v214-77df7b1e,cl100k_base,toke,123,259,D-WEB,2
MIG-P2-B-D-WEB-0014v206-9dd1dd17,cl100k_base,toke,185,393,D-WEB,2
MIG-P2-B-D-WEB-0015v227-65b0fef3,cl100k_base,toke,116,245,D-WEB,2
MIG-P2-B-D-WEB-0020v249-b7da0e52,cl100k_base,toke,85,209,D-WEB,2
MIG-P2-B-D-WEB-0022v232-55baa0ea,cl100k_base,toke,87,181,D-WEB,2
MIG-P2-B-D-WEB-0024v212-8082c866,cl100k_base,toke,101,233,D-WEB,2
MIG-P2-B-D-WEB-0027v235-e7acc931,cl100k_base,toke,34,75,D-WEB,2
A-ARR-0001v7,o200k_base,toke,115,245,A-ARR,1
A-ARR-0003v63,o200k_base,toke,72,165,A-ARR,1
A-ARR-0005v10,o200k_base,toke,126,288,A-ARR,1
A-ARR-0006v23,o200k_base,toke,107,253,A-ARR,1
A-ARR-0007v18,o200k_base,toke,43,93,A-ARR,1
A-ARR-0008v69,o200k_base,toke,56,125,A-ARR,1
A-ARR-0009v4,o200k_base,toke,95,196,A-ARR,1
A-ARR-0010v41,o200k_base,toke,55,109,A-ARR,1
A-ARR-0011v61,o200k_base,toke,98,218,A-ARR,1
A-ARR-0011v63,o200k_base,toke,86,192,A-ARR,1
A-ARR-0014v66,o200k_base,toke,76,205,A-ARR,1
A-ARR-0015v55,o200k_base,toke,54,112,A-ARR,1
A-ARR-0017v1,o200k_base,toke,73,144,A-ARR,1
A-ARR-0018v28,o200k_base,toke,81,197,A-ARR,1
A-ARR-0018v54,o200k_base,toke,111,295,A-ARR,1
A-ARR-0018v68,o200k_base,toke,72,197,A-ARR,1
A-ARR-0021v1,o200k_base,toke,56,126,A-ARR,1
A-ARR-0021v29,o200k_base,toke,132,299,A-ARR,1
A-ARR-0022v58,o200k_base,toke,131,358,A-ARR,1
A-ARR-0024v21,o200k_base,toke,137,304,A-ARR,1
A-ARR-0025v57,o200k_base,toke,142,268,A-ARR,1
A-ARR-0026v17,o200k_base,toke,102,234,A-ARR,1
A-ARR-0027v10,o200k_base,toke,73,168,A-ARR,1
A-ARR-0028v31,o200k_base,toke,125,271,A-ARR,1
A-ARR-0028v38,o200k_base,toke,69,155,A-ARR,1
A-ARR-0031v64,o200k_base,toke,39,90,A-ARR,1
A-ARR-0032v15,o200k_base,toke,61,140,A-ARR,1
A-ARR-0032v21,o200k_base,toke,121,255,A-ARR,1
A-ARR-0032v46,o200k_base,toke,194,451,A-ARR,1
A-ARR-0033,o200k_base,toke,104,244,A-ARR,1
A-ARR-0033v2,o200k_base,toke,100,201,A-ARR,1
A-ARR-0033v26,o200k_base,toke,116,281,A-ARR,1
A-ARR-0034v28,o200k_base,toke,78,201,A-ARR,1
A-ARR-0035v20,o200k_base,toke,126,267,A-ARR,2
A-ARR-0035v41,o200k_base,toke,160,399,A-ARR,2
A-ARR-0035v54,o200k_base,toke,95,186,A-ARR,2
A-ARR-0037v61,o200k_base,toke,182,451,A-ARR,2
A-ARR-0041v65,o200k_base,toke,68,157,A-ARR,2
A-ARR-0041v69,o200k_base,toke,67,155,A-ARR,2
A-ARR-0042v45,o200k_base,toke,149,363,A-ARR,2
A-ARR-0042v57,o200k_base,toke,66,162,A-ARR,2
A-ARR-0042v63,o200k_base,toke,134,316,A-ARR,2
A-ARR-0043v6,o200k_base,toke,133,285,A-ARR,2
A-ARR-0044v11,o200k_base,toke,69,164,A-ARR,2
A-ARR-0045v8,o200k_base,toke,186,452,A-ARR,2
A-ARR-0046v39,o200k_base,toke,201,490,A-ARR,2
A-ARR-0047v22,o200k_base,toke,116,253,A-ARR,2
A-ARR-0047v68,o200k_base,toke,61,138,A-ARR,2
A-ARR-0048v3,o200k_base,toke,122,263,A-ARR,2
A-ARR-0048v44,o200k_base,toke,149,349,A-ARR,2
A-ARR-0049v13,o200k_base,toke,93,189,A-ARR,2
A-ARR-0049v40,o200k_base,toke,66,150,A-ARR,2
A-ARR-0049v66,o200k_base,toke,70,160,A-ARR,2
A-ARR-0051v63,o200k_base,toke,107,250,A-ARR,2
A-ARR-0052v53,o200k_base,toke,194,406,A-ARR,2
A-ARR-0052v63,o200k_base,toke,105,243,A-ARR,2
A-ARR-0056v65,o200k_base,toke,202,408,A-ARR,2
A-ARR-0057v15,o200k_base,toke,218,518,A-ARR,2
A-ARR-0058v13,o200k_base,toke,111,250,A-ARR,2
A-ARR-0058v24,o200k_base,toke,123,261,A-ARR,2
A-ARR-0063v46,o200k_base,toke,136,278,A-ARR,2
A-ARR-0066v24,o200k_base,toke,151,298,A-ARR,2
A-ARR-0066v53,o200k_base,toke,66,137,A-ARR,2
A-ARR-0066v9,o200k_base,toke,65,129,A-ARR,2
A-ARR-0067v66,o200k_base,toke,65,156,A-ARR,2
A-ARR-0068v30,o200k_base,toke,193,414,A-ARR,2
A-ARR-0069v8,o200k_base,toke,176,393,A-ARR,2
A-ARR-0071v8,o200k_base,toke,246,538,A-ARR,2
A-ARR-0072v13,o200k_base,toke,82,203,A-ARR,2
A-ARR-0072v19,o200k_base,toke,206,435,A-ARR,2
A-ARR-0072v2,o200k_base,toke,148,303,A-ARR,2
A-ARR-0073v68,o200k_base,toke,220,493,A-ARR,2
A-ARR-0074v36,o200k_base,toke,149,381,A-ARR,2
A-ARR-0076v10,o200k_base,toke,61,135,A-ARR,3
A-ARR-0076v30,o200k_base,toke,148,318,A-ARR,3
A-ARR-0076v62,o200k_base,toke,84,199,A-ARR,3
A-ARR-0076v8,o200k_base,toke,125,292,A-ARR,3
A-ARR-0077v34,o200k_base,toke,83,197,A-ARR,3
A-ARR-0077v36,o200k_base,toke,84,199,A-ARR,3
A-ARR-0078v35,o200k_base,toke,132,288,A-ARR,3
A-ARR-0078v57,o200k_base,toke,170,359,A-ARR,3
A-ARR-0079v20,o200k_base,toke,247,541,A-ARR,3
A-ARR-0079v49,o200k_base,toke,90,192,A-ARR,3
A-ARR-0080v55,o200k_base,toke,265,679,A-ARR,3
A-ARR-0080v58,o200k_base,toke,198,440,A-ARR,3
A-ARR-0081v16,o200k_base,toke,136,291,A-ARR,3
A-ARR-0081v23,o200k_base,toke,235,509,A-ARR,3
A-ARR-0081v30,o200k_base,toke,94,223,A-ARR,3
A-ARR-0081v64,o200k_base,toke,87,198,A-ARR,3
A-ARR-0081v66,o200k_base,toke,217,471,A-ARR,3
A-ARR-0082v45,o200k_base,toke,150,359,A-ARR,3
A-ARR-0084v35,o200k_base,toke,145,335,A-ARR,3
A-ARR-0084v55,o200k_base,toke,274,626,A-ARR,3
A-ARR-0084v62,o200k_base,toke,219,443,A-ARR,3
A-ARR-0086,o200k_base,toke,116,297,A-ARR,3
A-ARR-0086v45,o200k_base,toke,241,613,A-ARR,3
A-ARR-0086v57,o200k_base,toke,179,417,A-ARR,3
A-ARR-0087v1,o200k_base,toke,151,335,A-ARR,3
A-ARR-0087v12,o200k_base,toke,240,599,A-ARR,3
A-ARR-0088v12,o200k_base,toke,107,270,A-ARR,3
A-ARR-0088v13,o200k_base,toke,101,239,A-ARR,3
A-ARR-0088v33,o200k_base,toke,171,364,A-ARR,3
A-ARR-0090v13,o200k_base,toke,148,349,A-ARR,3
A-ARR-0091v64,o200k_base,toke,122,307,A-ARR,2
A-ARR-0092v1,o200k_base,toke,124,315,A-ARR,2
A-ARR-0092v19,o200k_base,toke,182,439,A-ARR,2
A-ARR-0094v16,o200k_base,toke,124,335,A-ARR,2
A-ARR-0094v17,o200k_base,toke,176,419,A-ARR,2
A-ARR-0096v36,o200k_base,toke,180,450,A-ARR,2
A-ARR-0096v66,o200k_base,toke,133,335,A-ARR,2
A-ARR-0099v32,o200k_base,toke,114,294,A-ARR,2
A-ARR-0103,o200k_base,toke,118,238,A-ARR,2
A-ARR-0105v25,o200k_base,toke,76,186,A-ARR,2
A-ARR-0105v37,o200k_base,toke,139,315,A-ARR,2
A-ARR-0105v67,o200k_base,toke,71,171,A-ARR,2
A-ARR-0107v49,o200k_base,toke,77,179,A-ARR,2
A-ARR-0108v11,o200k_base,toke,208,444,A-ARR,2
A-ARR-0112v42,o200k_base,toke,204,469,A-ARR,2
A-ARR-0112v52,o200k_base,toke,204,442,A-ARR,2
A-ARR-0113v39,o200k_base,toke,81,213,A-ARR,3
A-ARR-0114v12,o200k_base,toke,151,358,A-ARR,3
A-ARR-0116v40,o200k_base,toke,120,264,A-ARR,2
A-ARR-0116v59,o200k_base,toke,66,169,A-ARR,2
A-ARR-0117v38,o200k_base,toke,125,291,A-ARR,2
A-ARR-0117v40,o200k_base,toke,109,257,A-ARR,2
A-ARR-0117v9,o200k_base,toke,66,147,A-ARR,2
A-ARR-0118v9,o200k_base,toke,59,137,A-ARR,2
A-ARR-0119v6,o200k_base,toke,120,262,A-ARR,3
A-CND-0005v22,o200k_base,toke,100,205,A-CND,1
A-CND-0008v82,o200k_base,toke,149,290,A-CND,1
A-CND-0012v42,o200k_base,toke,70,156,A-CND,1
A-CND-0013v51,o200k_base,toke,126,326,A-CND,1
A-CND-0014v38,o200k_base,toke,38,82,A-CND,1
A-CND-0015v75,o200k_base,toke,73,187,A-CND,1
A-CND-0017v20,o200k_base,toke,85,233,A-CND,1
A-CND-0020v70,o200k_base,toke,113,242,A-CND,1
A-CND-0024v9,o200k_base,toke,101,204,A-CND,1
A-CND-0029v44,o200k_base,toke,118,285,A-CND,1
A-CND-0029v48,o200k_base,toke,54,117,A-CND,1
A-CND-0032v49,o200k_base,toke,84,185,A-CND,1
A-CND-0034v67,o200k_base,toke,129,315,A-CND,1
A-CND-0038v23,o200k_base,toke,130,291,A-CND,1
A-CND-0040v16,o200k_base,toke,69,156,A-CND,2
A-CND-0040v83,o200k_base,toke,77,184,A-CND,2
A-CND-0041v48,o200k_base,toke,158,348,A-CND,2
A-CND-0041v66,o200k_base,toke,124,288,A-CND,2
A-CND-0042v25,o200k_base,toke,103,225,A-CND,2
A-CND-0042v37,o200k_base,toke,69,153,A-CND,2
A-CND-0042v41,o200k_base,toke,65,121,A-CND,2
A-CND-0043v16,o200k_base,toke,124,266,A-CND,2
A-CND-0043v45,o200k_base,toke,143,309,A-CND,2
A-CND-0043v48,o200k_base,toke,124,256,A-CND,2
A-CND-0043v72,o200k_base,toke,133,271,A-CND,2
A-CND-0044,o200k_base,toke,86,159,A-CND,2
A-CND-0044v21,o200k_base,toke,168,344,A-CND,2
A-CND-0044v36,o200k_base,toke,192,374,A-CND,2
A-CND-0044v47,o200k_base,toke,118,215,A-CND,2
A-CND-0044v55,o200k_base,toke,165,331,A-CND,2
A-CND-0044v8,o200k_base,toke,153,335,A-CND,2
A-CND-0046v72,o200k_base,toke,114,256,A-CND,2
A-CND-0047v49,o200k_base,toke,163,323,A-CND,2
A-CND-0047v71,o200k_base,toke,152,276,A-CND,2
A-CND-0048v38,o200k_base,toke,157,323,A-CND,2
A-CND-0049v27,o200k_base,toke,100,183,A-CND,2
A-CND-0050v18,o200k_base,toke,212,448,A-CND,3
A-CND-0050v4,o200k_base,toke,281,621,A-CND,3
A-CND-0050v43,o200k_base,toke,271,612,A-CND,3
A-CND-0050v44,o200k_base,toke,140,267,A-CND,3
A-CND-0050v46,o200k_base,toke,133,257,A-CND,3
A-CND-0050v47,o200k_base,toke,229,487,A-CND,3
A-CND-0050v58,o200k_base,toke,221,478,A-CND,3
A-CND-0050v74,o200k_base,toke,327,693,A-CND,3
A-CND-0050v8,o200k_base,toke,116,225,A-CND,3
A-CND-0051v24,o200k_base,toke,126,221,A-CND,3
A-CND-0051v28,o200k_base,toke,118,246,A-CND,3
A-CND-0051v35,o200k_base,toke,245,466,A-CND,3
A-CND-0051v42,o200k_base,toke,122,200,A-CND,3
A-CND-0051v47,o200k_base,toke,106,211,A-CND,3
A-CND-0051v48,o200k_base,toke,252,478,A-CND,3
A-CND-0051v69,o200k_base,toke,236,455,A-CND,3
A-CND-0051v72,o200k_base,toke,232,441,A-CND,3
A-CND-0051v81,o200k_base,toke,226,419,A-CND,3
A-CND-0052v15,o200k_base,toke,179,378,A-CND,3
A-CND-0052v35,o200k_base,toke,195,435,A-CND,3
A-CND-0052v41,o200k_base,toke,225,477,A-CND,3
A-CND-0052v80,o200k_base,toke,202,456,A-CND,3
A-CND-0053v60,o200k_base,toke,91,207,A-CND,2
A-CND-0053v77,o200k_base,toke,97,231,A-CND,2
A-CND-0054v17,o200k_base,toke,126,292,A-CND,3
A-CND-0054v18,o200k_base,toke,119,278,A-CND,3
A-CND-0054v26,o200k_base,toke,119,278,A-CND,3
A-CND-0054v36,o200k_base,toke,201,540,A-CND,3
A-CND-0054v5,o200k_base,toke,178,502,A-CND,3
A-CND-0054v75,o200k_base,toke,135,312,A-CND,3
A-CND-0054v9,o200k_base,toke,110,260,A-CND,3
A-CND-0056v64,o200k_base,toke,69,150,A-CND,1
A-CND-0058v19,o200k_base,toke,107,278,A-CND,1
A-CND-0059v20,o200k_base,toke,130,326,A-CND,1
A-CND-0059v6,o200k_base,toke,183,442,A-CND,1
A-CND-0064v12,o200k_base,toke,98,227,A-CND,2
A-CND-0064v5,o200k_base,toke,136,350,A-CND,2
A-CND-0065v17,o200k_base,toke,128,344,A-CND,2
A-CND-0065v45,o200k_base,toke,81,183,A-CND,2
A-CND-0065v55,o200k_base,toke,125,333,A-CND,2
A-CND-0065v58,o200k_base,toke,128,344,A-CND,2
A-CND-0065v59,o200k_base,toke,80,182,A-CND,2
A-CND-0066v15,o200k_base,toke,101,195,A-CND,2
A-CND-0067v4,o200k_base,toke,79,167,A-CND,2
A-CND-0067v43,o200k_base,toke,94,212,A-CND,2
A-CND-0068v44,o200k_base,toke,119,299,A-CND,2
A-CND-0069v11,o200k_base,toke,167,403,A-CND,2
A-CND-0069v16,o200k_base,toke,85,156,A-CND,2
A-CND-0069v35,o200k_base,toke,167,394,A-CND,2
A-CND-0070v19,o200k_base,toke,165,404,A-CND,1
A-CND-0070v27,o200k_base,toke,146,346,A-CND,1
A-CND-0070v58,o200k_base,toke,130,337,A-CND,1
A-CND-0071v16,o200k_base,toke,37,91,A-CND,1
A-CND-0072v17,o200k_base,toke,103,233,A-CND,2
A-CND-0072v24,o200k_base,toke,185,401,A-CND,2
A-CND-0072v75,o200k_base,toke,105,215,A-CND,2
A-CND-0073v21,o200k_base,toke,60,147,A-CND,1
A-CND-0073v48,o200k_base,toke,97,233,A-CND,1
A-CND-0073v66,o200k_base,toke,62,148,A-CND,1
A-CND-0074v11,o200k_base,toke,116,253,A-CND,2
A-CND-0075v32,o200k_base,toke,78,155,A-CND,2
A-CND-0075v38,o200k_base,toke,146,426,A-CND,2
A-CND-0075v50,o200k_base,toke,141,420,A-CND,2
A-CND-0077v44,o200k_base,toke,151,278,A-CND,2
A-CND-0078v54,o200k_base,toke,205,497,A-CND,2
A-CND-0078v56,o200k_base,toke,72,149,A-CND,2
A-CND-0078v7,o200k_base,toke,87,180,A-CND,2
A-CND-0080v79,o200k_base,toke,128,269,A-CND,1
A-CND-0082v55,o200k_base,toke,91,194,A-CND,1
A-CND-0083v17,o200k_base,toke,43,88,A-CND,1
A-CND-0083v74,o200k_base,toke,100,244,A-CND,1
A-CND-0084v83,o200k_base,toke,66,136,A-CND,1
A-CND-0085v71,o200k_base,toke,85,190,A-CND,1
A-CND-0087v75,o200k_base,toke,138,315,A-CND,1
A-CND-0088v7,o200k_base,toke,115,261,A-CND,1
A-CND-0088v70,o200k_base,toke,44,92,A-CND,1
A-CND-0089v2,o200k_base,toke,85,174,A-CND,2
A-CND-0090v14,o200k_base,toke,58,113,A-CND,1
A-CND-0090v65,o200k_base,toke,110,246,A-CND,1
A-CND-0091v1,o200k_base,toke,108,204,A-CND,2
A-CND-0091v30,o200k_base,toke,88,188,A-CND,2
A-CND-0091v68,o200k_base,toke,69,168,A-CND,2
A-CND-0091v81,o200k_base,toke,140,311,A-CND,2
A-CND-0092v10,o200k_base,toke,92,213,A-CND,2
A-CND-0092v31,o200k_base,toke,93,229,A-CND,2
A-CND-0092v50,o200k_base,toke,121,288,A-CND,2
A-CND-0092v56,o200k_base,toke,120,287,A-CND,2
A-CND-0093v40,o200k_base,toke,74,150,A-CND,2
A-CND-0094v29,o200k_base,toke,93,197,A-CND,2
A-CND-0094v58,o200k_base,toke,35,75,A-CND,2
A-CND-0095v27,o200k_base,toke,75,178,A-CND,2
A-CND-0095v46,o200k_base,toke,122,268,A-CND,2
A-CND-0096v25,o200k_base,toke,94,151,A-CND,2
A-CND-0096v63,o200k_base,toke,88,160,A-CND,2
A-CND-0097v34,o200k_base,toke,55,123,A-CND,2
A-CND-0097v37,o200k_base,toke,61,113,A-CND,2
A-CND-0098v60,o200k_base,toke,202,453,A-CND,2
A-CND-0098v76,o200k_base,toke,187,442,A-CND,2
A-ERR-0003v19,o200k_base,toke,156,332,A-ERR,1
A-ERR-0003v85,o200k_base,toke,96,211,A-ERR,1
A-ERR-0004v57,o200k_base,toke,200,450,A-ERR,1
A-ERR-0005v24,o200k_base,toke,100,256,A-ERR,1
A-ERR-0007v72,o200k_base,toke,163,408,A-ERR,1
A-ERR-0009v55,o200k_base,toke,71,191,A-ERR,1
A-ERR-0009v64,o200k_base,toke,154,355,A-ERR,1
A-ERR-0010v24,o200k_base,toke,145,338,A-ERR,1
A-ERR-0010v25,o200k_base,toke,69,179,A-ERR,1
A-ERR-0011v18,o200k_base,toke,67,185,A-ERR,1
A-ERR-0011v35,o200k_base,toke,122,313,A-ERR,1
A-ERR-0012v52,o200k_base,toke,70,192,A-ERR,1
A-ERR-0013v77,o200k_base,toke,151,377,A-ERR,1
A-ERR-0014v15,o200k_base,toke,143,335,A-ERR,1
A-ERR-0014v55,o200k_base,toke,72,195,A-ERR,1
A-ERR-0015v74,o200k_base,toke,68,192,A-ERR,1
A-ERR-0018v10,o200k_base,toke,107,256,A-ERR,2
A-ERR-0018v29,o200k_base,toke,244,604,A-ERR,2
A-ERR-0018v59,o200k_base,toke,354,791,A-ERR,2
A-ERR-0018v77,o200k_base,toke,159,392,A-ERR,2
A-ERR-0019v37,o200k_base,toke,179,356,A-ERR,2
A-ERR-0020v67,o200k_base,toke,100,228,A-ERR,2
A-ERR-0020v86,o200k_base,toke,98,220,A-ERR,2
A-ERR-0021v48,o200k_base,toke,80,203,A-ERR,2
A-ERR-0022v50,o200k_base,toke,128,351,A-ERR,2
A-ERR-0022v62,o200k_base,toke,125,333,A-ERR,2
A-ERR-0022v65,o200k_base,toke,180,439,A-ERR,2
A-ERR-0023v71,o200k_base,toke,153,382,A-ERR,2
A-ERR-0024v57,o200k_base,toke,218,487,A-ERR,2
A-ERR-0024v63,o200k_base,toke,245,595,A-ERR,2
A-ERR-0025v29,o200k_base,toke,269,644,A-ERR,3
A-ERR-0025v68,o200k_base,toke,243,582,A-ERR,3
A-ERR-0026v83,o200k_base,toke,214,548,A-ERR,3
A-ERR-0028v31,o200k_base,toke,236,597,A-ERR,3
A-ERR-0028v62,o200k_base,toke,176,513,A-ERR,3
A-ERR-0028v76,o200k_base,toke,203,564,A-ERR,3
A-ERR-0030v55,o200k_base,toke,215,548,A-ERR,3
A-ERR-0030v64,o200k_base,toke,242,623,A-ERR,3
A-ERR-0030v83,o200k_base,toke,249,636,A-ERR,3
A-ERR-0031v44,o200k_base,toke,256,583,A-ERR,3
A-ERR-0033v23,o200k_base,toke,186,409,A-ERR,1
A-ERR-0034v81,o200k_base,toke,126,290,A-ERR,1
A-ERR-0036v44,o200k_base,toke,93,229,A-ERR,2
A-ERR-0036v48,o200k_base,toke,183,419,A-ERR,2
A-ERR-0036v76,o200k_base,toke,212,475,A-ERR,2
A-ERR-0038v13,o200k_base,toke,95,230,A-ERR,2
A-ERR-0038v66,o200k_base,toke,96,231,A-ERR,2
A-ERR-0039v39,o200k_base,toke,195,436,A-ERR,2
A-ERR-0039v44,o200k_base,toke,214,479,A-ERR,2
A-ERR-0041v13,o200k_base,toke,90,222,A-ERR,2
A-ERR-0041v27,o200k_base,toke,195,455,A-ERR,2
A-ERR-0041v28,o200k_base,toke,87,225,A-ERR,2
A-ERR-0041v62,o200k_base,toke,86,217,A-ERR,2
A-ERR-0041v7,o200k_base,toke,176,428,A-ERR,2
A-ERR-0041v81,o200k_base,toke,85,222,A-ERR,2
A-ERR-0041v83,o200k_base,toke,149,362,A-ERR,2
A-ERR-0042v25,o200k_base,toke,153,352,A-ERR,2
A-ERR-0042v68,o200k_base,toke,146,342,A-ERR,2
A-ERR-0042v83,o200k_base,toke,88,210,A-ERR,2
A-ERR-0043v15,o200k_base,toke,74,193,A-ERR,2
A-ERR-0043v57,o200k_base,toke,151,335,A-ERR,2
A-ERR-0044v5,o200k_base,toke,279,644,A-ERR,2
A-ERR-0044v65,o200k_base,toke,155,371,A-ERR,2
A-ERR-0045v30,o200k_base,toke,176,418,A-ERR,2
A-ERR-0045v41,o200k_base,toke,212,476,A-ERR,2
A-ERR-0045v58,o200k_base,toke,103,267,A-ERR,2
A-ERR-0045v7,o200k_base,toke,181,428,A-ERR,2
A-ERR-0046v33,o200k_base,toke,154,405,A-ERR,1
A-ERR-0046v51,o200k_base,toke,131,381,A-ERR,1
A-ERR-0046v72,o200k_base,toke,136,378,A-ERR,1
A-ERR-0047v1,o200k_base,toke,129,316,A-ERR,2
A-ERR-0047v86,o200k_base,toke,96,232,A-ERR,2
A-ERR-0048v11,o200k_base,toke,224,515,A-ERR,2
A-ERR-0048v22,o200k_base,toke,128,303,A-ERR,2
A-ERR-0049v15,o200k_base,toke,155,349,A-ERR,2
A-ERR-0049v39,o200k_base,toke,130,287,A-ERR,2
A-ERR-0050v3,o200k_base,toke,77,192,A-ERR,1
A-ERR-0050v9,o200k_base,toke,123,309,A-ERR,1
A-ERR-0052v69,o200k_base,toke,201,465,A-ERR,1
A-ERR-0053v50,o200k_base,toke,116,320,A-ERR,1
A-ERR-0053v72,o200k_base,toke,134,349,A-ERR,1
A-ERR-0053v87,o200k_base,toke,127,335,A-ERR,1
A-ERR-0054v35,o200k_base,toke,86,223,A-ERR,1
A-ERR-0054v46,o200k_base,toke,148,400,A-ERR,1
A-ERR-0055v48,o200k_base,toke,63,163,A-ERR,1
A-ERR-0055v53,o200k_base,toke,64,163,A-ERR,1
A-ERR-0056v44,o200k_base,toke,169,427,A-ERR,1
A-ERR-0057v27,o200k_base,toke,159,393,A-ERR,1
A-ERR-0059v14,o200k_base,toke,247,491,A-ERR,2
A-ERR-0059v20,o200k_base,toke,202,424,A-ERR,2
A-ERR-0059v55,o200k_base,toke,179,390,A-ERR,2
A-ERR-0060v18,o200k_base,toke,161,395,A-ERR,2
A-ERR-0061v48,o200k_base,toke,177,374,A-ERR,2
A-ERR-0062v22,o200k_base,toke,197,454,A-ERR,2
A-ERR-0062v52,o200k_base,toke,193,437,A-ERR,2
A-ERR-0064v3,o200k_base,toke,209,437,A-ERR,3
A-ERR-0065v18,o200k_base,toke,173,405,A-ERR,3
A-ERR-0065v3,o200k_base,toke,210,512,A-ERR,3
A-ERR-0066v31,o200k_base,toke,72,191,A-ERR,3
A-ERR-0067v62,o200k_base,toke,180,452,A-ERR,2
A-ERR-0069v49,o200k_base,toke,61,146,A-ERR,2
A-ERR-0071v56,o200k_base,toke,248,601,A-ERR,2
A-ERR-0074v22,o200k_base,toke,188,415,A-ERR,3
A-ERR-0074v23,o200k_base,toke,191,434,A-ERR,3
A-ERR-0074v36,o200k_base,toke,208,503,A-ERR,3
A-ERR-0074v49,o200k_base,toke,102,246,A-ERR,3
A-ERR-0076v10,o200k_base,toke,211,527,A-ERR,2
A-ERR-0076v45,o200k_base,toke,205,505,A-ERR,2
A-ERR-0076v86,o200k_base,toke,109,264,A-ERR,2
A-ERR-0077,o200k_base,toke,196,527,A-ERR,2
A-ERR-0077v30,o200k_base,toke,235,615,A-ERR,2
A-ERR-0078v10,o200k_base,toke,134,369,A-ERR,2
A-ERR-0078v11,o200k_base,toke,110,282,A-ERR,2
A-ERR-0078v33,o200k_base,toke,122,313,A-ERR,2
A-ERR-0079v81,o200k_base,toke,191,478,A-ERR,2
A-ERR-0080v37,o200k_base,toke,200,446,A-ERR,3
A-ERR-0081,o200k_base,toke,139,342,A-ERR,3
A-ERR-0081v17,o200k_base,toke,186,461,A-ERR,3
A-ERR-0082v61,o200k_base,toke,218,535,A-ERR,3
A-ERR-0083v25,o200k_base,toke,185,483,A-ERR,3
A-ERR-0084v15,o200k_base,toke,163,359,A-ERR,3
A-ERR-0085v2,o200k_base,toke,187,420,A-ERR,3
A-ERR-0086v55,o200k_base,toke,240,557,A-ERR,3
A-ERR-0088v75,o200k_base,toke,211,544,A-ERR,3
A-ERR-0089v26,o200k_base,toke,91,231,A-ERR,3
A-ERR-0089v40,o200k_base,toke,220,562,A-ERR,3
A-ERR-0091v33,o200k_base,toke,91,226,A-ERR,3
A-ERR-0092v26,o200k_base,toke,293,636,A-ERR,2
A-ERR-0092v4,o200k_base,toke,286,630,A-ERR,2
A-ERR-0093v7,o200k_base,toke,176,425,A-ERR,3
A-ERR-0094v31,o200k_base,toke,127,291,A-ERR,3
A-ERR-0095v19,o200k_base,toke,151,364,A-ERR,3
A-MTH-0001v3,o200k_base,toke,89,194,A-MTH,1
A-MTH-0002v3,o200k_base,toke,58,126,A-MTH,1
A-MTH-0005v54,o200k_base,toke,76,173,A-MTH,1
A-MTH-0005v69,o200k_base,toke,115,274,A-MTH,1
A-MTH-0010v43,o200k_base,toke,72,168,A-MTH,1
A-MTH-0010v60,o200k_base,toke,151,368,A-MTH,1
A-MTH-0011v8,o200k_base,toke,86,184,A-MTH,1
A-MTH-0017v11,o200k_base,toke,66,133,A-MTH,1
A-MTH-0019v4,o200k_base,toke,80,173,A-MTH,1
A-MTH-0019v7,o200k_base,toke,83,161,A-MTH,1
A-MTH-0020,o200k_base,toke,77,159,A-MTH,1
A-MTH-0023v36,o200k_base,toke,102,246,A-MTH,1
A-MTH-0024v26,o200k_base,toke,103,213,A-MTH,1
A-MTH-0024v44,o200k_base,toke,109,251,A-MTH,1
A-MTH-0025v43,o200k_base,toke,138,298,A-MTH,1
A-MTH-0025v67,o200k_base,toke,60,131,A-MTH,1
A-MTH-0026v48,o200k_base,toke,67,164,A-MTH,1
A-MTH-0027v65,o200k_base,toke,68,143,A-MTH,1
A-MTH-0029v28,o200k_base,toke,35,73,A-MTH,1
A-MTH-0032v15,o200k_base,toke,104,205,A-MTH,1
A-MTH-0032v35,o200k_base,toke,123,237,A-MTH,1
A-MTH-0036v17,o200k_base,toke,142,290,A-MTH,1
A-MTH-0037v44,o200k_base,toke,37,93,A-MTH,1
A-MTH-0038v7,o200k_base,toke,48,114,A-MTH,1
A-MTH-0039v35,o200k_base,toke,29,62,A-MTH,1
A-MTH-0040v23,o200k_base,toke,65,127,A-MTH,2
A-MTH-0041v24,o200k_base,toke,124,309,A-MTH,2
A-MTH-0042v15,o200k_base,toke,99,252,A-MTH,2
A-MTH-0043v24,o200k_base,toke,117,250,A-MTH,2
A-MTH-0043v65,o200k_base,toke,81,159,A-MTH,2
A-MTH-0044v57,o200k_base,toke,63,126,A-MTH,2
A-MTH-0045v25,o200k_base,toke,114,248,A-MTH,2
A-MTH-0045v29,o200k_base,toke,101,214,A-MTH,2
A-MTH-0046v2,o200k_base,toke,98,214,A-MTH,2
A-MTH-0046v35,o200k_base,toke,128,259,A-MTH,2
A-MTH-0047v12,o200k_base,toke,127,272,A-MTH,2
A-MTH-0047v44,o200k_base,toke,149,326,A-MTH,2
A-MTH-0047v51,o200k_base,toke,96,191,A-MTH,2
A-MTH-0048v65,o200k_base,toke,136,256,A-MTH,2
A-MTH-0050v55,o200k_base,toke,76,176,A-MTH,2
A-MTH-0051v15,o200k_base,toke,95,202,A-MTH,2
A-MTH-0054v59,o200k_base,toke,124,291,A-MTH,2
A-MTH-0055v1,o200k_base,toke,107,194,A-MTH,2
A-MTH-0055v14,o200k_base,toke,124,291,A-MTH,2
A-MTH-0055v56,o200k_base,toke,136,313,A-MTH,2
A-MTH-0055v65,o200k_base,toke,90,185,A-MTH,2
A-MTH-0056v7,o200k_base,toke,158,374,A-MTH,2
A-MTH-0058v24,o200k_base,toke,138,310,A-MTH,3
A-MTH-0058v36,o200k_base,toke,86,197,A-MTH,3
A-MTH-0058v47,o200k_base,toke,144,297,A-MTH,3
A-MTH-0058v61,o200k_base,toke,85,185,A-MTH,3
A-MTH-0059v15,o200k_base,toke,117,260,A-MTH,3
A-MTH-0059v43,o200k_base,toke,147,293,A-MTH,3
A-MTH-0060v48,o200k_base,toke,192,455,A-MTH,3
A-MTH-0060v49,o200k_base,toke,183,430,A-MTH,3
A-MTH-0061v1,o200k_base,toke,201,387,A-MTH,3
A-MTH-0063v25,o200k_base,toke,125,278,A-MTH,3
A-MTH-0063v67,o200k_base,toke,84,165,A-MTH,3
A-MTH-0063v9,o200k_base,toke,133,314,A-MTH,3
A-MTH-0064v4,o200k_base,toke,121,276,A-MTH,2
A-MTH-0065v26,o200k_base,toke,151,347,A-MTH,2
A-MTH-0065v38,o200k_base,toke,144,323,A-MTH,2
A-MTH-0065v9,o200k_base,toke,115,246,A-MTH,2
A-MTH-0066v21,o200k_base,toke,120,251,A-MTH,2
A-MTH-0066v40,o200k_base,toke,136,292,A-MTH,2
A-MTH-0067v15,o200k_base,toke,198,372,A-MTH,2
A-MTH-0067v41,o200k_base,toke,189,397,A-MTH,2
A-MTH-0068v54,o200k_base,toke,119,264,A-MTH,3
A-MTH-0069v17,o200k_base,toke,63,131,A-MTH,3
A-MTH-0069v64,o200k_base,toke,94,180,A-MTH,3
A-MTH-0071v44,o200k_base,toke,86,168,A-MTH,1
A-MTH-0072v25,o200k_base,toke,104,235,A-MTH,2
A-MTH-0074,o200k_base,toke,96,186,A-MTH,3
A-MTH-0074v27,o200k_base,toke,126,282,A-MTH,3
A-MTH-0074v32,o200k_base,toke,192,425,A-MTH,3
A-MTH-0074v42,o200k_base,toke,151,348,A-MTH,3
A-MTH-0074v63,o200k_base,toke,107,254,A-MTH,3
A-MTH-0077v25,o200k_base,toke,69,148,A-MTH,1
A-MTH-0077v41,o200k_base,toke,70,140,A-MTH,1
A-MTH-0078v58,o200k_base,toke,105,253,A-MTH,1
A-MTH-0079v45,o200k_base,toke,94,244,A-MTH,1
A-MTH-0080v10,o200k_base,toke,112,225,A-MTH,1
A-MTH-0081v17,o200k_base,toke,87,152,A-MTH,2
A-MTH-0084v13,o200k_base,toke,82,160,A-MTH,2
A-MTH-0085v14,o200k_base,toke,47,91,A-MTH,2
A-MTH-0085v35,o200k_base,toke,153,277,A-MTH,2
A-MTH-0087v37,o200k_base,toke,45,94,A-MTH,2
A-MTH-0088v41,o200k_base,toke,140,353,A-MTH,2
A-MTH-0089v34,o200k_base,toke,82,166,A-MTH,2
A-MTH-0089v4,o200k_base,toke,120,265,A-MTH,2
A-MTH-0090v45,o200k_base,toke,77,140,A-MTH,2
A-MTH-0091,o200k_base,toke,121,264,A-MTH,2
A-MTH-0091v23,o200k_base,toke,125,263,A-MTH,2
A-MTH-0091v46,o200k_base,toke,109,240,A-MTH,2
A-MTH-0094v29,o200k_base,toke,78,156,A-MTH,2
A-MTH-0094v39,o200k_base,toke,87,190,A-MTH,2
A-MTH-0095v9,o200k_base,toke,151,321,A-MTH,2
A-MTH-0097v38,o200k_base,toke,112,257,A-MTH,2
A-MTH-0097v56,o200k_base,toke,98,248,A-MTH,2
A-MTH-0097v9,o200k_base,toke,214,464,A-MTH,2
A-MTH-0098v31,o200k_base,toke,147,317,A-MTH,2
A-MTH-0099,o200k_base,toke,115,239,A-MTH,3
A-MTH-0101v4,o200k_base,toke,154,319,A-MTH,2
A-MTH-0102v68,o200k_base,toke,83,195,A-MTH,2
A-MTH-0103v13,o200k_base,toke,187,404,A-MTH,3
A-MTH-0103v54,o200k_base,toke,173,378,A-MTH,3
A-MTH-0103v59,o200k_base,toke,123,243,A-MTH,3
A-MTH-0103v6,o200k_base,toke,178,365,A-MTH,3
A-MTH-0103v67,o200k_base,toke,113,195,A-MTH,3
A-MTH-0104v37,o200k_base,toke,108,216,A-MTH,2
A-MTH-0104v49,o200k_base,toke,63,118,A-MTH,2
A-MTH-0104v9,o200k_base,toke,84,169,A-MTH,2
A-MTH-0105v14,o200k_base,toke,81,155,A-MTH,2
A-MTH-0106v33,o200k_base,toke,100,208,A-MTH,2
A-MTH-0108,o200k_base,toke,113,211,A-MTH,3
A-MTH-0108v22,o200k_base,toke,153,322,A-MTH,3
A-MTH-0108v23,o200k_base,toke,140,308,A-MTH,3
A-MTH-0108v29,o200k_base,toke,149,319,A-MTH,3
A-MTH-0108v34,o200k_base,toke,146,316,A-MTH,3
A-MTH-0109v43,o200k_base,toke,134,273,A-MTH,2
A-MTH-0110v35,o200k_base,toke,207,422,A-MTH,3
A-MTH-0110v62,o200k_base,toke,190,406,A-MTH,3
A-MTH-0115v42,o200k_base,toke,214,443,A-MTH,2
A-MTH-0115v49,o200k_base,toke,187,375,A-MTH,2
A-MTH-0115v61,o200k_base,toke,194,407,A-MTH,2
A-MTH-0116v26,o200k_base,toke,47,84,A-MTH,1
A-MTH-0116v44,o200k_base,toke,83,169,A-MTH,1
A-MTH-0119v8,o200k_base,toke,56,120,A-MTH,2
A-SRT-0001v10,o200k_base,toke,123,275,A-SRT,1
A-SRT-0001v24,o200k_base,toke,137,308,A-SRT,1
A-SRT-0001v44,o200k_base,toke,228,480,A-SRT,1
A-SRT-0001v51,o200k_base,toke,240,568,A-SRT,1
A-SRT-0001v66,o200k_base,toke,232,494,A-SRT,1
A-SRT-0002v62,o200k_base,toke,374,825,A-SRT,1
A-SRT-0002v78,o200k_base,toke,157,313,A-SRT,1
A-SRT-0003v7,o200k_base,toke,178,415,A-SRT,1
A-SRT-0004v10,o200k_base,toke,121,274,A-SRT,1
A-SRT-0007v38,o200k_base,toke,182,379,A-SRT,1
A-SRT-0007v39,o200k_base,toke,140,325,A-SRT,1
A-SRT-0007v41,o200k_base,toke,217,466,A-SRT,1
A-SRT-0008v25,o200k_base,toke,371,799,A-SRT,1
A-SRT-0008v72,o200k_base,toke,168,340,A-SRT,1
A-SRT-0009v20,o200k_base,toke,147,314,A-SRT,1
A-SRT-0009v35,o200k_base,toke,155,325,A-SRT,1
A-SRT-0009v68,o200k_base,toke,239,551,A-SRT,1
A-SRT-0010v17,o200k_base,toke,288,640,A-SRT,2
A-SRT-0010v43,o200k_base,toke,315,716,A-SRT,2
A-SRT-0010v65,o200k_base,toke,222,491,A-SRT,2
A-SRT-0011v24,o200k_base,toke,314,716,A-SRT,2
A-SRT-0013v52,o200k_base,toke,186,475,A-SRT,2
A-SRT-0014v82,o200k_base,toke,305,741,A-SRT,2
A-SRT-0015v21,o200k_base,toke,267,649,A-SRT,2
A-SRT-0015v56,o200k_base,toke,343,830,A-SRT,2
A-SRT-0017v20,o200k_base,toke,369,850,A-SRT,2
A-SRT-0017v25,o200k_base,toke,180,421,A-SRT,2
A-SRT-0017v36,o200k_base,toke,320,725,A-SRT,2
A-SRT-0017v52,o200k_base,toke,262,579,A-SRT,2
A-SRT-0017v62,o200k_base,toke,298,695,A-SRT,2
A-SRT-0018v29,o200k_base,toke,374,801,A-SRT,2
A-SRT-0019v76,o200k_base,toke,154,334,A-SRT,2
A-SRT-0020v26,o200k_base,toke,107,222,A-SRT,2
A-SRT-0021v48,o200k_base,toke,180,362,A-SRT,2
A-SRT-0022v31,o200k_base,toke,159,316,A-SRT,2
A-SRT-0022v37,o200k_base,toke,162,317,A-SRT,2
A-SRT-0022v60,o200k_base,toke,201,402,A-SRT,2
A-SRT-0024v26,o200k_base,toke,58,129,A-SRT,1
A-SRT-0024v56,o200k_base,toke,61,131,A-SRT,1
A-SRT-0025v34,o200k_base,toke,115,238,A-SRT,1
A-SRT-0026,o200k_base,toke,107,252,A-SRT,1
A-SRT-0026v34,o200k_base,toke,103,266,A-SRT,1
A-SRT-0026v35,o200k_base,toke,59,131,A-SRT,1
A-SRT-0026v50,o200k_base,toke,56,129,A-SRT,1
A-SRT-0026v63,o200k_base,toke,130,321,A-SRT,1
A-SRT-0027v28,o200k_base,toke,180,375,A-SRT,2
A-SRT-0027v46,o200k_base,toke,196,405,A-SRT,2
A-SRT-0029v34,o200k_base,toke,195,399,A-SRT,2
A-SRT-0030v35,o200k_base,toke,123,290,A-SRT,2
A-SRT-0032v31,o200k_base,toke,130,276,A-SRT,2
A-SRT-0032v56,o200k_base,toke,138,282,A-SRT,2
A-SRT-0035v49,o200k_base,toke,137,312,A-SRT,2
A-SRT-0035v69,o200k_base,toke,62,131,A-SRT,2
A-SRT-0038v47,o200k_base,toke,80,186,A-SRT,2
A-SRT-0038v64,o200k_base,toke,71,171,A-SRT,2
A-SRT-0039v16,o200k_base,toke,184,385,A-SRT,2
A-SRT-0039v53,o200k_base,toke,139,283,A-SRT,2
A-SRT-0040v25,o200k_base,toke,237,515,A-SRT,2
A-SRT-0041v25,o200k_base,toke,116,241,A-SRT,2
A-SRT-0041v82,o200k_base,toke,297,616,A-SRT,2
A-SRT-0042v70,o200k_base,toke,306,675,A-SRT,3
A-SRT-0043v30,o200k_base,toke,150,315,A-SRT,3
A-SRT-0043v46,o200k_base,toke,234,524,A-SRT,3
A-SRT-0044v35,o200k_base,toke,164,363,A-SRT,3
A-SRT-0044v50,o200k_base,toke,304,633,A-SRT,3
A-SRT-0044v78,o200k_base,toke,154,342,A-SRT,3
A-SRT-0045,o200k_base,toke,154,348,A-SRT,3
A-SRT-0047v60,o200k_base,toke,175,344,A-SRT,3
A-SRT-0049v76,o200k_base,toke,174,394,A-SRT,3
A-SRT-0050v19,o200k_base,toke,91,192,A-SRT,3
A-SRT-0050v28,o200k_base,toke,90,193,A-SRT,3
A-SRT-0050v63,o200k_base,toke,166,365,A-SRT,3
A-SRT-0051v53,o200k_base,toke,137,263,A-SRT,3
A-SRT-0053v21,o200k_base,toke,65,154,A-SRT,1
A-SRT-0053v75,o200k_base,toke,110,261,A-SRT,1
A-SRT-0054v30,o200k_base,toke,135,313,A-SRT,1
A-SRT-0054v67,o200k_base,toke,116,291,A-SRT,1
A-SRT-0055v66,o200k_base,toke,67,159,A-SRT,1
A-SRT-0056v19,o200k_base,toke,220,411,A-SRT,2
A-SRT-0056v53,o200k_base,toke,233,516,A-SRT,2
A-SRT-0056v63,o200k_base,toke,230,463,A-SRT,2
A-SRT-0056v72,o200k_base,toke,220,447,A-SRT,2
A-SRT-0058v42,o200k_base,toke,223,523,A-SRT,2
A-SRT-0058v58,o200k_base,toke,104,223,A-SRT,2
A-SRT-0060v9,o200k_base,toke,205,442,A-SRT,2
A-SRT-0061v63,o200k_base,toke,180,391,A-SRT,2
A-SRT-0062v32,o200k_base,toke,69,156,A-SRT,1
A-SRT-0062v66,o200k_base,toke,131,286,A-SRT,1
A-SRT-0062v7,o200k_base,toke,166,371,A-SRT,1
A-SRT-0063v61,o200k_base,toke,188,419,A-SRT,2
A-SRT-0063v75,o200k_base,toke,129,273,A-SRT,2
A-SRT-0064v5,o200k_base,toke,180,411,A-SRT,2
A-SRT-0065v13,o200k_base,toke,134,266,A-SRT,2
A-SRT-0065v8,o200k_base,toke,213,487,A-SRT,2
A-SRT-0066,o200k_base,toke,203,420,A-SRT,2
A-SRT-0066v30,o200k_base,toke,179,370,A-SRT,2
A-SRT-0067v63,o200k_base,toke,196,430,A-SRT,2
A-SRT-0068v81,o200k_base,toke,255,561,A-SRT,2
A-SRT-0069v74,o200k_base,toke,117,250,A-SRT,2
A-SRT-0070v24,o200k_base,toke,80,180,A-SRT,2
A-SRT-0071v54,o200k_base,toke,154,341,A-SRT,3
A-SRT-0072v16,o200k_base,toke,172,336,A-SRT,3
A-SRT-0075v2,o200k_base,toke,216,468,A-SRT,3
A-SRT-0075v40,o200k_base,toke,148,324,A-SRT,3
A-SRT-0076v63,o200k_base,toke,225,485,A-SRT,3
A-SRT-0077v24,o200k_base,toke,149,327,A-SRT,2
A-SRT-0077v4,o200k_base,toke,210,483,A-SRT,2
A-SRT-0079v4,o200k_base,toke,372,836,A-SRT,3
A-SRT-0079v50,o200k_base,toke,163,369,A-SRT,3
A-SRT-0079v51,o200k_base,toke,307,701,A-SRT,3
A-SRT-0080v9,o200k_base,toke,291,616,A-SRT,3
A-SRT-0081v35,o200k_base,toke,259,575,A-SRT,3
A-SRT-0082v40,o200k_base,toke,358,824,A-SRT,3
A-SRT-0083v16,o200k_base,toke,320,678,A-SRT,2
A-SRT-0083v31,o200k_base,toke,163,369,A-SRT,2
A-SRT-0085v14,o200k_base,toke,229,529,A-SRT,3
A-SRT-0086v38,o200k_base,toke,144,341,A-SRT,3
A-SRT-0089v11,o200k_base,toke,278,616,A-SRT,3
A-SRT-0089v54,o200k_base,toke,136,319,A-SRT,3
A-SRT-0091v37,o200k_base,toke,375,782,A-SRT,3
A-SRT-0091v5,o200k_base,toke,390,817,A-SRT,3
A-SRT-0094v13,o200k_base,toke,281,634,A-SRT,2
A-SRT-0094v14,o200k_base,toke,195,445,A-SRT,2
A-SRT-0096v17,o200k_base,toke,249,541,A-SRT,2
A-SRT-0096v32,o200k_base,toke,236,496,A-SRT,2
A-SRT-0096v73,o200k_base,toke,258,517,A-SRT,2
A-SRT-0097v20,o200k_base,toke,213,487,A-SRT,3
A-SRT-0098v16,o200k_base,toke,125,288,A-SRT,3
A-SRT-0098v76,o200k_base,toke,179,406,A-SRT,3
A-SRT-0099v51,o200k_base,toke,276,612,A-SRT,2
A-SRT-0099v80,o200k_base,toke,339,770,A-SRT,2
A-SRT-0100v57,o200k_base,toke,324,717,A-SRT,2
A-STR-0001,o200k_base,toke,66,151,A-STR,1
A-STR-0001v62,o200k_base,toke,119,259,A-STR,1
A-STR-0001v65,o200k_base,toke,29,70,A-STR,1
A-STR-0004v19,o200k_base,toke,54,110,A-STR,1
A-STR-0004v5,o200k_base,toke,30,65,A-STR,1
A-STR-0006v30,o200k_base,toke,57,148,A-STR,1
A-STR-0007v38,o200k_base,toke,95,234,A-STR,1
A-STR-0007v74,o200k_base,toke,100,252,A-STR,1
A-STR-0007v80,o200k_base,toke,55,123,A-STR,1
A-STR-0008v36,o200k_base,toke,56,148,A-STR,1
A-STR-0008v39,o200k_base,toke,111,258,A-STR,1
A-STR-0009v19,o200k_base,toke,77,199,A-STR,1
A-STR-0009v32,o200k_base,toke,94,240,A-STR,1
A-STR-0009v80,o200k_base,toke,35,97,A-STR,1
A-STR-0010v18,o200k_base,toke,81,220,A-STR,1
A-STR-0010v55,o200k_base,toke,158,393,A-STR,1
A-STR-0011v27,o200k_base,toke,138,344,A-STR,1
A-STR-0011v80,o200k_base,toke,70,208,A-STR,1
A-STR-0012v46,o200k_base,toke,31,70,A-STR,1
A-STR-0013v28,o200k_base,toke,90,218,A-STR,1
A-STR-0014v26,o200k_base,toke,168,426,A-STR,1
A-STR-0014v40,o200k_base,toke,98,249,A-STR,1
A-STR-0014v67,o200k_base,toke,180,442,A-STR,1
A-STR-0014v74,o200k_base,toke,152,356,A-STR,1
A-STR-0014v9,o200k_base,toke,123,287,A-STR,1
A-STR-0015v43,o200k_base,toke,111,277,A-STR,2
A-STR-0016v4,o200k_base,toke,145,400,A-STR,2
A-STR-0016v55,o200k_base,toke,174,469,A-STR,2
A-STR-0016v74,o200k_base,toke,114,273,A-STR,2
A-STR-0019v2,o200k_base,toke,86,217,A-STR,2
A-STR-0019v7,o200k_base,toke,141,356,A-STR,2
A-STR-0020v45,o200k_base,toke,83,178,A-STR,2
A-STR-0022v44,o200k_base,toke,171,465,A-STR,2
A-STR-0022v81,o200k_base,toke,98,286,A-STR,2
A-STR-0023v22,o200k_base,toke,163,377,A-STR,2
A-STR-0025v54,o200k_base,toke,62,152,A-STR,2
A-STR-0026v30,o200k_base,toke,141,373,A-STR,2
A-STR-0026v75,o200k_base,toke,108,276,A-STR,2
A-STR-0027v17,o200k_base,toke,136,355,A-STR,2
A-STR-0028v19,o200k_base,toke,150,385,A-STR,2
A-STR-0028v39,o200k_base,toke,134,322,A-STR,2
A-STR-0029v57,o200k_base,toke,68,159,A-STR,2
A-STR-0029v68,o200k_base,toke,90,230,A-STR,2
A-STR-0030v44,o200k_base,toke,93,243,A-STR,2
A-STR-0031v26,o200k_base,toke,198,427,A-STR,2
A-STR-0033v17,o200k_base,toke,61,148,A-STR,3
A-STR-0033v21,o200k_base,toke,126,355,A-STR,3
A-STR-0033v23,o200k_base,toke,59,160,A-STR,3
A-STR-0033v34,o200k_base,toke,85,252,A-STR,3
A-STR-0034v23,o200k_base,toke,184,431,A-STR,3
A-STR-0034v39,o200k_base,toke,211,480,A-STR,3
A-STR-0034v5,o200k_base,toke,283,739,A-STR,3
A-STR-0035v25,o200k_base,toke,156,402,A-STR,3
A-STR-0035v26,o200k_base,toke,192,460,A-STR,3
A-STR-0035v75,o200k_base,toke,173,413,A-STR,3
A-STR-0035v80,o200k_base,toke,150,383,A-STR,3
A-STR-0035v9,o200k_base,toke,109,276,A-STR,3
A-STR-0036v72,o200k_base,toke,162,357,A-STR,3
A-STR-0037v14,o200k_base,toke,200,494,A-STR,3
A-STR-0037v22,o200k_base,toke,150,354,A-STR,3
A-STR-0037v38,o200k_base,toke,219,552,A-STR,3
A-STR-0039v67,o200k_base,toke,80,214,A-STR,1
A-STR-0042v36,o200k_base,toke,45,115,A-STR,1
A-STR-0042v5,o200k_base,toke,89,261,A-STR,1
A-STR-0045v34,o200k_base,toke,106,234,A-STR,2
A-STR-0046v74,o200k_base,toke,167,457,A-STR,2
A-STR-0049v22,o200k_base,toke,160,378,A-STR,2
A-STR-0051v76,o200k_base,toke,116,301,A-STR,2
A-STR-0052v52,o200k_base,toke,95,245,A-STR,2
A-STR-0054v28,o200k_base,toke,86,219,A-STR,1
A-STR-0055v18,o200k_base,toke,80,210,A-STR,1
A-STR-0055v3,o200k_base,toke,87,198,A-STR,1
A-STR-0055v70,o200k_base,toke,152,379,A-STR,1
A-STR-0056v68,o200k_base,toke,153,421,A-STR,1
A-STR-0057v18,o200k_base,toke,127,318,A-STR,2
A-STR-0059v53,o200k_base,toke,106,279,A-STR,2
A-STR-0060v5,o200k_base,toke,110,301,A-STR,2
A-STR-0061v17,o200k_base,toke,118,323,A-STR,2
A-STR-0062v69,o200k_base,toke,145,379,A-STR,2
A-STR-0064v19,o200k_base,toke,72,187,A-STR,2
A-STR-0064v80,o200k_base,toke,71,177,A-STR,2
A-STR-0065v42,o200k_base,toke,121,329,A-STR,2
A-STR-0065v43,o200k_base,toke,120,355,A-STR,2
A-STR-0065v45,o200k_base,toke,99,265,A-STR,2
A-STR-0066v23,o200k_base,toke,178,448,A-STR,2
A-STR-0067v62,o200k_base,toke,127,308,A-STR,2
A-STR-0067v64,o200k_base,toke,124,310,A-STR,2
A-STR-0069v24,o200k_base,toke,144,350,A-STR,2
A-STR-0069v30,o200k_base,toke,176,418,A-STR,2
A-STR-0070v15,o200k_base,toke,220,552,A-STR,3
A-STR-0070v9,o200k_base,toke,304,688,A-STR,3
A-STR-0071v49,o200k_base,toke,136,299,A-STR,2
A-STR-0071v63,o200k_base,toke,122,260,A-STR,2
A-STR-0073v30,o200k_base,toke,130,286,A-STR,2
A-STR-0075v16,o200k_base,toke,133,365,A-STR,2
A-STR-0075v69,o200k_base,toke,86,212,A-STR,2
A-STR-0075v9,o200k_base,toke,125,365,A-STR,2
A-STR-0076v18,o200k_base,toke,126,292,A-STR,2
A-STR-0076v25,o200k_base,toke,201,502,A-STR,2
A-STR-0076v36,o200k_base,toke,129,298,A-STR,2
A-STR-0076v54,o200k_base,toke,183,497,A-STR,2
A-STR-0077v26,o200k_base,toke,157,405,A-STR,2
A-STR-0077v30,o200k_base,toke,150,373,A-STR,2
A-STR-0078v42,o200k_base,toke,151,355,A-STR,2
A-STR-0078v77,o200k_base,toke,151,372,A-STR,2
A-STR-0079v11,o200k_base,toke,86,221,A-STR,2
A-STR-0081v15,o200k_base,toke,125,350,A-STR,2
A-STR-0081v71,o200k_base,toke,135,339,A-STR,2
A-STR-0082v39,o200k_base,toke,130,326,A-STR,2
A-STR-0083v18,o200k_base,toke,135,329,A-STR,2
A-STR-0083v39,o200k_base,toke,139,337,A-STR,2
A-STR-0084v2,o200k_base,toke,176,448,A-STR,3
A-STR-0084v33,o200k_base,toke,134,331,A-STR,3
A-STR-0084v71,o200k_base,toke,158,390,A-STR,3
A-STR-0086v14,o200k_base,toke,97,279,A-STR,3
A-STR-0086v78,o200k_base,toke,135,384,A-STR,3
A-STR-0086v80,o200k_base,toke,94,264,A-STR,3
A-STR-0087v2,o200k_base,toke,178,468,A-STR,3
A-STR-0088v25,o200k_base,toke,247,647,A-STR,3
A-STR-0088v68,o200k_base,toke,233,603,A-STR,3
A-STR-0089v49,o200k_base,toke,52,142,A-STR,2
A-STR-0090v15,o200k_base,toke,144,353,A-STR,3
A-STR-0090v66,o200k_base,toke,191,467,A-STR,3
A-STR-0090v78,o200k_base,toke,149,350,A-STR,3
A-STR-0091v31,o200k_base,toke,308,663,A-STR,2
A-STR-0093v13,o200k_base,toke,371,758,A-STR,3
A-STR-0093v32,o200k_base,toke,266,621,A-STR,3
A-STR-0093v39,o200k_base,toke,320,758,A-STR,3
A-STR-0095v11,o200k_base,toke,112,304,A-STR,2
A-STR-0096v56,o200k_base,toke,120,321,A-STR,2
A-STR-0098v68,o200k_base,toke,78,190,A-STR,2
A-STR-0099v24,o200k_base,toke,39,90,A-STR,2
A-STR-0099v60,o200k_base,toke,46,115,A-STR,2
D-CFG-0001v21,o200k_base,toke,89,206,D-CFG,2
D-CFG-0001v224,o200k_base,toke,69,203,D-CFG,2
D-CFG-0001v315,o200k_base,toke,88,256,D-CFG,2
D-CFG-0001v327,o200k_base,toke,95,269,D-CFG,2
D-CFG-0002v111,o200k_base,toke,58,167,D-CFG,2
D-CFG-0002v171,o200k_base,toke,97,256,D-CFG,2
D-CFG-0002v60,o200k_base,toke,84,238,D-CFG,2
D-CFG-0003v13,o200k_base,toke,79,227,D-CFG,2
D-CFG-0003v183,o200k_base,toke,91,243,D-CFG,2
D-CFG-0003v185,o200k_base,toke,113,292,D-CFG,2
D-CFG-0003v191,o200k_base,toke,109,299,D-CFG,2
D-CFG-0003v200,o200k_base,toke,96,268,D-CFG,2
D-CFG-0003v217,o200k_base,toke,100,280,D-CFG,2
D-CFG-0003v243,o200k_base,toke,88,263,D-CFG,2
D-CFG-0003v47,o200k_base,toke,73,193,D-CFG,2
D-CFG-0004v130,o200k_base,toke,98,289,D-CFG,2
D-CFG-0004v150,o200k_base,toke,105,296,D-CFG,2
D-CFG-0004v189,o200k_base,toke,87,227,D-CFG,2
D-CFG-0004v35,o200k_base,toke,64,180,D-CFG,2
D-CFG-0004v351,o200k_base,toke,89,234,D-CFG,2
D-CFG-0004v40,o200k_base,toke,88,227,D-CFG,2
D-CFG-0004v74,o200k_base,toke,112,313,D-CFG,2
D-CFG-0005v126,o200k_base,toke,82,242,D-CFG,2
D-CFG-0005v139,o200k_base,toke,94,258,D-CFG,2
D-CFG-0005v145,o200k_base,toke,110,268,D-CFG,2
D-CFG-0005v170,o200k_base,toke,56,144,D-CFG,2
D-CFG-0005v295,o200k_base,toke,100,244,D-CFG,2
D-CFG-0005v306,o200k_base,toke,123,310,D-CFG,2
D-CFG-0005v324,o200k_base,toke,108,296,D-CFG,2
D-CFG-0006v14,o200k_base,toke,66,184,D-CFG,2
D-CFG-0007v17,o200k_base,toke,135,331,D-CFG,2
D-CFG-0007v317,o200k_base,toke,122,340,D-CFG,2
D-CFG-0007v341,o200k_base,toke,152,395,D-CFG,2
D-CFG-0007v49,o200k_base,toke,131,317,D-CFG,2
D-CFG-0007v56,o200k_base,toke,142,359,D-CFG,2
D-CFG-0007v99,o200k_base,toke,122,298,D-CFG,2
D-CFG-0008v132,o200k_base,toke,96,237,D-CFG,2
D-CFG-0008v229,o200k_base,toke,71,165,D-CFG,2
D-CFG-0008v239,o200k_base,toke,85,209,D-CFG,2
D-CFG-0008v242,o200k_base,toke,91,223,D-CFG,2
D-CFG-0008v275,o200k_base,toke,91,220,D-CFG,2
D-CFG-0008v342,o200k_base,toke,77,184,D-CFG,2
D-CFG-0008v85,o200k_base,toke,81,202,D-CFG,2
D-CFG-0008v96,o200k_base,toke,87,238,D-CFG,2
D-CFG-0009v127,o200k_base,toke,90,242,D-CFG,2
D-CFG-0009v163,o200k_base,toke,99,262,D-CFG,2
D-CFG-0009v19,o200k_base,toke,87,199,D-CFG,2
D-CFG-0009v207,o200k_base,toke,113,299,D-CFG,2
D-CFG-0009v235,o200k_base,toke,98,252,D-CFG,2
D-CFG-0009v257,o200k_base,toke,93,214,D-CFG,2
D-CFG-0009v278,o200k_base,toke,102,244,D-CFG,2
D-CFG-0009v305,o200k_base,toke,102,265,D-CFG,2
D-CFG-0009v60,o200k_base,toke,112,285,D-CFG,2
D-CFG-0010v107,o200k_base,toke,108,278,D-CFG,2
D-CFG-0010v165,o200k_base,toke,127,281,D-CFG,2
D-CFG-0010v180,o200k_base,toke,102,268,D-CFG,2
D-CFG-0010v252,o200k_base,toke,103,268,D-CFG,2
D-CFG-0010v264,o200k_base,toke,92,227,D-CFG,2
D-CFG-0010v32,o200k_base,toke,94,239,D-CFG,2
D-CFG-0010v342,o200k_base,toke,160,377,D-CFG,2
D-CFG-0010v79,o200k_base,toke,112,296,D-CFG,2
D-CFG-0011v228,o200k_base,toke,113,343,D-CFG,2
D-CFG-0011v243,o200k_base,toke,112,317,D-CFG,2
D-CFG-0011v341,o200k_base,toke,87,219,D-CFG,2
D-CFG-0012v18,o200k_base,toke,222,557,D-CFG,3
D-CFG-0012v212,o200k_base,toke,203,522,D-CFG,3
D-CFG-0012v243,o200k_base,toke,217,547,D-CFG,3
D-CFG-0013,o200k_base,toke,139,358,D-CFG,3
D-CFG-0013v135,o200k_base,toke,154,407,D-CFG,3
D-CFG-0013v14,o200k_base,toke,149,383,D-CFG,3
D-CFG-0013v155,o200k_base,toke,123,321,D-CFG,3
D-CFG-0013v157,o200k_base,toke,85,232,D-CFG,3
D-CFG-0013v235,o200k_base,toke,141,363,D-CFG,3
D-CFG-0013v237,o200k_base,toke,91,217,D-CFG,3
D-CFG-0013v283,o200k_base,toke,127,338,D-CFG,3
D-CFG-0013v296,o200k_base,toke,119,320,D-CFG,3
D-CFG-0013v348,o200k_base,toke,145,396,D-CFG,3
D-CFG-0013v350,o200k_base,toke,121,333,D-CFG,3
D-CFG-0013v69,o200k_base,toke,134,316,D-CFG,3
D-CFG-0014v127,o200k_base,toke,169,448,D-CFG,3
D-CFG-0014v145,o200k_base,toke,174,451,D-CFG,3
D-CFG-0014v195,o200k_base,toke,90,238,D-CFG,3
D-CFG-0014v203,o200k_base,toke,268,718,D-CFG,3
D-CFG-0014v86,o200k_base,toke,251,671,D-CFG,3
D-CFG-0015v118,o200k_base,toke,125,329,D-CFG,3
D-CFG-0015v202,o200k_base,toke,53,134,D-CFG,3
D-CFG-0015v214,o200k_base,toke,103,270,D-CFG,3
D-CFG-0015v224,o200k_base,toke,91,220,D-CFG,3
D-CFG-0015v233,o200k_base,toke,104,260,D-CFG,3
D-CFG-0015v248,o200k_base,toke,110,261,D-CFG,3
D-CFG-0015v275,o200k_base,toke,110,286,D-CFG,3
D-CFG-0015v298,o200k_base,toke,123,323,D-CFG,3
D-CFG-0015v324,o200k_base,toke,112,284,D-CFG,3
D-CFG-0016v137,o200k_base,toke,116,274,D-CFG,2
D-CFG-0016v176,o200k_base,toke,64,170,D-CFG,2
D-CFG-0016v215,o200k_base,toke,130,356,D-CFG,2
D-CFG-0016v232,o200k_base,toke,93,235,D-CFG,2
D-CFG-0016v313,o200k_base,toke,75,195,D-CFG,2
D-CFG-0016v349,o200k_base,toke,75,213,D-CFG,2
D-CFG-0017v166,o200k_base,toke,86,201,D-CFG,2
D-CFG-0017v201,o200k_base,toke,73,158,D-CFG,2
D-CFG-0017v324,o200k_base,toke,90,214,D-CFG,2
D-CFG-0017v35,o200k_base,toke,83,201,D-CFG,2
D-CFG-0017v47,o200k_base,toke,71,219,D-CFG,2
D-CFG-0018v113,o200k_base,toke,77,183,D-CFG,2
D-CFG-0018v129,o200k_base,toke,92,256,D-CFG,2
D-CFG-0018v200,o200k_base,toke,69,169,D-CFG,2
D-CFG-0019v120,o200k_base,toke,111,315,D-CFG,2
D-CFG-0019v150,o200k_base,toke,118,316,D-CFG,2
D-CFG-0019v153,o200k_base,toke,117,267,D-CFG,2
D-CFG-0019v260,o200k_base,toke,114,324,D-CFG,2
D-CFG-0019v305,o200k_base,toke,128,288,D-CFG,2
D-CFG-0019v7,o200k_base,toke,107,310,D-CFG,2
D-CLI-0001v178,o200k_base,toke,136,336,D-CLI,2
D-CLI-0001v225,o200k_base,toke,138,361,D-CLI,2
D-CLI-0001v264,o200k_base,toke,123,324,D-CLI,2
D-CLI-0001v30,o200k_base,toke,128,340,D-CLI,2
D-CLI-0001v37,o200k_base,toke,130,316,D-CLI,2
D-CLI-0001v89,o200k_base,toke,127,305,D-CLI,2
D-CLI-0002v10,o200k_base,toke,118,285,D-CLI,2
D-CLI-0002v175,o200k_base,toke,117,297,D-CLI,2
D-CLI-0002v46,o200k_base,toke,152,377,D-CLI,2
D-CLI-0002v49,o200k_base,toke,115,283,D-CLI,2
D-CLI-0002v64,o200k_base,toke,112,273,D-CLI,2
D-CLI-0002v88,o200k_base,toke,116,278,D-CLI,2
D-CLI-0003v153,o200k_base,toke,119,299,D-CLI,2
D-CLI-0003v161,o200k_base,toke,121,297,D-CLI,2
D-CLI-0003v216,o200k_base,toke,122,333,D-CLI,2
D-CLI-0003v46,o200k_base,toke,144,365,D-CLI,2
D-CLI-0003v6,o200k_base,toke,150,383,D-CLI,2
D-CLI-0003v65,o200k_base,toke,118,275,D-CLI,2
D-CLI-0004v171,o200k_base,toke,151,393,D-CLI,2
D-CLI-0004v244,o200k_base,toke,210,545,D-CLI,2
D-CLI-0004v93,o200k_base,toke,187,452,D-CLI,2
D-CLI-0005v210,o200k_base,toke,113,310,D-CLI,2
D-CLI-0005v224,o200k_base,toke,112,293,D-CLI,2
D-CLI-0005v260,o200k_base,toke,117,295,D-CLI,2
D-CLI-0005v285,o200k_base,toke,96,262,D-CLI,2
D-CLI-0006v1,o200k_base,toke,102,254,D-CLI,2
D-CLI-0006v106,o200k_base,toke,101,258,D-CLI,2
D-CLI-0006v224,o200k_base,toke,81,209,D-CLI,2
D-CLI-0006v285,o200k_base,toke,77,201,D-CLI,2
D-CLI-0006v62,o200k_base,toke,133,320,D-CLI,2
D-CLI-0006v83,o200k_base,toke,77,205,D-CLI,2
D-CLI-0007v133,o200k_base,toke,68,191,D-CLI,2
D-CLI-0007v180,o200k_base,toke,92,268,D-CLI,2
D-CLI-0007v192,o200k_base,toke,75,221,D-CLI,2
D-CLI-0007v246,o200k_base,toke,92,260,D-CLI,2
D-CLI-0007v266,o200k_base,toke,68,189,D-CLI,2
D-CLI-0007v276,o200k_base,toke,91,266,D-CLI,2
D-CLI-0007v43,o200k_base,toke,84,242,D-CLI,2
D-CLI-0007v8,o200k_base,toke,100,246,D-CLI,2
D-CLI-0008v246,o200k_base,toke,95,260,D-CLI,2
D-CLI-0008v62,o200k_base,toke,106,280,D-CLI,2
D-CLI-0009v135,o200k_base,toke,106,253,D-CLI,3
D-CLI-0009v157,o200k_base,toke,145,311,D-CLI,3
D-CLI-0009v227,o200k_base,toke,111,254,D-CLI,3
D-CLI-0009v31,o200k_base,toke,127,302,D-CLI,3
D-CLI-0009v92,o200k_base,toke,98,243,D-CLI,3
D-CLI-0010v127,o200k_base,toke,108,265,D-CLI,3
D-CLI-0010v153,o200k_base,toke,142,320,D-CLI,3
D-CLI-0010v209,o200k_base,toke,135,323,D-CLI,3
D-CLI-0010v24,o200k_base,toke,95,238,D-CLI,3
D-CLI-0011v217,o200k_base,toke,83,191,D-CLI,3
D-CLI-0011v74,o200k_base,toke,158,380,D-CLI,3
D-CLI-0012v190,o200k_base,toke,295,744,D-CLI,3
D-CLI-0012v203,o200k_base,toke,194,459,D-CLI,3
D-CLI-0012v24,o200k_base,toke,152,386,D-CLI,3
D-CLI-0013v253,o200k_base,toke,122,295,D-CLI,3
D-CLI-0013v267,o200k_base,toke,171,383,D-CLI,3
D-CLI-0013v38,o200k_base,toke,146,341,D-CLI,3
D-CLI-0013v68,o200k_base,toke,156,397,D-CLI,3
D-CLI-0014v22,o200k_base,toke,96,222,D-CLI,3
D-CLI-0014v223,o200k_base,toke,101,213,D-CLI,3
D-CLI-0015v116,o200k_base,toke,97,244,D-CLI,3
D-CLI-0015v135,o200k_base,toke,103,237,D-CLI,3
D-CLI-0015v206,o200k_base,toke,96,224,D-CLI,3
D-CLI-0015v41,o200k_base,toke,113,232,D-CLI,3
D-CLI-0015v47,o200k_base,toke,89,221,D-CLI,3
D-CLI-0015v84,o200k_base,toke,92,231,D-CLI,3
D-CLI-0016v117,o200k_base,toke,116,278,D-CLI,2
D-CLI-0016v145,o200k_base,toke,71,159,D-CLI,2
D-CLI-0016v162,o200k_base,toke,71,167,D-CLI,2
D-CLI-0016v243,o200k_base,toke,47,111,D-CLI,2
D-CLI-0016v264,o200k_base,toke,70,166,D-CLI,2
D-CLI-0017v105,o200k_base,toke,85,211,D-CLI,2
D-CLI-0017v172,o200k_base,toke,65,171,D-CLI,2
D-CLI-0017v5,o200k_base,toke,30,64,D-CLI,2
D-CLI-0018,o200k_base,toke,54,135,D-CLI,2
D-CLI-0018v242,o200k_base,toke,68,161,D-CLI,2
D-CLI-0018v25,o200k_base,toke,73,191,D-CLI,2
D-CLI-0018v74,o200k_base,toke,67,172,D-CLI,2
D-CLI-0018v96,o200k_base,toke,63,165,D-CLI,2
D-CLI-0019v182,o200k_base,toke,123,309,D-CLI,2
D-CLI-0019v193,o200k_base,toke,132,327,D-CLI,2
D-CLI-0019v241,o200k_base,toke,175,441,D-CLI,2
D-CLI-0019v261,o200k_base,toke,131,338,D-CLI,2
D-CLI-0019v72,o200k_base,toke,139,368,D-CLI,2
D-CLI-0019v85,o200k_base,toke,177,474,D-CLI,2
D-CLI-0019v86,o200k_base,toke,124,313,D-CLI,2
D-CLI-0019v9,o200k_base,toke,139,330,D-CLI,2
D-CLI-0019v93,o200k_base,toke,146,382,D-CLI,2
D-CLI-0020v115,o200k_base,toke,74,174,D-CLI,1
D-CLI-0021v119,o200k_base,toke,74,182,D-CLI,1
D-CLI-0021v129,o200k_base,toke,78,191,D-CLI,1
D-CLI-0021v148,o200k_base,toke,83,208,D-CLI,1
D-CLI-0021v151,o200k_base,toke,70,186,D-CLI,1
D-CLI-0021v178,o200k_base,toke,72,171,D-CLI,1
D-CLI-0021v182,o200k_base,toke,75,174,D-CLI,1
D-CLI-0021v200,o200k_base,toke,64,149,D-CLI,1
D-CLI-0021v264,o200k_base,toke,75,202,D-CLI,1
D-CLI-0021v285,o200k_base,toke,77,204,D-CLI,1
D-CLI-0021v72,o200k_base,toke,43,100,D-CLI,1
D-CLI-0021v77,o200k_base,toke,75,188,D-CLI,1
D-CLI-0022v1,o200k_base,toke,86,211,D-CLI,1
D-CLI-0022v140,o200k_base,toke,121,320,D-CLI,1
D-CLI-0022v188,o200k_base,toke,123,301,D-CLI,1
D-CLI-0022v195,o200k_base,toke,109,268,D-CLI,1
D-CLI-0022v241,o200k_base,toke,113,269,D-CLI,1
D-CLI-0022v261,o200k_base,toke,104,269,D-CLI,1
D-CLI-0022v66,o200k_base,toke,86,209,D-CLI,1
D-CLI-0022v91,o200k_base,toke,112,317,D-CLI,1
D-CLI-0023v13,o200k_base,toke,66,196,D-CLI,1
D-CLI-0023v171,o200k_base,toke,69,209,D-CLI,1
D-CLI-0023v210,o200k_base,toke,71,201,D-CLI,1
D-CLI-0023v27,o200k_base,toke,63,161,D-CLI,1
D-CLI-0023v272,o200k_base,toke,57,177,D-CLI,1
D-CLI-0023v45,o200k_base,toke,57,176,D-CLI,1
D-CLI-0023v49,o200k_base,toke,62,171,D-CLI,1
D-CLI-0024v104,o200k_base,toke,58,141,D-CLI,1
D-CLI-0024v127,o200k_base,toke,55,135,D-CLI,1
D-CLI-0024v128,o200k_base,toke,59,131,D-CLI,1
D-CLI-0024v170,o200k_base,toke,63,151,D-CLI,1
D-CLI-0024v198,o200k_base,toke,59,151,D-CLI,1
D-CLI-0024v228,o200k_base,toke,69,173,D-CLI,1
D-CRY-0001v103,o200k_base,toke,111,273,D-CRY,2
D-CRY-0001v149,o200k_base,toke,99,237,D-CRY,2
D-CRY-0001v181,o200k_base,toke,231,458,D-CRY,2
D-CRY-0001v184,o200k_base,toke,246,491,D-CRY,2
D-CRY-0001v225,o200k_base,toke,232,469,D-CRY,2
D-CRY-0001v231,o200k_base,toke,161,340,D-CRY,2
D-CRY-0001v71,o200k_base,toke,134,326,D-CRY,2
D-CRY-0002v249,o200k_base,toke,166,318,D-CRY,2
D-CRY-0002v95,o200k_base,toke,108,223,D-CRY,2
D-CRY-0003v104,o200k_base,toke,156,378,D-CRY,2
D-CRY-0003v22,o200k_base,toke,142,278,D-CRY,2
D-CRY-0003v243,o200k_base,toke,108,274,D-CRY,2
D-CRY-0003v261,o200k_base,toke,138,347,D-CRY,2
D-CRY-0003v35,o200k_base,toke,154,305,D-CRY,2
D-CRY-0003v79,o200k_base,toke,96,240,D-CRY,2
D-CRY-0003v87,o200k_base,toke,79,209,D-CRY,2
D-CRY-0003v95,o200k_base,toke,134,272,D-CRY,2
D-CRY-0004v128,o200k_base,toke,69,197,D-CRY,2
D-CRY-0004v139,o200k_base,toke,169,418,D-CRY,2
D-CRY-0004v187,o200k_base,toke,152,379,D-CRY,2
D-CRY-0004v196,o200k_base,toke,103,237,D-CRY,2
D-CRY-0004v61,o200k_base,toke,174,381,D-CRY,2
D-CRY-0004v62,o200k_base,toke,83,189,D-CRY,2
D-CRY-0004v65,o200k_base,toke,86,233,D-CRY,2
D-CRY-0005v101,o200k_base,toke,133,309,D-CRY,2
D-CRY-0005v181,o200k_base,toke,81,186,D-CRY,2
D-CRY-0005v227,o200k_base,toke,105,276,D-CRY,2
D-CRY-0005v239,o200k_base,toke,94,224,D-CRY,2
D-CRY-0005v261,o200k_base,toke,76,161,D-CRY,2
D-CRY-0005v88,o200k_base,toke,81,177,D-CRY,2
D-CRY-0005v99,o200k_base,toke,153,394,D-CRY,2
D-CRY-0006v176,o200k_base,toke,140,366,D-CRY,2
D-CRY-0006v223,o200k_base,toke,210,522,D-CRY,2
D-CRY-0006v233,o200k_base,toke,150,346,D-CRY,2
D-CRY-0006v258,o200k_base,toke,106,261,D-CRY,2
D-CRY-0006v276,o200k_base,toke,136,294,D-CRY,2
D-CRY-0006v39,o200k_base,toke,88,205,D-CRY,2
D-CRY-0006v76,o200k_base,toke,116,253,D-CRY,2
D-CRY-0007v108,o200k_base,toke,123,291,D-CRY,2
D-CRY-0007v279,o200k_base,toke,117,295,D-CRY,2
D-CRY-0008v115,o200k_base,toke,153,361,D-CRY,2
D-CRY-0008v147,o200k_base,toke,157,367,D-CRY,2
D-CRY-0008v241,o200k_base,toke,110,224,D-CRY,2
D-CRY-0008v250,o200k_base,toke,152,355,D-CRY,2
D-CRY-0009v111,o200k_base,toke,98,211,D-CRY,2
D-CRY-0009v129,o200k_base,toke,98,207,D-CRY,2
D-CRY-0009v145,o200k_base,toke,101,190,D-CRY,2
D-CRY-0009v18,o200k_base,toke,98,207,D-CRY,2
D-CRY-0009v275,o200k_base,toke,119,236,D-CRY,2
D-CRY-0009v89,o200k_base,toke,97,183,D-CRY,2
D-CRY-0009v90,o200k_base,toke,97,226,D-CRY,2
D-CRY-0010v126,o200k_base,toke,77,205,D-CRY,2
D-CRY-0010v157,o200k_base,toke,66,161,D-CRY,2
D-CRY-0010v182,o200k_base,toke,100,255,D-CRY,2
D-CRY-0010v189,o200k_base,toke,74,154,D-CRY,2
D-CRY-0010v229,o200k_base,toke,71,175,D-CRY,2
D-CRY-0010v64,o200k_base,toke,70,179,D-CRY,2
D-CRY-0011v101,o200k_base,toke,95,255,D-CRY,2
D-CRY-0011v155,o200k_base,toke,95,235,D-CRY,2
D-CRY-0011v176,o200k_base,toke,134,340,D-CRY,2
D-CRY-0011v255,o200k_base,toke,103,284,D-CRY,2
D-CRY-0011v52,o200k_base,toke,121,338,D-CRY,2
D-CRY-0011v79,o200k_base,toke,95,243,D-CRY,2
D-CRY-0012v189,o200k_base,toke,83,177,D-CRY,2
D-CRY-0012v20,o200k_base,toke,125,329,D-CRY,2
D-CRY-0012v209,o200k_base,toke,112,300,D-CRY,2
D-CRY-0012v211,o200k_base,toke,133,367,D-CRY,2
D-CRY-0012v234,o200k_base,toke,93,232,D-CRY,2
D-CRY-0012v269,o200k_base,toke,82,182,D-CRY,2
D-CRY-0012v282,o200k_base,toke,97,220,D-CRY,2
D-CRY-0012v45,o200k_base,toke,80,167,D-CRY,2
D-CRY-0012v98,o200k_base,toke,92,206,D-CRY,2
D-CRY-0013v101,o200k_base,toke,93,232,D-CRY,2
D-CRY-0013v116,o200k_base,toke,130,339,D-CRY,2
D-CRY-0013v128,o200k_base,toke,95,213,D-CRY,2
D-CRY-0013v190,o200k_base,toke,93,253,D-CRY,2
D-CRY-0013v248,o200k_base,toke,95,266,D-CRY,2
D-CRY-0013v265,o200k_base,toke,90,195,D-CRY,2
D-CRY-0013v59,o200k_base,toke,95,248,D-CRY,2
D-CRY-0013v85,o200k_base,toke,82,173,D-CRY,2
D-CRY-0014v105,o200k_base,toke,129,273,D-CRY,3
D-CRY-0014v117,o200k_base,toke,92,251,D-CRY,3
D-CRY-0014v146,o200k_base,toke,133,279,D-CRY,3
D-CRY-0014v187,o200k_base,toke,99,279,D-CRY,3
D-CRY-0014v47,o200k_base,toke,116,307,D-CRY,3
D-CRY-0014v60,o200k_base,toke,98,261,D-CRY,3
D-CRY-0014v94,o200k_base,toke,124,263,D-CRY,3
D-CRY-0015v108,o200k_base,toke,132,281,D-CRY,3
D-CRY-0015v202,o200k_base,toke,129,273,D-CRY,3
D-CRY-0015v213,o200k_base,toke,123,323,D-CRY,3
D-CRY-0015v243,o200k_base,toke,101,273,D-CRY,3
D-CRY-0015v245,o200k_base,toke,102,270,D-CRY,3
D-CRY-0015v35,o200k_base,toke,99,262,D-CRY,3
D-CRY-0015v62,o200k_base,toke,158,356,D-CRY,3
D-CRY-0016v16,o200k_base,toke,91,199,D-CRY,3
D-CRY-0016v183,o200k_base,toke,92,209,D-CRY,3
D-CRY-0016v200,o200k_base,toke,96,205,D-CRY,3
D-CRY-0016v212,o200k_base,toke,104,248,D-CRY,3
D-CRY-0016v264,o200k_base,toke,93,187,D-CRY,3
D-CRY-0016v278,o200k_base,toke,96,181,D-CRY,3
D-CRY-0016v53,o200k_base,toke,97,216,D-CRY,3
D-CRY-0016v6,o200k_base,toke,92,190,D-CRY,3
D-CRY-0017v104,o200k_base,toke,82,194,D-CRY,3
D-CRY-0017v135,o200k_base,toke,82,204,D-CRY,3
D-CRY-0017v78,o200k_base,toke,90,214,D-CRY,3
D-CRY-0017v95,o200k_base,toke,97,234,D-CRY,3
D-CRY-0018v112,o200k_base,toke,90,195,D-CRY,3
D-CRY-0018v197,o200k_base,toke,100,209,D-CRY,3
D-CRY-0018v249,o200k_base,toke,131,260,D-CRY,3
D-CRY-0018v42,o200k_base,toke,126,264,D-CRY,3
D-CRY-0019v10,o200k_base,toke,116,243,D-CRY,3
D-CRY-0019v121,o200k_base,toke,118,220,D-CRY,3
D-CRY-0019v246,o200k_base,toke,117,267,D-CRY,3
D-CRY-0020v180,o200k_base,toke,98,196,D-CRY,3
D-CRY-0020v214,o200k_base,toke,148,294,D-CRY,3
D-CRY-0021v116,o200k_base,toke,105,245,D-CRY,3
D-CRY-0021v51,o200k_base,toke,98,198,D-CRY,3
D-CRY-0021v86,o200k_base,toke,85,188,D-CRY,3
D-CRY-0022v105,o200k_base,toke,89,187,D-CRY,3
D-CRY-0022v138,o200k_base,toke,115,247,D-CRY,3
D-CRY-0022v244,o200k_base,toke,109,222,D-CRY,3
D-CRY-0022v99,o200k_base,toke,91,221,D-CRY,3
D-CRY-0023v39,o200k_base,toke,109,252,D-CRY,3
D-CRY-0023v76,o200k_base,toke,120,294,D-CRY,3
D-CRY-0023v99,o200k_base,toke,111,266,D-CRY,3
D-CRY-0024v180,o200k_base,toke,113,272,D-CRY,3
D-CRY-0024v250,o200k_base,toke,143,315,D-CRY,3
D-CRY-0024v283,o200k_base,toke,100,201,D-CRY,3
D-DAT-0001v181,o200k_base,toke,77,225,D-DAT,2
D-DAT-0001v204,o200k_base,toke,76,182,D-DAT,2
D-DAT-0001v231,o200k_base,toke,70,164,D-DAT,2
D-DAT-0001v99,o200k_base,toke,90,212,D-DAT,2
D-DAT-0002v113,o200k_base,toke,94,235,D-DAT,2
D-DAT-0002v139,o200k_base,toke,103,284,D-DAT,2
D-DAT-0002v149,o200k_base,toke,62,162,D-DAT,2
D-DAT-0002v220,o200k_base,toke,91,228,D-DAT,2
D-DAT-0002v239,o200k_base,toke,67,188,D-DAT,2
D-DAT-0002v260,o200k_base,toke,116,309,D-DAT,2
D-DAT-0002v57,o200k_base,toke,81,200,D-DAT,2
D-DAT-0002v68,o200k_base,toke,95,259,D-DAT,2
D-DAT-0003v116,o200k_base,toke,119,281,D-DAT,2
D-DAT-0003v120,o200k_base,toke,129,313,D-DAT,2
D-DAT-0003v132,o200k_base,toke,110,249,D-DAT,2
D-DAT-0003v166,o200k_base,toke,177,432,D-DAT,2
D-DAT-0003v260,o200k_base,toke,133,353,D-DAT,2
D-DAT-0003v44,o200k_base,toke,123,281,D-DAT,2
D-DAT-0003v91,o200k_base,toke,100,260,D-DAT,2
D-DAT-0004v1,o200k_base,toke,122,290,D-DAT,2
D-DAT-0004v110,o200k_base,toke,185,484,D-DAT,2
D-DAT-0004v192,o200k_base,toke,201,531,D-DAT,2
D-DAT-0004v211,o200k_base,toke,114,288,D-DAT,2
D-DAT-0004v217,o200k_base,toke,111,266,D-DAT,2
D-DAT-0004v227,o200k_base,toke,207,545,D-DAT,2
D-DAT-0004v88,o200k_base,toke,205,550,D-DAT,2
D-DAT-0005v117,o200k_base,toke,101,231,D-DAT,2
D-DAT-0005v146,o200k_base,toke,119,254,D-DAT,2
D-DAT-0005v155,o200k_base,toke,89,186,D-DAT,2
D-DAT-0005v184,o200k_base,toke,108,265,D-DAT,2
D-DAT-0005v228,o200k_base,toke,100,217,D-DAT,2
D-DAT-0005v237,o200k_base,toke,91,188,D-DAT,2
D-DAT-0005v44,o200k_base,toke,97,206,D-DAT,2
D-DAT-0005v53,o200k_base,toke,88,180,D-DAT,2
D-DAT-0006v103,o200k_base,toke,108,231,D-DAT,2
D-DAT-0006v225,o200k_base,toke,105,208,D-DAT,2
D-DAT-0006v242,o200k_base,toke,118,264,D-DAT,2
D-DAT-0006v255,o200k_base,toke,119,271,D-DAT,2
D-DAT-0007v175,o200k_base,toke,183,450,D-DAT,2
D-DAT-0007v232,o200k_base,toke,133,301,D-DAT,2
D-DAT-0007v233,o200k_base,toke,110,236,D-DAT,2
D-DAT-0007v37,o200k_base,toke,132,312,D-DAT,2
D-DAT-0008v127,o200k_base,toke,130,290,D-DAT,2
D-DAT-0008v14,o200k_base,toke,124,266,D-DAT,2
D-DAT-0008v243,o200k_base,toke,141,317,D-DAT,2
D-DAT-0008v258,o200k_base,toke,128,308,D-DAT,2
D-DAT-0008v39,o200k_base,toke,110,250,D-DAT,2
D-DAT-0009v175,o200k_base,toke,119,302,D-DAT,2
D-DAT-0009v221,o200k_base,toke,110,299,D-DAT,2
D-DAT-0009v235,o200k_base,toke,95,189,D-DAT,2
D-DAT-0009v263,o200k_base,toke,96,200,D-DAT,2
D-DAT-0009v52,o200k_base,toke,144,401,D-DAT,2
D-DAT-0009v62,o200k_base,toke,174,405,D-DAT,2
D-DAT-0010v170,o200k_base,toke,213,475,D-DAT,3
D-DAT-0010v223,o200k_base,toke,183,433,D-DAT,3
D-DAT-0010v43,o200k_base,toke,102,211,D-DAT,3
D-DAT-0011v131,o200k_base,toke,101,219,D-DAT,3
D-DAT-0011v160,o200k_base,toke,96,219,D-DAT,3
D-DAT-0011v177,o200k_base,toke,196,498,D-DAT,3
D-DAT-0011v3,o200k_base,toke,199,469,D-DAT,3
D-DAT-0011v37,o200k_base,toke,183,444,D-DAT,3
D-DAT-0012v134,o200k_base,toke,166,395,D-DAT,3
D-DAT-0012v3,o200k_base,toke,95,203,D-DAT,3
D-DAT-0012v80,o200k_base,toke,94,192,D-DAT,3
D-DAT-0013v129,o200k_base,toke,100,218,D-DAT,3
D-DAT-0013v143,o200k_base,toke,177,414,D-DAT,3
D-DAT-0013v264,o200k_base,toke,98,209,D-DAT,3
D-DAT-0013v48,o200k_base,toke,156,377,D-DAT,3
D-DAT-0014v116,o200k_base,toke,121,279,D-DAT,3
D-DAT-0014v175,o200k_base,toke,210,536,D-DAT,3
D-DAT-0014v245,o200k_base,toke,189,461,D-DAT,3
D-DAT-0014v261,o200k_base,toke,108,246,D-DAT,3
D-DAT-0014v46,o200k_base,toke,108,233,D-DAT,3
D-DAT-0015v100,o200k_base,toke,203,558,D-DAT,3
D-DAT-0015v127,o200k_base,toke,129,311,D-DAT,3
D-DAT-0015v81,o200k_base,toke,139,308,D-DAT,3
D-DAT-0016v201,o200k_base,toke,84,217,D-DAT,3
D-DAT-0016v21,o200k_base,toke,93,231,D-DAT,3
D-DAT-0016v65,o200k_base,toke,83,212,D-DAT,3
D-DAT-0017v109,o200k_base,toke,87,198,D-DAT,3
D-DAT-0017v26,o200k_base,toke,110,261,D-DAT,3
D-DAT-0018v149,o200k_base,toke,93,199,D-DAT,3
D-DAT-0018v212,o200k_base,toke,92,213,D-DAT,3
D-DAT-0018v236,o200k_base,toke,94,209,D-DAT,3
D-DAT-0018v253,o200k_base,toke,100,215,D-DAT,3
D-DAT-0019v148,o200k_base,toke,207,506,D-DAT,3
D-DAT-0019v151,o200k_base,toke,201,489,D-DAT,3
D-DAT-0019v217,o200k_base,toke,182,480,D-DAT,3
D-DAT-0019v76,o200k_base,toke,222,564,D-DAT,3
D-DAT-0020v170,o200k_base,toke,100,236,D-DAT,3
D-DAT-0020v59,o200k_base,toke,98,223,D-DAT,3
D-DAT-0020v83,o200k_base,toke,198,509,D-DAT,3
D-DAT-0020v91,o200k_base,toke,167,388,D-DAT,3
D-DAT-0021v125,o200k_base,toke,128,383,D-DAT,3
D-DAT-0021v155,o200k_base,toke,133,332,D-DAT,3
D-DAT-0021v162,o200k_base,toke,132,381,D-DAT,3
D-DAT-0021v172,o200k_base,toke,154,391,D-DAT,3
D-DAT-0021v226,o200k_base,toke,131,341,D-DAT,3
D-DAT-0021v60,o200k_base,toke,177,469,D-DAT,3
D-DAT-0022v123,o200k_base,toke,165,449,D-DAT,2
D-DAT-0022v125,o200k_base,toke,95,222,D-DAT,2
D-DAT-0022v173,o200k_base,toke,184,456,D-DAT,2
D-DAT-0022v186,o200k_base,toke,194,467,D-DAT,2
D-DAT-0022v204,o200k_base,toke,166,432,D-DAT,2
D-DAT-0022v205,o200k_base,toke,173,438,D-DAT,2
D-DAT-0022v206,o200k_base,toke,169,444,D-DAT,2
D-DAT-0022v250,o200k_base,toke,188,465,D-DAT,2
D-DAT-0022v251,o200k_base,toke,186,456,D-DAT,2
D-DAT-0022v60,o200k_base,toke,212,536,D-DAT,2
D-DAT-0023v104,o200k_base,toke,165,408,D-DAT,2
D-DAT-0023v223,o200k_base,toke,183,444,D-DAT,2
D-DAT-0023v53,o200k_base,toke,173,416,D-DAT,2
D-DAT-0023v66,o200k_base,toke,166,401,D-DAT,2
D-DAT-0024v141,o200k_base,toke,177,455,D-DAT,2
D-DAT-0024v17,o200k_base,toke,101,222,D-DAT,2
D-DAT-0024v220,o200k_base,toke,202,543,D-DAT,2
D-DAT-0024v224,o200k_base,toke,166,390,D-DAT,2
D-DAT-0024v40,o200k_base,toke,94,210,D-DAT,2
D-DAT-0024v72,o200k_base,toke,93,227,D-DAT,2
D-DAT-0024v76,o200k_base,toke,179,431,D-DAT,2
D-DAT-0025v137,o200k_base,toke,190,469,D-DAT,2
D-DAT-0025v199,o200k_base,toke,100,237,D-DAT,2
D-DAT-0025v206,o200k_base,toke,131,325,D-DAT,2
D-DAT-0025v219,o200k_base,toke,177,463,D-DAT,2
D-DAT-0025v237,o200k_base,toke,98,220,D-DAT,2
D-DAT-0025v4,o200k_base,toke,194,519,D-DAT,2
D-DAT-0025v75,o200k_base,toke,190,520,D-DAT,2
D-DAT-0025v82,o200k_base,toke,105,256,D-DAT,2
D-DAT-0025v92,o200k_base,toke,106,258,D-DAT,2
D-DAT-0026v172,o200k_base,toke,198,510,D-DAT,2
D-DAT-0026v236,o200k_base,toke,198,510,D-DAT,2
D-DAT-0026v262,o200k_base,toke,130,298,D-DAT,2
D-DAT-0026v68,o200k_base,toke,208,551,D-DAT,2
D-DAT-0026v99,o200k_base,toke,175,434,D-DAT,2
D-FIO-0001v100,o200k_base,toke,73,215,D-FIO,2
D-FIO-0001v149,o200k_base,toke,80,211,D-FIO,2
D-FIO-0001v155,o200k_base,toke,90,267,D-FIO,2
D-FIO-0001v221,o200k_base,toke,72,212,D-FIO,2
D-FIO-0001v250,o200k_base,toke,96,238,D-FIO,2
D-FIO-0001v262,o200k_base,toke,86,208,D-FIO,2
D-FIO-0001v372,o200k_base,toke,135,343,D-FIO,2
D-FIO-0001v4,o200k_base,toke,129,296,D-FIO,2
D-FIO-0002,o200k_base,toke,66,198,D-FIO,2
D-FIO-0002v158,o200k_base,toke,88,204,D-FIO,2
D-FIO-0002v171,o200k_base,toke,92,230,D-FIO,2
D-FIO-0002v260,o200k_base,toke,77,231,D-FIO,2
D-FIO-0002v362,o200k_base,toke,73,209,D-FIO,2
D-FIO-0003v106,o200k_base,toke,124,316,D-FIO,2
D-FIO-0003v139,o200k_base,toke,124,315,D-FIO,2
D-FIO-0003v167,o200k_base,toke,150,361,D-FIO,2
D-FIO-0003v250,o200k_base,toke,126,306,D-FIO,2
D-FIO-0003v345,o200k_base,toke,143,381,D-FIO,2
D-FIO-0003v42,o200k_base,toke,136,329,D-FIO,2
D-FIO-0003v97,o200k_base,toke,135,339,D-FIO,2
D-FIO-0004v110,o200k_base,toke,175,429,D-FIO,2
D-FIO-0004v19,o200k_base,toke,113,330,D-FIO,2
D-FIO-0004v252,o200k_base,toke,103,284,D-FIO,2
D-FIO-0004v340,o200k_base,toke,125,359,D-FIO,2
D-FIO-0004v67,o200k_base,toke,150,388,D-FIO,2
D-FIO-0005v134,o200k_base,toke,125,304,D-FIO,2
D-FIO-0005v241,o200k_base,toke,128,338,D-FIO,2
D-FIO-0005v249,o200k_base,toke,132,309,D-FIO,2
D-FIO-0005v257,o200k_base,toke,133,315,D-FIO,2
D-FIO-0005v275,o200k_base,toke,118,327,D-FIO,2
D-FIO-0005v281,o200k_base,toke,136,319,D-FIO,2
D-FIO-0005v284,o200k_base,toke,115,286,D-FIO,2
D-FIO-0005v346,o200k_base,toke,112,303,D-FIO,2
D-FIO-0005v348,o200k_base,toke,120,304,D-FIO,2
D-FIO-0005v8,o200k_base,toke,145,350,D-FIO,2
D-FIO-0006v119,o200k_base,toke,61,159,D-FIO,2
D-FIO-0006v207,o200k_base,toke,80,218,D-FIO,2
D-FIO-0006v312,o200k_base,toke,66,175,D-FIO,2
D-FIO-0006v78,o200k_base,toke,99,231,D-FIO,2
D-FIO-0007v170,o200k_base,toke,116,298,D-FIO,2
D-FIO-0007v190,o200k_base,toke,100,244,D-FIO,2
D-FIO-0007v193,o200k_base,toke,120,332,D-FIO,2
D-FIO-0007v225,o200k_base,toke,119,312,D-FIO,2
D-FIO-0007v258,o200k_base,toke,111,314,D-FIO,2
D-FIO-0007v261,o200k_base,toke,104,300,D-FIO,2
D-FIO-0007v306,o200k_base,toke,121,339,D-FIO,2
D-FIO-0007v309,o200k_base,toke,99,288,D-FIO,2
D-FIO-0007v318,o200k_base,toke,111,274,D-FIO,2
D-FIO-0007v61,o200k_base,toke,106,302,D-FIO,2
D-FIO-0008v109,o200k_base,toke,169,387,D-FIO,2
D-FIO-0008v115,o200k_base,toke,138,363,D-FIO,2
D-FIO-0008v189,o200k_base,toke,106,295,D-FIO,2
D-FIO-0008v202,o200k_base,toke,136,376,D-FIO,2
D-FIO-0008v290,o200k_base,toke,134,375,D-FIO,2
D-FIO-0008v296,o200k_base,toke,114,279,D-FIO,2
D-FIO-0008v325,o200k_base,toke,153,390,D-FIO,2
D-FIO-0008v39,o200k_base,toke,140,329,D-FIO,2
D-FIO-0008v93,o200k_base,toke,133,358,D-FIO,2
D-FIO-0009v265,o200k_base,toke,71,195,D-FIO,2
D-FIO-0010v113,o200k_base,toke,110,268,D-FIO,2
D-FIO-0010v119,o200k_base,toke,152,437,D-FIO,2
D-FIO-0010v196,o200k_base,toke,96,269,D-FIO,2
D-FIO-0010v208,o200k_base,toke,76,203,D-FIO,2
D-FIO-0010v284,o200k_base,toke,93,237,D-FIO,2
D-FIO-0010v292,o200k_base,toke,97,269,D-FIO,2
D-FIO-0010v33,o200k_base,toke,92,227,D-FIO,2
D-FIO-0010v54,o200k_base,toke,106,269,D-FIO,2
D-FIO-0010v94,o200k_base,toke,99,253,D-FIO,2
D-FIO-0012v14,o200k_base,toke,70,203,D-FIO,2
D-FIO-0012v229,o200k_base,toke,69,188,D-FIO,2
D-FIO-0012v241,o200k_base,toke,89,205,D-FIO,2
D-FIO-0012v252,o200k_base,toke,69,210,D-FIO,2
D-FIO-0012v279,o200k_base,toke,71,209,D-FIO,2
D-FIO-0012v74,o200k_base,toke,74,174,D-FIO,2
D-FIO-0012v75,o200k_base,toke,83,241,D-FIO,2
D-FIO-0013v115,o200k_base,toke,103,255,D-FIO,2
D-FIO-0013v298,o200k_base,toke,118,330,D-FIO,2
D-FIO-0013v356,o200k_base,toke,103,298,D-FIO,2
D-FIO-0013v41,o200k_base,toke,112,283,D-FIO,2
D-FIO-0014v185,o200k_base,toke,118,286,D-FIO,2
D-FIO-0014v230,o200k_base,toke,124,314,D-FIO,2
D-FIO-0014v28,o200k_base,toke,91,248,D-FIO,2
D-FIO-0014v297,o200k_base,toke,117,279,D-FIO,2
D-FIO-0015v219,o200k_base,toke,116,274,D-FIO,2
D-FIO-0015v326,o200k_base,toke,119,289,D-FIO,2
D-FIO-0016v125,o200k_base,toke,100,233,D-FIO,2
D-FIO-0016v189,o200k_base,toke,93,213,D-FIO,2
D-FIO-0016v255,o200k_base,toke,104,259,D-FIO,2
D-FIO-0016v284,o200k_base,toke,96,241,D-FIO,2
D-FIO-0016v338,o200k_base,toke,114,282,D-FIO,2
D-FIO-0016v73,o200k_base,toke,64,127,D-FIO,2
D-FIO-0017v111,o200k_base,toke,103,280,D-FIO,2
D-FIO-0017v114,o200k_base,toke,96,258,D-FIO,2
D-FIO-0017v15,o200k_base,toke,82,221,D-FIO,2
D-FIO-0017v204,o200k_base,toke,113,304,D-FIO,2
D-FIO-0017v218,o200k_base,toke,108,281,D-FIO,2
D-FIO-0017v230,o200k_base,toke,98,264,D-FIO,2
D-FIO-0017v252,o200k_base,toke,103,261,D-FIO,2
D-FIO-0017v260,o200k_base,toke,106,290,D-FIO,2
D-FIO-0017v284,o200k_base,toke,84,221,D-FIO,2
D-FIO-0017v287,o200k_base,toke,100,238,D-FIO,2
D-FIO-0017v332,o200k_base,toke,81,216,D-FIO,2
D-FIO-0017v335,o200k_base,toke,81,215,D-FIO,2
D-FIO-0017v347,o200k_base,toke,65,190,D-FIO,2
D-FIO-0017v376,o200k_base,toke,65,176,D-FIO,2
D-FIO-0017v90,o200k_base,toke,70,194,D-FIO,2
D-FIO-0018v100,o200k_base,toke,174,452,D-FIO,2
D-FIO-0018v126,o200k_base,toke,154,431,D-FIO,2
D-FIO-0018v148,o200k_base,toke,129,385,D-FIO,2
D-FIO-0018v151,o200k_base,toke,147,389,D-FIO,2
D-FIO-0018v225,o200k_base,toke,186,457,D-FIO,2
D-FIO-0018v3,o200k_base,toke,98,264,D-FIO,2
D-FIO-0018v6,o200k_base,toke,131,308,D-FIO,2
D-FIO-0018v63,o200k_base,toke,113,309,D-FIO,2
D-FIO-0018v92,o200k_base,toke,132,362,D-FIO,2
D-NET-0001v173,o200k_base,toke,84,210,D-NET,2
D-NET-0001v218,o200k_base,toke,86,214,D-NET,2
D-NET-0001v259,o200k_base,toke,65,203,D-NET,2
D-NET-0001v292,o200k_base,toke,67,198,D-NET,2
D-NET-0001v302,o200k_base,toke,131,301,D-NET,2
D-NET-0001v306,o200k_base,toke,90,226,D-NET,2
D-NET-0001v321,o200k_base,toke,73,188,D-NET,2
D-NET-0002v139,o200k_base,toke,95,269,D-NET,2
D-NET-0002v215,o200k_base,toke,161,417,D-NET,2
D-NET-0003v165,o200k_base,toke,163,398,D-NET,2
D-NET-0003v192,o200k_base,toke,153,382,D-NET,2
D-NET-0003v213,o200k_base,toke,212,529,D-NET,2
D-NET-0003v238,o200k_base,toke,248,640,D-NET,2
D-NET-0003v283,o200k_base,toke,184,459,D-NET,2
D-NET-0003v340,o200k_base,toke,180,509,D-NET,2
D-NET-0003v36,o200k_base,toke,132,350,D-NET,2
D-NET-0003v94,o200k_base,toke,159,408,D-NET,2
D-NET-0004v150,o200k_base,toke,158,387,D-NET,2
D-NET-0004v165,o200k_base,toke,140,370,D-NET,2
D-NET-0004v212,o200k_base,toke,154,406,D-NET,2
D-NET-0004v233,o200k_base,toke,105,258,D-NET,2
D-NET-0004v269,o200k_base,toke,128,330,D-NET,2
D-NET-0004v63,o200k_base,toke,134,332,D-NET,2
D-NET-0004v73,o200k_base,toke,170,456,D-NET,2
D-NET-0005v126,o200k_base,toke,85,225,D-NET,2
D-NET-0005v2,o200k_base,toke,89,248,D-NET,2
D-NET-0005v27,o200k_base,toke,85,229,D-NET,2
D-NET-0005v270,o200k_base,toke,81,215,D-NET,2
D-NET-0005v280,o200k_base,toke,87,248,D-NET,2
D-NET-0005v289,o200k_base,toke,82,203,D-NET,2
D-NET-0005v302,o200k_base,toke,101,261,D-NET,2
D-NET-0005v48,o200k_base,toke,87,246,D-NET,2
D-NET-0005v96,o200k_base,toke,79,214,D-NET,2
D-NET-0006v137,o200k_base,toke,119,294,D-NET,2
D-NET-0006v172,o200k_base,toke,137,352,D-NET,2
D-NET-0006v176,o200k_base,toke,162,402,D-NET,2
D-NET-0007v123,o200k_base,toke,108,266,D-NET,2
D-NET-0007v132,o200k_base,toke,121,302,D-NET,2
D-NET-0007v156,o200k_base,toke,109,285,D-NET,2
D-NET-0007v33,o200k_base,toke,111,262,D-NET,2
D-NET-0007v38,o200k_base,toke,127,295,D-NET,2
D-NET-0007v43,o200k_base,toke,135,324,D-NET,2
D-NET-0007v58,o200k_base,toke,123,296,D-NET,2
D-NET-0007v59,o200k_base,toke,131,316,D-NET,2
D-NET-0007v69,o200k_base,toke,107,260,D-NET,2
D-NET-0008v144,o200k_base,toke,170,447,D-NET,2
D-NET-0008v238,o200k_base,toke,137,373,D-NET,2
D-NET-0008v253,o200k_base,toke,151,426,D-NET,2
D-NET-0008v28,o200k_base,toke,129,356,D-NET,2
D-NET-0008v329,o200k_base,toke,180,451,D-NET,2
D-NET-0008v330,o200k_base,toke,128,337,D-NET,2
D-NET-0008v39,o200k_base,toke,138,364,D-NET,2
D-NET-0009v171,o200k_base,toke,94,259,D-NET,2
D-NET-0009v224,o200k_base,toke,88,248,D-NET,2
D-NET-0009v237,o200k_base,toke,77,192,D-NET,2
D-NET-0009v264,o200k_base,toke,84,236,D-NET,2
D-NET-0009v285,o200k_base,toke,99,270,D-NET,2
D-NET-0009v303,o200k_base,toke,102,248,D-NET,2
D-NET-0009v36,o200k_base,toke,113,292,D-NET,2
D-NET-0010v240,o200k_base,toke,82,206,D-NET,2
D-NET-0010v290,o200k_base,toke,76,197,D-NET,2
D-NET-0010v69,o200k_base,toke,74,185,D-NET,2
D-NET-0010v73,o200k_base,toke,89,216,D-NET,2
D-NET-0011v190,o200k_base,toke,96,239,D-NET,2
D-NET-0011v195,o200k_base,toke,114,297,D-NET,2
D-NET-0011v200,o200k_base,toke,113,305,D-NET,2
D-NET-0011v236,o200k_base,toke,97,245,D-NET,2
D-NET-0011v296,o200k_base,toke,100,253,D-NET,2
D-NET-0012v139,o200k_base,toke,116,316,D-NET,2
D-NET-0012v163,o200k_base,toke,99,272,D-NET,2
D-NET-0012v183,o200k_base,toke,100,237,D-NET,2
D-NET-0012v211,o200k_base,toke,110,274,D-NET,2
D-NET-0012v258,o200k_base,toke,114,300,D-NET,2
D-NET-0012v290,o200k_base,toke,99,272,D-NET,2
D-NET-0012v297,o200k_base,toke,104,257,D-NET,2
D-NET-0012v53,o200k_base,toke,122,297,D-NET,2
D-NET-0012v6,o200k_base,toke,126,296,D-NET,2
D-NET-0013v10,o200k_base,toke,120,327,D-NET,2
D-NET-0013v118,o200k_base,toke,116,298,D-NET,2
D-NET-0013v147,o200k_base,toke,107,272,D-NET,2
D-NET-0013v156,o200k_base,toke,111,293,D-NET,2
D-NET-0013v203,o200k_base,toke,113,283,D-NET,2
D-NET-0013v328,o200k_base,toke,96,247,D-NET,2
D-NET-0013v340,o200k_base,toke,104,242,D-NET,2
D-NET-0013v40,o200k_base,toke,80,189,D-NET,2
D-NET-0013v80,o200k_base,toke,103,256,D-NET,2
D-NET-0013v9,o200k_base,toke,108,268,D-NET,2
D-NET-0014v118,o200k_base,toke,101,297,D-NET,2
D-NET-0014v134,o200k_base,toke,115,279,D-NET,2
D-NET-0014v229,o200k_base,toke,90,248,D-NET,2
D-NET-0014v305,o200k_base,toke,99,244,D-NET,2
D-NET-0014v59,o200k_base,toke,119,315,D-NET,2
D-NET-0015v160,o200k_base,toke,101,242,D-NET,2
D-NET-0015v178,o200k_base,toke,83,197,D-NET,2
D-NET-0015v183,o200k_base,toke,105,249,D-NET,2
D-NET-0015v195,o200k_base,toke,105,277,D-NET,2
D-NET-0015v2,o200k_base,toke,77,181,D-NET,2
D-NET-0015v21,o200k_base,toke,89,215,D-NET,2
D-NET-0015v303,o200k_base,toke,90,228,D-NET,2
D-NET-0015v330,o200k_base,toke,97,232,D-NET,2
D-NET-0015v337,o200k_base,toke,95,240,D-NET,2
D-NET-0016v192,o200k_base,toke,173,427,D-NET,2
D-NET-0016v238,o200k_base,toke,225,544,D-NET,2
D-NET-0016v33,o200k_base,toke,176,455,D-NET,2
D-NET-0016v49,o200k_base,toke,199,476,D-NET,2
D-NET-0016v98,o200k_base,toke,251,617,D-NET,2
D-NET-0017v1,o200k_base,toke,89,205,D-NET,2
D-NET-0017v119,o200k_base,toke,58,175,D-NET,2
D-NET-0017v142,o200k_base,toke,86,251,D-NET,2
D-NET-0017v177,o200k_base,toke,90,239,D-NET,2
D-NET-0017v55,o200k_base,toke,67,193,D-NET,2
D-NET-0018v137,o200k_base,toke,84,248,D-NET,2
D-NET-0018v234,o200k_base,toke,69,205,D-NET,2
D-NET-0018v27,o200k_base,toke,127,308,D-NET,2
D-NET-0018v273,o200k_base,toke,137,310,D-NET,2
D-NET-0018v63,o200k_base,toke,75,222,D-NET,2
D-NET-0019v115,o200k_base,toke,135,357,D-NET,2
D-NET-0019v129,o200k_base,toke,88,225,D-NET,2
D-NET-0019v18,o200k_base,toke,118,304,D-NET,2
D-NET-0019v218,o200k_base,toke,115,286,D-NET,2
D-NET-0019v283,o200k_base,toke,90,255,D-NET,2
D-NET-0020v119,o200k_base,toke,125,351,D-NET,2
D-NET-0020v125,o200k_base,toke,153,372,D-NET,2
D-NET-0020v137,o200k_base,toke,161,447,D-NET,2
D-NET-0020v156,o200k_base,toke,139,352,D-NET,2
D-NET-0020v211,o200k_base,toke,133,374,D-NET,2
D-NET-0020v218,o200k_base,toke,161,454,D-NET,2
D-NET-0020v256,o200k_base,toke,173,409,D-NET,2
D-NET-0020v260,o200k_base,toke,124,356,D-NET,2
D-NET-0020v335,o200k_base,toke,124,342,D-NET,2
D-NET-0020v92,o200k_base,toke,158,405,D-NET,2
D-TST-0001v259,o200k_base,toke,105,242,D-TST,1
D-TST-0001v30,o200k_base,toke,114,255,D-TST,1
D-TST-0002v156,o200k_base,toke,91,228,D-TST,1
D-TST-0002v188,o200k_base,toke,100,247,D-TST,1
D-TST-0002v20,o200k_base,toke,83,204,D-TST,1
D-TST-0002v264,o200k_base,toke,106,258,D-TST,1
D-TST-0002v37,o200k_base,toke,90,213,D-TST,1
D-TST-0003v133,o200k_base,toke,88,197,D-TST,1
D-TST-0003v18,o200k_base,toke,103,267,D-TST,1
D-TST-0003v247,o200k_base,toke,89,211,D-TST,1
D-TST-0003v89,o200k_base,toke,98,236,D-TST,1
D-TST-0004v150,o200k_base,toke,96,218,D-TST,1
D-TST-0004v237,o200k_base,toke,72,166,D-TST,1
D-TST-0005v131,o200k_base,toke,106,252,D-TST,1
D-TST-0005v14,o200k_base,toke,78,177,D-TST,1
D-TST-0005v242,o200k_base,toke,104,245,D-TST,1
D-TST-0005v256,o200k_base,toke,75,181,D-TST,1
D-TST-0005v3,o200k_base,toke,110,263,D-TST,1
D-TST-0006v144,o200k_base,toke,99,246,D-TST,1
D-TST-0006v203,o200k_base,toke,118,286,D-TST,1
D-TST-0007v123,o200k_base,toke,102,295,D-TST,1
D-TST-0007v228,o200k_base,toke,101,266,D-TST,1
D-TST-0007v255,o200k_base,toke,70,173,D-TST,1
D-TST-0008v116,o200k_base,toke,133,323,D-TST,1
D-TST-0008v200,o200k_base,toke,75,192,D-TST,1
D-TST-0008v227,o200k_base,toke,79,202,D-TST,1
D-TST-0008v252,o200k_base,toke,95,253,D-TST,1
D-TST-0008v265,o200k_base,toke,110,294,D-TST,1
D-TST-0008v93,o200k_base,toke,91,250,D-TST,1
D-TST-0009v102,o200k_base,toke,139,366,D-TST,1
D-TST-0009v147,o200k_base,toke,109,268,D-TST,1
D-TST-0010v155,o200k_base,toke,114,300,D-TST,1
D-TST-0010v56,o200k_base,toke,101,246,D-TST,1
D-TST-0011v183,o200k_base,toke,103,230,D-TST,2
D-TST-0011v231,o200k_base,toke,95,248,D-TST,2
D-TST-0011v77,o200k_base,toke,71,180,D-TST,2
D-TST-0012v141,o200k_base,toke,102,215,D-TST,2
D-TST-0012v263,o200k_base,toke,175,398,D-TST,2
D-TST-0012v32,o200k_base,toke,107,232,D-TST,2
D-TST-0013v143,o200k_base,toke,105,229,D-TST,2
D-TST-0013v19,o200k_base,toke,104,225,D-TST,2
D-TST-0013v81,o200k_base,toke,172,383,D-TST,2
D-TST-0014v19,o200k_base,toke,157,392,D-TST,2
D-TST-0014v249,o200k_base,toke,167,411,D-TST,2
D-TST-0014v50,o200k_base,toke,111,242,D-TST,2
D-TST-0015v14,o200k_base,toke,131,277,D-TST,2
D-TST-0015v172,o200k_base,toke,193,459,D-TST,2
D-TST-0015v179,o200k_base,toke,191,437,D-TST,2
D-TST-0015v206,o200k_base,toke,204,457,D-TST,2
D-TST-0015v259,o200k_base,toke,181,439,D-TST,2
D-TST-0015v38,o200k_base,toke,235,563,D-TST,2
D-TST-0016v114,o200k_base,toke,118,265,D-TST,2
D-TST-0016v19,o200k_base,toke,172,411,D-TST,2
D-TST-0016v201,o200k_base,toke,171,383,D-TST,2
D-TST-0016v30,o200k_base,toke,140,306,D-TST,2
D-TST-0016v76,o200k_base,toke,189,465,D-TST,2
D-TST-0016v81,o200k_base,toke,115,239,D-TST,2
D-TST-0016v91,o200k_base,toke,223,565,D-TST,2
D-TST-0017v101,o200k_base,toke,104,239,D-TST,2
D-TST-0017v108,o200k_base,toke,86,204,D-TST,2
D-TST-0017v148,o200k_base,toke,75,216,D-TST,2
D-TST-0017v180,o200k_base,toke,82,199,D-TST,2
D-TST-0017v188,o200k_base,toke,76,219,D-TST,2
D-TST-0017v243,o200k_base,toke,78,224,D-TST,2
D-TST-0017v53,o200k_base,toke,79,212,D-TST,2
D-TST-0018v111,o200k_base,toke,97,228,D-TST,2
D-TST-0018v261,o200k_base,toke,124,295,D-TST,2
D-TST-0018v81,o200k_base,toke,109,251,D-TST,2
D-TST-0018v94,o200k_base,toke,99,228,D-TST,2
D-TST-0019v169,o200k_base,toke,116,300,D-TST,2
D-TST-0019v221,o200k_base,toke,106,274,D-TST,2
D-TST-0019v4,o200k_base,toke,105,255,D-TST,2
D-TST-0020v11,o200k_base,toke,98,237,D-TST,2
D-TST-0020v132,o200k_base,toke,123,302,D-TST,2
D-TST-0020v15,o200k_base,toke,89,205,D-TST,2
D-TST-0020v161,o200k_base,toke,118,281,D-TST,2
D-TST-0020v18,o200k_base,toke,119,301,D-TST,2
D-TST-0020v190,o200k_base,toke,124,289,D-TST,2
D-TST-0020v21,o200k_base,toke,94,215,D-TST,2
D-TST-0020v6,o200k_base,toke,141,312,D-TST,2
D-TST-0021,o200k_base,toke,114,298,D-TST,2
D-TST-0021v10,o200k_base,toke,115,300,D-TST,2
D-TST-0021v124,o200k_base,toke,120,307,D-TST,2
D-TST-0021v14,o200k_base,toke,164,417,D-TST,2
D-TST-0021v157,o200k_base,toke,121,307,D-TST,2
D-TST-0021v163,o200k_base,toke,128,334,D-TST,2
D-TST-0021v170,o200k_base,toke,119,296,D-TST,2
D-TST-0021v180,o200k_base,toke,111,282,D-TST,2
D-TST-0021v219,o200k_base,toke,94,230,D-TST,2
D-TST-0021v221,o200k_base,toke,112,275,D-TST,2
D-TST-0021v240,o200k_base,toke,97,233,D-TST,2
D-TST-0021v255,o200k_base,toke,89,206,D-TST,2
D-TST-0021v260,o200k_base,toke,102,251,D-TST,2
D-TST-0022v116,o200k_base,toke,68,175,D-TST,2
D-TST-0022v14,o200k_base,toke,80,172,D-TST,2
D-TST-0022v193,o200k_base,toke,75,171,D-TST,2
D-TST-0022v28,o200k_base,toke,72,176,D-TST,2
D-TST-0022v52,o200k_base,toke,70,175,D-TST,2
D-TST-0022v69,o200k_base,toke,66,158,D-TST,2
D-TST-0022v81,o200k_base,toke,78,196,D-TST,2
D-TST-0022v9,o200k_base,toke,78,185,D-TST,2
D-TST-0023v102,o200k_base,toke,84,223,D-TST,3
D-TST-0023v146,o200k_base,toke,76,210,D-TST,3
D-TST-0023v176,o200k_base,toke,81,212,D-TST,3
D-TST-0023v185,o200k_base,toke,75,177,D-TST,3
D-TST-0023v198,o200k_base,toke,90,226,D-TST,3
D-TST-0023v236,o200k_base,toke,107,275,D-TST,3
D-TST-0023v237,o200k_base,toke,69,179,D-TST,3
D-TST-0023v238,o200k_base,toke,70,168,D-TST,3
D-TST-0023v247,o200k_base,toke,66,169,D-TST,3
D-TST-0023v259,o200k_base,toke,102,279,D-TST,3
D-TST-0024v130,o200k_base,toke,94,250,D-TST,3
D-TST-0024v136,o200k_base,toke,88,221,D-TST,3
D-TST-0024v154,o200k_base,toke,103,261,D-TST,3
D-TST-0024v161,o200k_base,toke,92,229,D-TST,3
D-TST-0024v170,o200k_base,toke,87,244,D-TST,3
D-TST-0024v185,o200k_base,toke,99,234,D-TST,3
D-TST-0024v31,o200k_base,toke,88,230,D-TST,3
D-TST-0024v48,o200k_base,toke,81,207,D-TST,3
D-TST-0024v5,o200k_base,toke,77,191,D-TST,3
D-TST-0024v52,o200k_base,toke,84,234,D-TST,3
D-TST-0024v55,o200k_base,toke,78,225,D-TST,3
D-TST-0024v65,o200k_base,toke,95,247,D-TST,3
D-TST-0025v162,o200k_base,toke,181,518,D-TST,3
D-TST-0025v202,o200k_base,toke,188,523,D-TST,3
D-TST-0025v207,o200k_base,toke,142,389,D-TST,3
D-TST-0025v215,o200k_base,toke,202,563,D-TST,3
D-TST-0025v22,o200k_base,toke,92,228,D-TST,3
D-TST-0025v241,o200k_base,toke,144,352,D-TST,3
D-TST-0025v248,o200k_base,toke,179,462,D-TST,3
D-TST-0025v256,o200k_base,toke,253,643,D-TST,3
D-TST-0025v73,o200k_base,toke,107,243,D-TST,3
D-TST-0025v85,o200k_base,toke,167,461,D-TST,3
D-TST-0025v95,o200k_base,toke,196,593,D-TST,3
D-WEB-0001v116,o200k_base,toke,128,323,D-WEB,2
D-WEB-0001v172,o200k_base,toke,132,328,D-WEB,2
D-WEB-0001v230,o200k_base,toke,136,336,D-WEB,2
D-WEB-0001v236,o200k_base,toke,126,315,D-WEB,2
D-WEB-0001v58,o200k_base,toke,122,355,D-WEB,2
D-WEB-0001v71,o200k_base,toke,119,304,D-WEB,2
D-WEB-0003v114,o200k_base,toke,72,179,D-WEB,2
D-WEB-0003v128,o200k_base,toke,119,322,D-WEB,2
D-WEB-0003v137,o200k_base,toke,87,229,D-WEB,2
D-WEB-0003v141,o200k_base,toke,118,292,D-WEB,2
D-WEB-0004v10,o200k_base,toke,157,425,D-WEB,2
D-WEB-0004v143,o200k_base,toke,116,305,D-WEB,2
D-WEB-0004v2,o200k_base,toke,110,281,D-WEB,2
D-WEB-0004v252,o200k_base,toke,126,329,D-WEB,2
D-WEB-0005v24,o200k_base,toke,180,447,D-WEB,3
D-WEB-0005v248,o200k_base,toke,171,435,D-WEB,3
D-WEB-0005v5,o200k_base,toke,213,563,D-WEB,3
D-WEB-0005v63,o200k_base,toke,131,350,D-WEB,3
D-WEB-0005v65,o200k_base,toke,190,475,D-WEB,3
D-WEB-0006v128,o200k_base,toke,87,205,D-WEB,3
D-WEB-0006v148,o200k_base,toke,124,309,D-WEB,3
D-WEB-0006v16,o200k_base,toke,137,365,D-WEB,3
D-WEB-0006v177,o200k_base,toke,137,312,D-WEB,3
D-WEB-0006v179,o200k_base,toke,122,281,D-WEB,3
D-WEB-0006v190,o200k_base,toke,102,247,D-WEB,3
D-WEB-0006v222,o200k_base,toke,89,241,D-WEB,3
D-WEB-0006v224,o200k_base,toke,137,341,D-WEB,3
D-WEB-0006v6,o200k_base,toke,144,368,D-WEB,3
D-WEB-0007v12,o200k_base,toke,107,272,D-WEB,3
D-WEB-0007v177,o200k_base,toke,123,338,D-WEB,3
D-WEB-0007v193,o200k_base,toke,111,260,D-WEB,3
D-WEB-0007v207,o200k_base,toke,98,232,D-WEB,3
D-WEB-0007v70,o200k_base,toke,100,246,D-WEB,3
D-WEB-0008v102,o200k_base,toke,161,386,D-WEB,3
D-WEB-0008v139,o200k_base,toke,149,354,D-WEB,3
D-WEB-0008v147,o200k_base,toke,231,552,D-WEB,3
D-WEB-0008v15,o200k_base,toke,74,196,D-WEB,3
D-WEB-0008v172,o200k_base,toke,95,279,D-WEB,3
D-WEB-0008v209,o200k_base,toke,158,443,D-WEB,3
D-WEB-0008v75,o200k_base,toke,89,212,D-WEB,3
D-WEB-0008v93,o200k_base,toke,159,390,D-WEB,3
D-WEB-0009v1,o200k_base,toke,92,230,D-WEB,2
D-WEB-0009v107,o200k_base,toke,96,258,D-WEB,2
D-WEB-0009v138,o200k_base,toke,184,404,D-WEB,2
D-WEB-0009v198,o200k_base,toke,83,207,D-WEB,2
D-WEB-0010v178,o200k_base,toke,73,208,D-WEB,2
D-WEB-0010v208,o200k_base,toke,65,154,D-WEB,2
D-WEB-0010v217,o200k_base,toke,71,158,D-WEB,2
D-WEB-0010v29,o200k_base,toke,93,259,D-WEB,2
D-WEB-0010v84,o200k_base,toke,84,248,D-WEB,2
D-WEB-0010v87,o200k_base,toke,67,193,D-WEB,2
D-WEB-0011v170,o200k_base,toke,109,249,D-WEB,2
D-WEB-0012v125,o200k_base,toke,62,145,D-WEB,2
D-WEB-0012v178,o200k_base,toke,99,276,D-WEB,2
D-WEB-0013v242,o200k_base,toke,233,539,D-WEB,2
D-WEB-0013v35,o200k_base,toke,137,358,D-WEB,2
D-WEB-0013v41,o200k_base,toke,140,323,D-WEB,2
D-WEB-0013v47,o200k_base,toke,126,296,D-WEB,2
D-WEB-0013v6,o200k_base,toke,82,209,D-WEB,2
D-WEB-0013v63,o200k_base,toke,130,319,D-WEB,2
D-WEB-0013v74,o200k_base,toke,140,302,D-WEB,2
D-WEB-0013v76,o200k_base,toke,82,220,D-WEB,2
D-WEB-0013v97,o200k_base,toke,139,283,D-WEB,2
D-WEB-0014v139,o200k_base,toke,79,229,D-WEB,2
D-WEB-0014v181,o200k_base,toke,76,182,D-WEB,2
D-WEB-0014v222,o200k_base,toke,79,240,D-WEB,2
D-WEB-0014v228,o200k_base,toke,65,188,D-WEB,2
D-WEB-0014v232,o200k_base,toke,79,192,D-WEB,2
D-WEB-0014v62,o200k_base,toke,118,299,D-WEB,2
D-WEB-0014v85,o200k_base,toke,60,180,D-WEB,2
D-WEB-0015v183,o200k_base,toke,83,217,D-WEB,2
D-WEB-0015v230,o200k_base,toke,149,384,D-WEB,2
D-WEB-0015v236,o200k_base,toke,97,243,D-WEB,2
D-WEB-0015v38,o200k_base,toke,93,223,D-WEB,2
D-WEB-0015v94,o200k_base,toke,75,178,D-WEB,2
D-WEB-0016v120,o200k_base,toke,80,199,D-WEB,2
D-WEB-0016v194,o200k_base,toke,74,182,D-WEB,2
D-WEB-0016v253,o200k_base,toke,66,149,D-WEB,2
D-WEB-0016v4,o200k_base,toke,76,189,D-WEB,2
D-WEB-0016v46,o200k_base,toke,78,187,D-WEB,2
D-WEB-0016v87,o200k_base,toke,78,197,D-WEB,2
D-WEB-0017v25,o200k_base,toke,118,296,D-WEB,2
D-WEB-0017v44,o200k_base,toke,90,244,D-WEB,2
D-WEB-0017v73,o200k_base,toke,88,210,D-WEB,2
D-WEB-0018v10,o200k_base,toke,71,171,D-WEB,2
D-WEB-0018v119,o200k_base,toke,87,226,D-WEB,2
D-WEB-0018v142,o200k_base,toke,87,223,D-WEB,2
D-WEB-0018v145,o200k_base,toke,97,263,D-WEB,2
D-WEB-0018v247,o200k_base,toke,78,189,D-WEB,2
D-WEB-0018v65,o200k_base,toke,97,234,D-WEB,2
D-WEB-0018v68,o200k_base,toke,110,306,D-WEB,2
D-WEB-0019v133,o200k_base,toke,58,132,D-WEB,2
D-WEB-0019v182,o200k_base,toke,59,140,D-WEB,2
D-WEB-0019v67,o200k_base,toke,62,152,D-WEB,2
D-WEB-0020v105,o200k_base,toke,90,205,D-WEB,2
D-WEB-0020v109,o200k_base,toke,79,211,D-WEB,2
D-WEB-0020v177,o200k_base,toke,50,112,D-WEB,2
D-WEB-0021v12,o200k_base,toke,90,227,D-WEB,2
D-WEB-0021v123,o200k_base,toke,72,222,D-WEB,2
D-WEB-0021v125,o200k_base,toke,68,159,D-WEB,2
D-WEB-0021v180,o200k_base,toke,88,224,D-WEB,2
D-WEB-0021v29,o200k_base,toke,62,168,D-WEB,2
D-WEB-0021v4,o200k_base,toke,82,197,D-WEB,2
D-WEB-0021v70,o200k_base,toke,111,296,D-WEB,2
D-WEB-0021v92,o200k_base,toke,77,199,D-WEB,2
D-WEB-0022v119,o200k_base,toke,63,197,D-WEB,2
D-WEB-0022v183,o200k_base,toke,78,237,D-WEB,2
D-WEB-0022v222,o200k_base,toke,70,203,D-WEB,2
D-WEB-0023v91,o200k_base,toke,113,284,D-WEB,2
D-WEB-0023v97,o200k_base,toke,71,186,D-WEB,2
D-WEB-0024v108,o200k_base,toke,84,209,D-WEB,2
D-WEB-0024v220,o200k_base,toke,74,211,D-WEB,2
D-WEB-0024v27,o200k_base,toke,111,316,D-WEB,2
D-WEB-0025v139,o200k_base,toke,125,347,D-WEB,3
D-WEB-0025v192,o200k_base,toke,111,302,D-WEB,3
D-WEB-0025v199,o200k_base,toke,137,353,D-WEB,3
D-WEB-0025v30,o200k_base,toke,143,351,D-WEB,3
D-WEB-0025v89,o200k_base,toke,143,383,D-WEB,3
D-WEB-0026v187,o200k_base,toke,120,340,D-WEB,3
D-WEB-0026v205,o200k_base,toke,76,223,D-WEB,3
D-WEB-0026v217,o200k_base,toke,69,199,D-WEB,3
D-WEB-0026v238,o200k_base,toke,164,410,D-WEB,3
D-WEB-0026v28,o200k_base,toke,145,402,D-WEB,3
D-WEB-0026v96,o200k_base,toke,57,156,D-WEB,3
D-WEB-0027v173,o200k_base,toke,96,254,D-WEB,3
D-WEB-0027v182,o200k_base,toke,93,221,D-WEB,3
D-WEB-0027v241,o200k_base,toke,86,216,D-WEB,3
MIG-B-D-CFG-0013v334-2f9e09c6,o200k_base,toke,185,478,D-CFG,2
MIG-B-D-CFG-0015v338-0c7d6653,o200k_base,toke,155,390,D-CFG,2
MIG-B-D-CLI-0013v279-c2e9fb64,o200k_base,toke,122,271,D-CLI,2
MIG-B-D-CRY-0009v250-d8b6ddd9,o200k_base,toke,56,122,D-CRY,2
MIG-B-D-CRY-0020v230-784b9394,o200k_base,toke,115,233,D-CRY,2
MIG-B-D-DAT-0011v241-abe6727f,o200k_base,toke,77,185,D-DAT,2
MIG-B-D-NET-0019v330-7a853f80,o200k_base,toke,204,519,D-NET,2
MIG-B-D-WEB-0004v237-bfa34332,o200k_base,toke,327,747,D-WEB,2
MIG-B-D-WEB-0015v234-dc2f99e3,o200k_base,toke,43,103,D-WEB,2
MIG-B-D-WEB-0026v228-b74d7296,o200k_base,toke,82,213,D-WEB,2
MIG-P2-A-A-ARR-0008v23-ae88119c,o200k_base,toke,67,150,A-ARR,2
MIG-P2-A-A-ARR-0019v13-3d367c21,o200k_base,toke,51,133,A-ARR,2
MIG-P2-A-A-ARR-0019v4-5e28336f,o200k_base,toke,56,149,A-ARR,2
MIG-P2-A-A-ARR-0019v8-2eaaa735,o200k_base,toke,52,140,A-ARR,2
MIG-P2-A-A-ARR-0021v30-c15769ff,o200k_base,toke,58,148,A-ARR,2
MIG-P2-A-A-ARR-0022v37-de4fbe4a,o200k_base,toke,51,134,A-ARR,2
MIG-P2-A-A-ARR-0023v23-e8274f00,o200k_base,toke,56,122,A-ARR,2
MIG-P2-A-A-ARR-0023v3-3c505ac3,o200k_base,toke,49,105,A-ARR,2
MIG-P2-A-A-ARR-0030v36-e678a533,o200k_base,toke,70,186,A-ARR,2
MIG-P2-A-A-ARR-0037v3-9abdcbad,o200k_base,toke,60,133,A-ARR,2
MIG-P2-A-A-ARR-0043v12-154fffbd,o200k_base,toke,74,191,A-ARR,2
MIG-P2-A-A-ARR-0045v32-9af55752,o200k_base,toke,66,144,A-ARR,2
MIG-P2-A-A-ARR-0046v19-13f13762,o200k_base,toke,152,349,A-ARR,2
MIG-P2-A-A-ARR-0046v24-dc98b531,o200k_base,toke,68,160,A-ARR,2
MIG-P2-A-A-ARR-0053v13-e347d91b,o200k_base,toke,85,231,A-ARR,2
MIG-P2-A-A-ARR-0088v34-cb00cec3,o200k_base,toke,159,433,A-ARR,2
MIG-P2-A-A-ARR-0096v20-1f0ac9b4,o200k_base,toke,106,257,A-ARR,2
MIG-P2-A-A-ARR-0110v26-252adcd9,o200k_base,toke,86,207,A-ARR,2
MIG-P2-A-A-ARR-0118v25-0c4bf30d,o200k_base,toke,63,134,A-ARR,2
MIG-P2-A-A-CND-0019v52-f1a11ceb,o200k_base,toke,67,173,A-CND,2
MIG-P2-A-A-CND-0021v8-0d4d7403,o200k_base,toke,23,45,A-CND,2
MIG-P2-A-A-CND-0021v9-241e94a7,o200k_base,toke,37,82,A-CND,2
MIG-P2-A-A-CND-0032v19-15802cc1,o200k_base,toke,26,65,A-CND,2
MIG-P2-A-A-CND-0032v58-07ed9fc4,o200k_base,toke,45,113,A-CND,2
MIG-P2-A-A-CND-0034v59-07537151,o200k_base,toke,26,71,A-CND,2
MIG-P2-A-A-CND-0035v52-d4847f10,o200k_base,toke,86,267,A-CND,2
MIG-P2-A-A-CND-0039v18-7b71273a,o200k_base,toke,66,148,A-CND,2
MIG-P2-A-A-CND-0044v13-2380a8e3,o200k_base,toke,117,247,A-CND,2
MIG-P2-A-A-CND-0051v1-5c505ede,o200k_base,toke,94,156,A-CND,2
MIG-P2-A-A-CND-0051v38-9ea196b9,o200k_base,toke,99,178,A-CND,2
MIG-P2-A-A-CND-0078v23-18671631,o200k_base,toke,86,193,A-CND,2
MIG-P2-A-A-CND-0097v24-25d4955c,o200k_base,toke,51,114,A-CND,2
MIG-P2-A-A-MTH-0004v39-49269e9b,o200k_base,toke,45,116,A-MTH,2
MIG-P2-A-A-MTH-0037v23-24c04434,o200k_base,toke,45,128,A-MTH,2
MIG-P2-A-A-MTH-0039v21-19d018a1,o200k_base,toke,18,37,A-MTH,2
MIG-P2-A-A-MTH-0039v4-404e4422,o200k_base,toke,32,70,A-MTH,2
MIG-P2-A-A-MTH-0040v26-08958192,o200k_base,toke,57,135,A-MTH,2
MIG-P2-A-A-MTH-0042v42-b246a5bd,o200k_base,toke,54,129,A-MTH,2
MIG-P2-A-A-MTH-0047v46-410872d5,o200k_base,toke,79,156,A-MTH,2
MIG-P2-A-A-MTH-0048v28-b6993bae,o200k_base,toke,148,286,A-MTH,2
MIG-P2-A-A-MTH-0050v45-a689613c,o200k_base,toke,83,172,A-MTH,2
MIG-P2-A-A-MTH-0063v45-aeefdf19,o200k_base,toke,90,239,A-MTH,2
MIG-P2-A-A-MTH-0068v20-6618397e,o200k_base,toke,150,396,A-MTH,2
MIG-P2-A-A-MTH-0069v19-695e76dc,o200k_base,toke,74,175,A-MTH,2
MIG-P2-A-A-MTH-0072v42-c8d759e2,o200k_base,toke,64,146,A-MTH,2
MIG-P2-A-A-MTH-0083v2-627dd976,o200k_base,toke,94,171,A-MTH,2
MIG-P2-A-A-MTH-0085v18-2cfb7d84,o200k_base,toke,92,202,A-MTH,2
MIG-P2-A-A-MTH-0086v7-8f36e7b8,o200k_base,toke,46,96,A-MTH,2
MIG-P2-A-A-MTH-0108v13-3cb3cc13,o200k_base,toke,111,223,A-MTH,2
MIG-P2-A-A-MTH-0108v16-9047b806,o200k_base,toke,98,195,A-MTH,2
MIG-P2-A-A-MTH-0116v26-1fd6fb1a,o200k_base,toke,53,102,A-MTH,2
MIG-P2-A-A-SRT-0003v19-3b9be894,o200k_base,toke,119,321,A-SRT,2
MIG-P2-A-A-SRT-0006v56-e6aa959b,o200k_base,toke,129,357,A-SRT,2
MIG-P2-A-A-SRT-0007v39-4ba3035e,o200k_base,toke,106,249,A-SRT,2
MIG-P2-A-A-SRT-0020v53-ec8dd469,o200k_base,toke,150,365,A-SRT,2
MIG-P2-A-A-SRT-0023v4-0062cf5a,o200k_base,toke,56,122,A-SRT,2
MIG-P2-A-A-SRT-0023v60-c30f8c00,o200k_base,toke,60,144,A-SRT,2
MIG-P2-A-A-SRT-0024v49-af6234f8,o200k_base,toke,47,101,A-SRT,2
MIG-P2-A-A-SRT-0024v58-20099721,o200k_base,toke,51,117,A-SRT,2
MIG-P2-A-A-SRT-0025v16-1d3bf000,o200k_base,toke,73,181,A-SRT,2
MIG-P2-A-A-SRT-0029v48-7d3bc71a,o200k_base,toke,118,242,A-SRT,2
MIG-P2-A-A-SRT-0040v18-70357253,o200k_base,toke,150,372,A-SRT,2
MIG-P2-A-A-SRT-0065v2-1a9f9974,o200k_base,toke,92,201,A-SRT,2
MIG-P2-A-A-SRT-0066v19-eb81fcb7,o200k_base,toke,155,365,A-SRT,2
MIG-P2-A-A-SRT-0084v17-44ea7a4a,o200k_base,toke,184,416,A-SRT,2
MIG-P2-A-A-SRT-0098v27-f911f1fc,o200k_base,toke,122,273,A-SRT,2
MIG-P2-A-A-STR-0003v11-d23bf18e,o200k_base,toke,123,331,A-STR,2
MIG-P2-A-A-STR-0027v82-517bed3c,o200k_base,toke,27,66,A-STR,2
MIG-P2-A-A-STR-0028v78-0e07a50c,o200k_base,toke,142,374,A-STR,2
MIG-P2-A-A-STR-0030v56-e095c21a,o200k_base,toke,131,329,A-STR,2
MIG-P2-A-A-STR-0032v34-1c7e052f,o200k_base,toke,34,76,A-STR,2
MIG-P2-A-A-STR-0033v32-244d6ffc,o200k_base,toke,102,242,A-STR,2
MIG-P2-A-A-STR-0046v37-5a720218,o200k_base,toke,116,295,A-STR,2
MIG-P2-A-A-STR-0052v35-8e4b0988,o200k_base,toke,103,247,A-STR,2
MIG-P2-A-A-STR-0056v1-0c1b6949,o200k_base,toke,89,222,A-STR,2
MIG-P2-A-A-STR-0066v11-2b170eef,o200k_base,toke,252,635,A-STR,2
MIG-P2-A-A-STR-0070v15-2feca867,o200k_base,toke,163,404,A-STR,2
MIG-P2-A-A-STR-0074v7-4696e45d,o200k_base,toke,118,306,A-STR,2
MIG-P2-A-A-STR-0077v20-cbaead5a,o200k_base,toke,117,308,A-STR,2
MIG-P2-A-A-STR-0089v30-08ec95b3,o200k_base,toke,89,222,A-STR,2
MIG-P2-B-D-CFG-0003v306-8f80e8fb,o200k_base,toke,115,286,D-CFG,2
MIG-P2-B-D-CFG-0004v303-01e53bc8,o200k_base,toke,48,135,D-CFG,2
MIG-P2-B-D-CFG-0004v305-76249577,o200k_base,toke,65,136,D-CFG,2
MIG-P2-B-D-CFG-0004v359-b5e6239f,o200k_base,toke,76,170,D-CFG,2
MIG-P2-B-D-CFG-0005v353-e1a5e3c3,o200k_base,toke,74,161,D-CFG,2
MIG-P2-B-D-CFG-0006v309-dbfc914d,o200k_base,toke,112,246,D-CFG,2
MIG-P2-B-D-CFG-0006v321-78fa5c0b,o200k_base,toke,81,196,D-CFG,2
MIG-P2-B-D-CFG-0007v352-0f6e22a3,o200k_base,toke,105,259,D-CFG,2
MIG-P2-B-D-CFG-0009v325-467d8fd6,o200k_base,toke,30,57,D-CFG,2
MIG-P2-B-D-CFG-0009v355-d2eb8205,o200k_base,toke,55,139,D-CFG,2
MIG-P2-B-D-CFG-0014v360-17471713,o200k_base,toke,98,234,D-CFG,2
MIG-P2-B-D-CFG-0015v293-32e2b410,o200k_base,toke,101,230,D-CFG,2
MIG-P2-B-D-CFG-0015v326-4bbca610,o200k_base,toke,51,136,D-CFG,2
MIG-P2-B-D-CFG-0015v358-137b329a,o200k_base,toke,126,259,D-CFG,2
MIG-P2-B-D-CFG-0016v322-52d734a6,o200k_base,toke,65,138,D-CFG,2
MIG-P2-B-D-CFG-0016v331-1cb9caf9,o200k_base,toke,71,152,D-CFG,2
MIG-P2-B-D-CFG-0017v317-a2d78110,o200k_base,toke,88,197,D-CFG,2
MIG-P2-B-D-CFG-0017v354-af88686b,o200k_base,toke,71,149,D-CFG,2
MIG-P2-B-D-CFG-0017v361-09adc8ec,o200k_base,toke,81,160,D-CFG,2
MIG-P2-B-D-CFG-0018v339-9d0216cd,o200k_base,toke,66,136,D-CFG,2
MIG-P2-B-D-CFG-0018v347-4a6e4aba,o200k_base,toke,111,251,D-CFG,2
MIG-P2-B-D-CLI-0005v238-79c32f52,o200k_base,toke,133,275,D-CLI,2
MIG-P2-B-D-CLI-0006v234-0bce5989,o200k_base,toke,53,129,D-CLI,2
MIG-P2-B-D-CLI-0007v283-d0929b7c,o200k_base,toke,112,250,D-CLI,2
MIG-P2-B-D-CLI-0008v234-e295ddbc,o200k_base,toke,216,448,D-CLI,2
MIG-P2-B-D-CLI-0009v255-57d2b57e,o200k_base,toke,76,189,D-CLI,2
MIG-P2-B-D-CLI-0010v265-0089a60a,o200k_base,toke,90,234,D-CLI,2
MIG-P2-B-D-CLI-0013v238-81d3a3f8,o200k_base,toke,118,292,D-CLI,2
MIG-P2-B-D-CLI-0013v280-21f5adca,o200k_base,toke,138,307,D-CLI,2
MIG-P2-B-D-CLI-0014v274-592e1717,o200k_base,toke,162,374,D-CLI,2
MIG-P2-B-D-CLI-0016v270-3025e72b,o200k_base,toke,36,88,D-CLI,2
MIG-P2-B-D-CLI-0016v278-ae52b8ba,o200k_base,toke,49,116,D-CLI,2
MIG-P2-B-D-CLI-0016v282-bdf817f1,o200k_base,toke,45,104,D-CLI,2
MIG-P2-B-D-CLI-0017v274-ed94674e,o200k_base,toke,49,117,D-CLI,2
MIG-P2-B-D-CLI-0018v270-e718052b,o200k_base,toke,221,482,D-CLI,2
MIG-P2-B-D-CLI-0022v265-5cbbd599,o200k_base,toke,58,108,D-CLI,2
MIG-P2-B-D-CLI-0024v241-103fab47,o200k_base,toke,31,61,D-CLI,2
MIG-P2-B-D-CRY-0003v261-698bf164,o200k_base,toke,137,284,D-CRY,2
MIG-P2-B-D-CRY-0006v232-990b7eb9,o200k_base,toke,87,183,D-CRY,2
MIG-P2-B-D-CRY-0006v249-cc82b861,o200k_base,toke,66,179,D-CRY,2
MIG-P2-B-D-CRY-0006v280-f8103207,o200k_base,toke,119,282,D-CRY,2
MIG-P2-B-D-CRY-0008v232-1c78e288,o200k_base,toke,76,152,D-CRY,2
MIG-P2-B-D-CRY-0008v235-64734bfb,o200k_base,toke,110,257,D-CRY,2
MIG-P2-B-D-CRY-0008v266-500af4a7,o200k_base,toke,99,251,D-CRY,2
MIG-P2-B-D-CRY-0008v284-3c28ddd2,o200k_base,toke,132,305,D-CRY,2
MIG-P2-B-D-CRY-0011v261-0ef0fb1b,o200k_base,toke,66,151,D-CRY,2
MIG-P2-B-D-CRY-0011v265-5aab77e7,o200k_base,toke,36,81,D-CRY,2
MIG-P2-B-D-CRY-0012v248-a45f9e25,o200k_base,toke,44,98,D-CRY,2
MIG-P2-B-D-CRY-0015v233-7b8394f7,o200k_base,toke,82,186,D-CRY,2
MIG-P2-B-D-CRY-0018v267-ec102dd0,o200k_base,toke,89,206,D-CRY,2
MIG-P2-B-D-CRY-0023v273-be7b4a51,o200k_base,toke,70,146,D-CRY,2
MIG-P2-B-D-CRY-0024v231-ef799997,o200k_base,toke,78,195,D-CRY,2
MIG-P2-B-D-CRY-0024v250-de2d5cc8,o200k_base,toke,76,209,D-CRY,2
MIG-P2-B-D-DAT-0002v215-795c142a,o200k_base,toke,124,374,D-DAT,2
MIG-P2-B-D-DAT-0002v226-bdc6ac15,o200k_base,toke,48,134,D-DAT,2
MIG-P2-B-D-DAT-0002v233-6953d039,o200k_base,toke,115,261,D-DAT,2
MIG-P2-B-D-DAT-0008v219-afca7ba9,o200k_base,toke,81,194,D-DAT,2
MIG-P2-B-D-DAT-0011v260-4218a520,o200k_base,toke,68,187,D-DAT,2
MIG-P2-B-D-DAT-0012v260-40d6e501,o200k_base,toke,45,110,D-DAT,2
MIG-P2-B-D-DAT-0016v231-9c55c629,o200k_base,toke,82,228,D-DAT,2
MIG-P2-B-D-DAT-0016v249-a406dfc4,o200k_base,toke,41,82,D-DAT,2
MIG-P2-B-D-DAT-0022v214-5129e0d9,o200k_base,toke,192,414,D-DAT,2
MIG-P2-B-D-DAT-0024v225-21f80817,o200k_base,toke,67,161,D-DAT,2
MIG-P2-B-D-FIO-0002v379-199aa5a0,o200k_base,toke,90,220,D-FIO,2
MIG-P2-B-D-FIO-0005v352-8fabc9a6,o200k_base,toke,77,154,D-FIO,2
MIG-P2-B-D-FIO-0006v376-09e089e5,o200k_base,toke,55,123,D-FIO,2
MIG-P2-B-D-FIO-0007v319-7305c7e8,o200k_base,toke,114,269,D-FIO,2
MIG-P2-B-D-FIO-0007v379-20b5f9c7,o200k_base,toke,59,138,D-FIO,2
MIG-P2-B-D-FIO-0010v320-88acb6f9,o200k_base,toke,43,105,D-FIO,2
MIG-P2-B-D-FIO-0010v374-f2afddb2,o200k_base,toke,122,327,D-FIO,2
MIG-P2-B-D-FIO-0011v355-7b964ad5,o200k_base,toke,117,255,D-FIO,2
MIG-P2-B-D-FIO-0012v318-8e9820e8,o200k_base,toke,130,319,D-FIO,2
MIG-P2-B-D-FIO-0013v310-85110f2e,o200k_base,toke,172,399,D-FIO,2
MIG-P2-B-D-FIO-0013v313-5e9cf1fb,o200k_base,toke,109,262,D-FIO,2
MIG-P2-B-D-FIO-0013v374-e5b44242,o200k_base,toke,62,160,D-FIO,2
MIG-P2-B-D-FIO-0014v336-72972580,o200k_base,toke,89,218,D-FIO,2
MIG-P2-B-D-FIO-0014v362-e89d5150,o200k_base,toke,121,334,D-FIO,2
MIG-P2-B-D-FIO-0016v371-ba28ac96,o200k_base,toke,82,169,D-FIO,2
MIG-P2-B-D-FIO-0018v312-63f385af,o200k_base,toke,53,142,D-FIO,2
MIG-P2-B-D-FIO-0018v331-bd4e61c9,o200k_base,toke,211,530,D-FIO,2
MIG-P2-B-D-NET-0001v310-54f88a7b,o200k_base,toke,100,253,D-NET,2
MIG-P2-B-D-NET-0003v281-faca71e6,o200k_base,toke,145,278,D-NET,2
MIG-P2-B-D-NET-0004v342-8aadac55,o200k_base,toke,204,522,D-NET,2
MIG-P2-B-D-NET-0006v301-8935d440,o200k_base,toke,165,390,D-NET,2
MIG-P2-B-D-NET-0006v328-3e70884f,o200k_base,toke,160,384,D-NET,2
MIG-P2-B-D-NET-0011v282-f9c0c6a9,o200k_base,toke,180,440,D-NET,2
MIG-P2-B-D-NET-0011v320-804c83b1,o200k_base,toke,93,185,D-NET,2
MIG-P2-B-D-NET-0013v313-1073206f,o200k_base,toke,61,167,D-NET,2
MIG-P2-B-D-NET-0013v322-c854f5f5,o200k_base,toke,70,197,D-NET,2
MIG-P2-B-D-NET-0013v329-939624dc,o200k_base,toke,137,345,D-NET,2
MIG-P2-B-D-NET-0015v325-843708ad,o200k_base,toke,28,46,D-NET,2
MIG-P2-B-D-NET-0017v319-2eece785,o200k_base,toke,31,66,D-NET,2
MIG-P2-B-D-NET-0018v322-ae4d934a,o200k_base,toke,116,279,D-NET,2
MIG-P2-B-D-NET-0020v316-7d750f1c,o200k_base,toke,92,235,D-NET,2
MIG-P2-B-D-NET-0020v342-34df5d4e,o200k_base,toke,162,379,D-NET,2
MIG-P2-B-D-TST-0002v250-cbd4628c,o200k_base,toke,48,109,D-TST,2
MIG-P2-B-D-TST-0002v265-acfe291b,o200k_base,toke,23,44,D-TST,2
MIG-P2-B-D-TST-0002v270-db71ba13,o200k_base,toke,88,193,D-TST,2
MIG-P2-B-D-TST-0003v245-622ce171,o200k_base,toke,152,351,D-TST,2
MIG-P2-B-D-TST-0004v242-2e8154bf,o200k_base,toke,36,94,D-TST,2
MIG-P2-B-D-TST-0007v272-bb002a3e,o200k_base,toke,36,82,D-TST,2
MIG-P2-B-D-TST-0015v268-801bc724,o200k_base,toke,102,234,D-TST,2
MIG-P2-B-D-TST-0019v245-0707d0f2,o200k_base,toke,57,134,D-TST,2
MIG-P2-B-D-TST-0019v257-16c417b7,o200k_base,toke,71,143,D-TST,2
MIG-P2-B-D-TST-0021v268-b52bd1bc,o200k_base,toke,69,172,D-TST,2
MIG-P2-B-D-TST-0022v254-6bee1db8,o200k_base,toke,31,60,D-TST,2
MIG-P2-B-D-TST-0023v242-fa54d782,o200k_base,toke,40,98,D-TST,2
MIG-P2-B-D-WEB-0002v213-797460ee,o200k_base,toke,156,395,D-WEB,2
MIG-P2-B-D-WEB-0007v243-5e0cbdbf,o200k_base,toke,139,301,D-WEB,2
MIG-P2-B-D-WEB-0008v232-da6994f4,o200k_base,toke,102,236,D-WEB,2
MIG-P2-B-D-WEB-0008v246-78fe17d1,o200k_base,toke,100,235,D-WEB,2
MIG-P2-B-D-WEB-0010v251-0751b4cc,o200k_base,toke,48,140,D-WEB,2
MIG-P2-B-D-WEB-0011v214-77df7b1e,o200k_base,toke,120,259,D-WEB,2
MIG-P2-B-D-WEB-0014v206-9dd1dd17,o200k_base,toke,185,393,D-WEB,2
MIG-P2-B-D-WEB-0015v227-65b0fef3,o200k_base,toke,116,245,D-WEB,2
MIG-P2-B-D-WEB-0020v249-b7da0e52,o200k_base,toke,85,209,D-WEB,2
MIG-P2-B-D-WEB-0022v232-55baa0ea,o200k_base,toke,87,181,D-WEB,2
MIG-P2-B-D-WEB-0024v212-8082c866,o200k_base,toke,100,233,D-WEB,2
MIG-P2-B-D-WEB-0027v235-e7acc931,o200k_base,toke,34,75,D-WEB,2
